url,straat,huisnummer,postcode,plaats,wijk,Vraagprijs,Vraagprijs per m²,Status,Soort woonhuis,Soort bouw,Bouwjaar,Specifiek,Soort dak,Gebruiksoppervlakten,Wonen,Overige inpandige ruimte,Gebouwgebonden buitenruimte,Externe bergruimte,Perceel,Inhoud,Aantal kamers,Aantal badkamers,Badkamervoorzieningen,Aantal woonlagen,Voorzieningen,Energielabel,Isolatie,Verwarming,Warm water,Oppervlakte,Eigendomssituatie,Ligging,Tuin,Achtertuin,Ligging tuin,Schuur/berging,Soort parkeergelegenheid,Inwoners,Gezin met kinderen,Gem. vraagprijs / m²,Keurmerken,Cv-ketel,Soort garage,Capaciteit,Oorspronkelijke vraagprijs,Toegankelijkheid,Balkon/dakterras,Zijtuin,Patio/atrium,Servicekosten,Praktijkruimte,Voortuin,Verkoopdatum,Looptijd,Laatste vraagprijs,Bouwperiode,Koopmengvorm,Zonneterras,Prijs,Veilingdatum,Kantoorruimte,model_pred,is_train,error,abs_error
https://www.funda.nl/detail/koop/almere/huis-moesdistelstraat-19/43206330/,Moesdistelstraat,19.0,1314 LN,Almere,Kruidenwijk Noordoost,400000.0,€ 3.738,Verkocht onder voorbehoud,"Eengezinswoning, tussenwoning",Bestaande bouw,1986,Gedeeltelijk gestoffeerd,Zadeldak bedekt met pannen,,107 m²,2 m²,1 m²,13 m²,114 m²,380 m³,4 kamers (3 slaapkamers),1 badkamer en 1 apart toilet,"Douche, toilet, wastafel, en wastafelmeubel",3 woonlagen,"Elektra, verwarming en stromend water",B,Geen isolatie,Elektrische verwarming en stadsverwarming,Stadsverwarming,114 m²,Volle eigendom,Aan rustige weg en in woonwijk,Achtertuin en voortuin,"50 m² (11,00 meter diep en 4,50 meter breed)",Gelegen op het noordoosten bereikbaar via achterom,Vrijstaande houten berging,Openbaar parkeren,1.825,38%,€ 4.122,,,,,,,,,,,,,,,,,,,,,,399912.7558750907,True,87.2441249092808,87.2441249092808
https://www.funda.nl/detail/koop/almere/huis-3-laagse-tussenwoning-bouwnr-90/43225000/,3-Laagse tussenwoning (Bouwnr. 90),,1362 LK,Almere,Olympiakwartier Oost (brt),535000.0,€ 4.820,Verkocht onder voorbehoud,"Eengezinswoning, tussenwoning",Nieuwbouw,Na 2020,,Plat dak,,111 m²,,,,91 m²,403 m³,5 kamers (4 slaapkamers),1 badkamer en 1 apart toilet,"Douche, toilet, en wastafel",3 woonlagen,Elektra,A+++,Geen isolatie,Stadsverwarming,Stadsverwarming,91 m²,,In woonwijk,Achtertuin,,,Vrijstaande houten berging,Openbaar parkeren,125.0,,,Woningborg Garantiecertificaat,,,,,,,,,,,,,,,,,,,,,539397.6332660245,True,-4397.633266024524,4397.633266024524
https://www.funda.nl/detail/koop/almere/huis-vlaamse-gaailaan-25/89690120/,Vlaamse Gaailaan,25.0,1343 AK,Almere,Vogelhorst Noord,1195000.0,€ 4.799,Beschikbaar,"Villa, vrijstaande woning",Bestaande bouw,1994,,Plat dak bedekt met bitumineuze dakbedekking,,249 m²,1 m²,,12 m²,1.331 m²,875 m³,4 kamers (3 slaapkamers),1 badkamer en 1 apart toilet,"Douche, dubbele wastafel, inloopdouche, stoomcabine, toilet, en vloerverwarming",2 woonlagen,Elektra,A,Volledig geïsoleerd,"Cv-ketel, open haard en gedeeltelijke vloerverwarming",Cv-ketel,497 m²,Volle eigendom,"Beschutte ligging, in bosrijke omgeving en in woonwijk","Achtertuin, tuin rondom, voortuin en zijtuin","640 m² (32,00 meter diep en 20,00 meter breed)",Gelegen op het noorden,Vrijstaande houten berging,Op eigen terrein,565.0,29%,€ 5.158,,"Nefit Topline (gas gestookt combiketel uit 2014, eigendom)",,,,,,,,,,,,,,,,,,,,1119712.1151115622,True,75287.88488843781,75287.88488843781
https://www.funda.nl/detail/koop/almere/huis-rachmaninovstraat-59/43361227/,Rachmaninovstraat,59.0,1323 NB,Almere,Muziekwijk Z.-Noord,375000.0,€ 4.261,Verkocht onder voorbehoud,"Eengezinswoning, tussenwoning",Bestaande bouw,1989,,,,88 m²,,1 m²,8 m²,125 m²,298 m³,4 kamers (3 slaapkamers),,,2 woonlagen,,A,,Stadsverwarming,Stadsverwarming,125 m²,,"Aan bosrand, aan rustige weg en in woonwijk",Achtertuin en voortuin,"8,00 meter diep en 5,00 meter breed",Gelegen op het noordwesten,,Openbaar parkeren,1.805,36%,€ 4.205,,,Vrijstaande houten garage,1 auto,,,,,,,,,,,,,,,,,,378143.04973970866,True,-3143.0497397086583,3143.0497397086583
https://www.funda.nl/detail/koop/almere/huis-3-laagse-tussenwoning-bouwnr-89/43225092/,3-Laagse tussenwoning (Bouwnr. 89),,1362 LK,Almere,Olympiakwartier Oost (brt),535000.0,€ 4.820,Verkocht onder voorbehoud,"Eengezinswoning, tussenwoning",Nieuwbouw,Na 2020,,Plat dak,,111 m²,,,,91 m²,403 m³,5 kamers (4 slaapkamers),1 badkamer en 1 apart toilet,"Douche, toilet, en wastafel",3 woonlagen,Elektra,A+++,Geen isolatie,Stadsverwarming,Stadsverwarming,91 m²,,In woonwijk,Achtertuin,,,Vrijstaande houten berging,Openbaar parkeren,125.0,,,Woningborg Garantiecertificaat,,,,,,,,,,,,,,,,,,,,,539397.6332660245,True,-4397.633266024524,4397.633266024524
https://www.funda.nl/detail/koop/almere/huis-ludenbos-30/43362554/,Ludenbos,30.0,1358 EN,Almere,Overgooi (brt),1199500.0,€ 6.974,Beschikbaar,"Eengezinswoning, vrijstaande woning",Bestaande bouw,2004,Gedeeltelijk gestoffeerd,Lessenaardak bedekt met pannen,,172 m²,33 m²,,,2.210 m²,749 m³,5 kamers (4 slaapkamers),1 badkamer en 2 aparte toiletten,"Dubbele wastafel, inloopdouche, ligbad, en wastafelmeubel",2 woonlagen,Elektra,A+,Geen isolatie,Cv-ketel,Cv-ketel,2.210 m²,Volle eigendom,"Beschutte ligging, in woonwijk en vrij uitzicht","Achtertuin, tuin rondom, voortuin en zijtuin","1.160 m² (40,00 meter diep en 29,00 meter breed)",Gelegen op het zuiden bereikbaar via achterom,,Op eigen terrein en openbaar parkeren,720.0,46%,€ 5.136,,"Atag (gas gestookt combiketel uit 2017, eigendom)",Aangebouwde stenen garage,1 auto,,,,,,,,,,,,,,,,,,1012662.4157691535,True,186837.5842308465,186837.5842308465
https://www.funda.nl/detail/koop/almere/huis-drijfanker-51/89432151/,Drijfanker,51.0,1319 DC,Almere,Noorderplassen W.-Oost,1050000.0,€ 4.585,Verkocht onder voorbehoud,"Villa, vrijstaande woning (waterwoning)",Bestaande bouw,2007,,Lessenaardak bedekt met bitumineuze dakbedekking,,229 m²,,28 m²,13 m²,192 m²,823 m³,6 kamers (4 slaapkamers),2 badkamers en 1 apart toilet,"2 inloopdouches, 2 toiletten, wastafel, dubbele wastafel, ligbad, vloerverwarming, en wastafelmeubel",3 woonlagen,"Glasvezelkabel, mechanische ventilatie, rookkanaal, schuifpui, en zonnepanelen",A,"Dakisolatie, dubbel glas, muurisolatie, vloerisolatie en volledig geïsoleerd","Houtkachel, stadsverwarming en gedeeltelijke vloerverwarming",Elektrische boiler,192 m²,Volle eigendom,"Aan vaarwater, aan water en in woonwijk",Achtertuin en zijtuin,"48 m² (8,00 meter diep en 6,00 meter breed)",Gelegen op het westen,Vrijstaande houten berging,Op eigen terrein en openbaar parkeren,2.265,56%,€ 4.310,Energie Prestatie Advies,,,,€ 1.100.000 kosten koper,Toegankelijk voor ouderen,Dakterras aanwezig,,,,,,,,,,,,,,,1050925.664873028,True,-925.6648730279412,925.6648730279412
https://www.funda.nl/detail/koop/almere/huis-wielewaallaan-2/43320423/,Wielewaallaan,2.0,1343 AE,Almere,Vogelhorst Noord,990000.0,€ 5.323,Beschikbaar,"Villa, vrijstaande woning",Bestaande bouw,1990,,Zadeldak bedekt met pannen,,186 m²,27 m²,9 m²,40 m²,1.639 m²,646 m³,4 kamers (3 slaapkamers),1 badkamer en 1 apart toilet,"Douche, jacuzzi, toilet, en wastafelmeubel",2 woonlagen,Elektrische deur en elektra,Niet beschikbaar,Muurisolatie,Cv-ketel en open haard,Cv-ketel,289 m²,Volle eigendom,"Aan bosrand, aan park, aan rustige weg, in woonwijk en vrij uitzicht","Achtertuin, tuin rondom, voortuin en zijtuin","700 m² (20,00 meter diep en 35,00 meter breed)",Gelegen op het zuiden bereikbaar via achterom,Aangebouwde stenen berging,Openbaar parkeren,565.0,29%,€ 5.158,,"Combi (gas gestookt combiketel uit 2012, eigendom)",Vrijstaande stenen garage,2 auto's,,,Balkon aanwezig,,,,,,,,,,,,,,,925772.2642019765,True,64227.735798023525,64227.735798023525
https://www.funda.nl/detail/koop/almere/huis-amsterdamweg-46/43315821/,Amsterdamweg,46.0,1324 RR,Almere,Stedenwijk Midden-noord,415000.0,€ 4.109,Beschikbaar,"Eengezinswoning, hoekwoning",Bestaande bouw,1982,Gedeeltelijk gestoffeerd,Zadeldak bedekt met pannen,,101 m²,5 m²,,9 m²,146 m²,204 m³,5 kamers (4 slaapkamers),1 badkamer en 1 apart toilet,"Douche, dubbele wastafel, toilet, en wastafelmeubel",3 woonlagen,Elektra,A,"Dakisolatie, muurisolatie, vloerisolatie en volledig geïsoleerd",Stadsverwarming,Stadsverwarming,146 m²,Volle eigendom,"Aan rustige weg, in woonwijk en vrij uitzicht","Achtertuin, voortuin en zijtuin","40 m² (8,00 meter diep en 5,00 meter breed)",Gelegen op het westen bereikbaar via achterom,Aangebouwde stenen berging,"Betaald parkeren, openbaar parkeren en parkeervergunningen",1.31,46%,€ 3.658,,,,,,,,,,,,,,,,,,,,,,386021.8548984914,True,28978.14510150859,28978.14510150859
https://www.funda.nl/detail/koop/almere/huis-okerstraat-64/43313136/,Okerstraat,64.0,1339 BJ,Almere,Regenboogbuurt Noord en Oost,350000.0,€ 4.023,Onder bod,"Eengezinswoning, tussenwoning",Bestaande bouw,1996,,Plat dak,,87 m²,,,7 m²,135 m²,310 m³,4 kamers (3 slaapkamers),1 badkamer en 1 apart toilet,"Douche, toilet, en wastafel",2 woonlagen,Mechanische ventilatie,A,,Cv-ketel,Cv-ketel,135 m²,Volle eigendom,"Aan rustige weg, in bosrijke omgeving en in woonwijk",Achtertuin en voortuin,"73 m² (14,50 meter diep en 5,00 meter breed)",Gelegen op het zuidwesten bereikbaar via achterom,Vrijstaande houten berging,Openbaar parkeren,2.44,47%,€ 3.938,,"Intergas HR (2012, eigendom)",,,,,,,,,,,,,,,,,,,,392279.3464219266,True,-42279.34642192657,42279.34642192657
https://www.funda.nl/detail/koop/almere/huis-poldermolenweg-77/43370938/,Poldermolenweg,77.0,1333 BA,Almere,Molenbuurt Oost,389500.0,€ 3.509,Beschikbaar,"Eengezinswoning, hoekwoning",Bestaande bouw,1985,Gedeeltelijk gestoffeerd,Zadeldak bedekt met pannen,,111 m²,,,7 m²,180 m²,398 m³,4 kamers (3 slaapkamers),1 badkamer en 1 apart toilet,"Douche, toilet, en wastafel",2 woonlagen en een zolder,"Dakraam, glasvezelkabel, mechanische ventilatie, en TV kabel",C,"Dakisolatie, muurisolatie, vloerisolatie en volledig geïsoleerd",Cv-ketel,Cv-ketel,180 m²,Volle eigendom,"Aan drukke weg, in woonwijk en vrij uitzicht",Achtertuin en voortuin,"83 m² (14,65 meter diep en 5,69 meter breed)",Gelegen op het noordwesten bereikbaar via achterom,Vrijstaande houten berging,Openbaar parkeren,2.17,38%,€ 3.564,,"Gas gestookt combiketel, eigendom",,,,,,,,,,,,,,,,,,,,434121.49585333595,True,-44621.495853335946,44621.495853335946
https://www.funda.nl/detail/koop/almere/huis-markerkant-13-6/43237178/,Markerkant 13,6.0,1314 AN,Almere,Markerkant Noord,1750000.0,€ 12.324,Onder bod,"Villa, vrijstaande woning (bedrijfs- of dienstwoning)",Bestaande bouw,1997,,Plat dak bedekt met bitumineuze dakbedekking,,142 m²,,,1.885 m²,2.100 m²,490 m³,5 kamers (3 slaapkamers),2 badkamers en 1 apart toilet,"Dubbele wastafel, inloopdouche, 2 toiletten, douche, en wastafelmeubel",2 woonlagen,"Elektrische deur, elektra, verwarming en stromend water",A+,"Dakisolatie, muurisolatie en vloerisolatie",Stadsverwarming,Stadsverwarming,2.100 m²,Volle eigendom,Bedrijventerrein,"Achtertuin, voortuin, zijtuin en zonneterras",,Gelegen op het zuiden,Inpandig,Op afgesloten terrein en op eigen terrein,,,,,,Inpandig,6 auto's,,,,"49 m² (16,33 meter diep en 3,00 meter breed)",,,,,,,,,,,,,,740830.110542972,True,1009169.889457028,1009169.889457028
https://www.funda.nl/detail/koop/almere/huis-chatelainestraat-50/89787647/,Chatelainestraat,50.0,1336 SC,Almere,Sieradenbuurt (brt),415000.0,€ 3.843,Beschikbaar,"Eengezinswoning, tussenwoning",Bestaande bouw,2006,,Plat dak bedekt met bitumineuze dakbedekking,,108 m²,4 m²,,,70 m²,410 m³,4 kamers (3 slaapkamers),1 badkamer en 1 apart toilet,"Dubbele wastafel, inloopdouche, en toilet",2 woonlagen,Elektra,A,Volledig geïsoleerd,Cv-ketel,Cv-ketel,1.475 m²,Mandelig,Aan rustige weg en in woonwijk,Achtertuin,"6 m² (2,00 meter diep en 3,00 meter breed)",Gelegen op het noordoosten,Aangebouwde houten berging,Openbaar parkeren,1.085,46%,€ 4.231,,"Gas gestookt combiketel uit 2021, eigendom",,,,,,,,,,,,,,,,,,,,420908.9456358219,True,-5908.945635821903,5908.945635821903
https://www.funda.nl/detail/koop/almere/huis-3-laagse-tussenwoning-bouwnr-36/43225024/,3-Laagse tussenwoning (Bouwnr. 36),,1362 LK,Almere,Olympiakwartier Oost (brt),595000.0,€ 4.722,Onder optie,"Eengezinswoning, tussenwoning",Nieuwbouw,Na 2020,,Plat dak,,126 m²,,,,106 m²,451 m³,5 kamers (4 slaapkamers),1 badkamer en 1 apart toilet,"Douche, toilet, en wastafel",3 woonlagen,Elektra,A+++,Geen isolatie,Stadsverwarming,Stadsverwarming,106 m²,,In woonwijk,Achtertuin,,,Vrijstaande houten berging,Openbaar parkeren,125.0,,,Woningborg Garantiecertificaat,,,,,,,,,,,,,,,,,,,,,594122.0694973768,True,877.9305026232032,877.9305026232032
https://www.funda.nl/detail/koop/almere/huis-hoge-bergse-bos-1/43357062/,Hoge Bergse Bos,1.0,1358 EC,Almere,Overgooi (brt),1690000.0,€ 5.281,Beschikbaar,"Eengezinswoning, vrijstaande woning",Bestaande bouw,2009,,Samengesteld dak bedekt met pannen,,320 m²,48 m²,,,2.318 m²,1.440 m³,7 kamers (5 slaapkamers),3 badkamers en 2 aparte toiletten,"3 douches, 2 ligbaden, 2 toiletten, en 3 wastafels",3 woonlagen,Elektrische deur en elektra,A,Volledig geïsoleerd,Cv-ketel,Cv-ketel,2.318 m²,Volle eigendom,In woonwijk,Tuin rondom,,,,Op eigen terrein,720.0,46%,€ 5.136,,"Gas gestookt combiketel uit 2019, eigendom",Inpandig,2 auto's,,,,,,,,,,,,,,,,,,1484166.6776777809,True,205833.32232221914,205833.32232221914
https://www.funda.nl/detail/koop/almere/huis-wilgengriend-9/43301992/,Wilgengriend,9.0,1356 JA,Almere,"Klavergriend, Klippriend en Wilgengriend",450000.0,€ 3.409,Beschikbaar,"Eengezinswoning, tussenwoning",Bestaande bouw,1981,,Samengesteld dak,,132 m²,,,7 m²,120 m²,441 m³,5 kamers (4 slaapkamers),1 badkamer en 1 apart toilet,"Ligbad, toilet, en wastafel",3 woonlagen,Elektra,B,"Dakisolatie, dubbel glas, HR-glas en muurisolatie",Cv-ketel,Cv-ketel,120 m²,Volle eigendom,Aan rustige weg en in woonwijk,Achtertuin en voortuin,"30 m² (6,20 meter diep en 4,80 meter breed)",Gelegen op het zuidwesten bereikbaar via achterom,Vrijstaande stenen berging,Openbaar parkeren,910.0,38%,,,"Atag E 325 C (gas gestookt combiketel uit 2013, eigendom)",,,,,Frans balkon aanwezig,,,,,,,,,,,,,,,429407.1612227941,True,20592.838777205907,20592.838777205907
https://www.funda.nl/detail/koop/almere/huis-von-weberstraat-18/89771050/,Von Weberstraat,18.0,1323 BK,Almere,Muziekwijk Z.-Oost,435000.0,€ 4.104,Beschikbaar,"Eengezinswoning, hoekwoning",Bestaande bouw,1989,,Zadeldak bedekt met pannen,,106 m²,16 m²,,,167 m²,468 m³,6 kamers (4 slaapkamers),1 badkamer en 1 apart toilet,Toilet en wastafelmeubel,3 woonlagen,"Elektrische deur, elektra en stromend water",B,"Dakisolatie, gedeeltelijk dubbel glas, muurisolatie en vloerisolatie",Stadsverwarming,Centrale voorziening,167 m²,,"Aan rustige weg, in woonwijk en vrij uitzicht",,,,,Op eigen terrein,2.99,35%,€ 4.128,,,Aangebouwde stenen garage,1 auto,,,,,,,,,,,,,,,,,,426973.5036555034,True,8026.496344496612,8026.496344496612
https://www.funda.nl/detail/koop/almere/huis-sperwer-bouwnr-39/43132930/,Sperwer (Bouwnr. 39),,1358 EL,Almere,Overgooi (brt),1140000.0,€ 5.787,Verkocht onder voorbehoud,"Villa, vrijstaande woning",Nieuwbouw,Na 2020,,,,197 m²,,,,1.504 m²,741 m³,1 kamer,,,1 woonlaag,Zonnepanelen,Niet beschikbaar,Volledig geïsoleerd,,,1.504 m²,,"Aan bosrand, aan rustige weg, in bosrijke omgeving, landelijk gelegen, open ligging en vrij uitzicht",,,,,Op eigen terrein,720.0,46%,€ 5.136,,,Parkeerplaats,,,,,,,,,,,,,,,,,,,1150030.0301381077,True,-10030.030138107715,10030.030138107715
https://www.funda.nl/detail/koop/almere/huis-vrijstaande-bungalow-bouwnr-336/43251799/,Vrijstaande Bungalow (Bouwnr. 336),,1349 NC,Almere,Oosterwold Zuid,681500.0,€ 7.408,Beschikbaar,"Bungalow, vrijstaande woning",Nieuwbouw,2026,,,,92 m²,,,,360 m²,276 m³,4 kamers (3 slaapkamers),1 badkamer en 1 apart toilet,,1 woonlaag,,Niet beschikbaar,Volledig geïsoleerd,,,360 m²,,In bosrijke omgeving,,,,,Op eigen terrein,3.53,40%,€ 5.670,,,,,,,,,,,,,,,,,,,,,,690020.0459329925,True,-8520.045932992478,8520.045932992478
https://www.funda.nl/detail/koop/almere/huis-tussenwoning-bouwnr-11/89679599/,Tussenwoning (Bouwnr. 11),,1361 BS,Almere,Duin Zuid,770000.0,€ 5.033,Beschikbaar,"Eengezinswoning, tussenwoning",Nieuwbouw,2026,,,,153 m²,,47 m²,5 m²,153 m²,397 m³,5 kamers (4 slaapkamers),1 badkamer en 1 apart toilet,,3 woonlagen,Elektra,A++,,Stadsverwarming,,153 m²,,,,,,Aangebouwde houten berging,Op eigen terrein,2.055,30%,€ 5.624,,,,,,,,,,,,,,,,,,,,,,780152.2767959993,True,-10152.276795999263,10152.276795999263
https://www.funda.nl/detail/koop/almere/huis-eikenstraat-29/89750240/,Eikenstraat,29.0,1326 AG,Almere,Parkwijk Noordwest,510000.0,€ 4.016,Beschikbaar,"Eengezinswoning, tussenwoning",Bestaande bouw,1995,,Samengesteld dak bedekt met bitumineuze dakbedekking en pannen,,127 m²,10 m²,6 m²,8 m²,135 m²,444 m³,4 kamers (4 slaapkamers),1 badkamer en 1 apart toilet,"Douche, dubbele wastafel, toilet, en wastafelmeubel",3 woonlagen,Elektra,A,"Dakisolatie, muurisolatie en vloerisolatie",Stadsverwarming en gedeeltelijke vloerverwarming,Stadsverwarming,135 m²,Volle eigendom,"Aan park, aan rustige weg en in woonwijk",Achtertuin en voortuin,"36 m² (6,25 meter diep en 5,75 meter breed)",Gelegen op het zuidwesten bereikbaar via achterom,Aangebouwde stenen berging,Openbaar parkeren,1.76,39%,€ 3.832,,,,,,,Dakterras aanwezig,,,,,,,,,,,,,,,484799.7068088361,True,25200.293191163917,25200.293191163917
https://www.funda.nl/detail/koop/almere/huis-staartmeeslaan-4/89725579/,Staartmeeslaan,4.0,1343 ED,Almere,Vogelhorst Noord,1395000.0,€ 5.788,Verkocht onder voorbehoud,"Villa, vrijstaande woning",Bestaande bouw,2026,Dubbele bewoning mogelijk,Plat dak bedekt met kunststof,,241 m²,,33 m²,,729 m²,1.004 m³,6 kamers (4 slaapkamers),3 badkamers en 1 apart toilet,"3 inloopdouches, 3 toiletten, vloerverwarming, 2 wastafels, 3 wastafelmeubels, dubbele wastafel, en ligbad",2 woonlagen,"Balansventilatie, glasvezelkabel, schuifpui, en zonnepanelen",A+++,"Dakisolatie, driedubbel glas, muurisolatie, vloerisolatie en volledig geïsoleerd","Mogelijkheid voor open haard, gehele vloerverwarming en warmtepomp",Elektrische boiler,729 m²,Volle eigendom,"Aan rustige weg, in bosrijke omgeving en in woonwijk","Achtertuin, voortuin en zijtuin","324 m² (18,00 meter diep en 18,00 meter breed)",Gelegen op het zuidoosten bereikbaar via achterom,Vrijstaande houten berging,Op eigen terrein en openbaar parkeren,565.0,29%,€ 5.158,,,Carport,,,,,,,,,,,,,,,,,,,1283491.2732500755,True,111508.72674992448,111508.72674992448
https://www.funda.nl/detail/koop/almere/huis-4-laagse-tussenwoning-bouwnr-24/43225042/,4-Laagse tussenwoning (Bouwnr. 24),,1362 LK,Almere,Olympiakwartier Oost (brt),595000.0,€ 4.648,Beschikbaar,"Eengezinswoning, tussenwoning",Nieuwbouw,Na 2020,,Plat dak,,128 m²,,,,,468 m³,6 kamers (4 slaapkamers),1 badkamer en 1 apart toilet,"Douche, toilet, en wastafel",4 woonlagen,Elektra,A++,Geen isolatie,Stadsverwarming,Stadsverwarming,,,In woonwijk,Achtertuin,,,Vrijstaande houten berging,Openbaar parkeren,125.0,,,Woningborg Garantiecertificaat,,,,,,,,,,,,,,,,,,,,,582538.1337148505,True,12461.866285149474,12461.866285149474
https://www.funda.nl/detail/koop/almere/huis-isala-van-diesthof-5/43390733/,Isala Van Diesthof,5.0,1349 BH,Almere,Oosterwold Zuid,445000.0,€ 9.468,Beschikbaar,"Eengezinswoning, vrijstaande woning",Bestaande bouw,2024,Gedeeltelijk gestoffeerd,Zadeldak bedekt met overig,,47 m²,,,5 m²,300 m²,158 m³,2 kamers (1 slaapkamer),1 badkamer,"Douche, toilet, wastafel, en wastafelmeubel",2 woonlagen,Elektra,A++++,Volledig geïsoleerd,Elektrische verwarming en gehele vloerverwarming,Doorstroomboiler,300 m²,Volle eigendom,"Aan rustige weg, in bosrijke omgeving, in woonwijk en vrij uitzicht",Tuin rondom,,,Vrijstaande houten berging,Op eigen terrein en openbaar parkeren,3.53,40%,€ 5.670,,,Parkeerplaats,,,,,,,,,,,,,,,,,,,389302.5227235182,False,55697.477276481804,55697.477276481804
https://www.funda.nl/detail/koop/almere/huis-saxofoonweg-137/43390717/,Saxofoonweg,137.0,1312 WC,Almere,Muziekwijk N.-Noordwest,435000.0,€ 3.625,Beschikbaar,"Eengezinswoning, tussenwoning (drive-in woning)",Bestaande bouw,1992,,Plat dak bedekt met bitumineuze dakbedekking,,120 m²,18 m²,,,130 m²,476 m³,4 kamers (2 slaapkamers),1 badkamer en 1 apart toilet,"Douche, ligbad, toilet, en wastafel",3 woonlagen,Elektrische deur en elektra,A,Dubbel glas en volledig geïsoleerd,Stadsverwarming,Stadsverwarming,130 m²,Volle eigendom,"Aan rustige weg, in woonwijk en vrij uitzicht",Achtertuin en voortuin,"41 m² (7,50 meter diep en 5,40 meter breed)",Gelegen op het zuidwesten,,Op eigen terrein en openbaar parkeren,1.185,46%,€ 3.799,,,Inpandig,1 auto,,,,,,,,,,,,,,,,,,474034.3571805442,True,-39034.357180544175,39034.357180544175
https://www.funda.nl/detail/koop/almere/huis-stamerbos-48/89786647/,Stamerbos,48.0,1358 EP,Almere,Overgooi (brt),1175000.0,€ 4.468,Beschikbaar,"Villa, geschakelde woning",Bestaande bouw,2011,,Plat dak,,263 m²,17 m²,62 m²,,,1.005 m³,8 kamers (7 slaapkamers),2 badkamers en 1 apart toilet,"2 douches, 2 inloopdouches, ligbad, 2 toiletten, wastafel, 2 wastafelmeubels, en dubbele wastafel",3 woonlagen,Elektra,A,,Cv-ketel,Cv-ketel,,Volle eigendom,,Achtertuin en voortuin,,,Inpandig,Op eigen terrein,720.0,46%,€ 5.136,,Eigendom,Inpandig,1 auto,,,Dakterras aanwezig,,,,,,,,,,,,,,,979990.8270393516,True,195009.17296064843,195009.17296064843
https://www.funda.nl/detail/koop/almere/huis-peppengouw-99/89771637/,Peppengouw,99.0,1351 NH,Almere,"Lindengouw, Muidergouw en Peppengouw",370000.0,€ 3.936,Beschikbaar,"Eengezinswoning, hoekwoning",Bestaande bouw,1980,Gestoffeerd,Plat dak bedekt met bitumineuze dakbedekking,,94 m²,,,6 m²,125 m²,327 m³,5 kamers (4 slaapkamers),1 badkamer en 1 apart toilet,"Douche, toilet, en wastafel",2 woonlagen,"Glasvezelkabel, mechanische ventilatie, natuurlijke ventilatie, en TV kabel",C,Volledig geïsoleerd,Cv-ketel,Cv-ketel,125 m²,Volle eigendom,"Aan bosrand, aan rustige weg en in woonwijk",Achtertuin en voortuin,,,Vrijstaande stenen berging,Openbaar parkeren,1.075,36%,€ 3.585,,"2020, eigendom",,,,,,,,,,,,,,,,,,,,381600.2180585148,True,-11600.218058514816,11600.218058514816
https://www.funda.nl/detail/koop/almere/huis-schonbergweg-15/89787609/,Schönbergweg,15.0,1323 GR,Almere,Muziekwijk Z.-Oost,595000.0,€ 3.628,Beschikbaar,"Eengezinswoning, tussenwoning",Bestaande bouw,1989,,Zadeldak bedekt met pannen,,164 m²,,2 m²,7 m²,151 m²,543 m³,7 kamers (5 slaapkamers),1 badkamer en 1 apart toilet,"Douche, ligbad, toilet, en wastafel",3 woonlagen,Elektra,B,"Dakisolatie, muurisolatie, vloerisolatie en volledig geïsoleerd",Houtkachel en stadsverwarming,Stadsverwarming,151 m²,Volle eigendom,Aan rustige weg en in woonwijk,Achtertuin en voortuin,"66 m² (11,00 meter diep en 6,00 meter breed)",Gelegen op het zuiden bereikbaar via achterom,Vrijstaande houten berging,Openbaar parkeren,2.99,35%,€ 4.128,,,,,,,,,,,,,,,,,,,,,,586398.8213371312,True,8601.178662868799,8601.178662868799
https://www.funda.nl/detail/koop/almere/huis-3-laagse-tussenwoning-bouwnr-11/43225032/,3-Laagse tussenwoning (Bouwnr. 11),,1362 LK,Almere,Olympiakwartier Oost (brt),535000.0,€ 4.820,Verkocht onder voorbehoud,"Eengezinswoning, tussenwoning",Nieuwbouw,Na 2020,,Plat dak,,111 m²,,,,95 m²,403 m³,5 kamers (4 slaapkamers),1 badkamer en 1 apart toilet,"Douche, toilet, en wastafel",3 woonlagen,Elektra,A+++,Geen isolatie,Stadsverwarming,Stadsverwarming,95 m²,,In woonwijk,Achtertuin,,,Vrijstaande houten berging,Openbaar parkeren,125.0,,,Woningborg Garantiecertificaat,,,,,,,,,,,,,,,,,,,,,539397.6332660245,True,-4397.633266024524,4397.633266024524
https://www.funda.nl/detail/koop/almere/huis-stadswerf-112/43375761/,Stadswerf,112.0,1354 CK,Almere,Parkwerf en Stadswerf,325000.0,€ 4.392,Verkocht onder voorbehoud,"Eengezinswoning, tussenwoning",Bestaande bouw,1977,,,,74 m²,,,7 m²,125 m²,258 m³,2 kamers (1 slaapkamer),,,2 woonlagen,,B,,Cv-ketel,Cv-ketel,125 m²,,"Aan bosrand, aan rustige weg, in bosrijke omgeving en in woonwijk",,,,,Openbaar parkeren,520.0,36%,,,"Gas gestookt, eigendom",Vrijstaande stenen garage,1 auto,,,,,,,,,,,,,,,,,,302570.139286455,True,22429.860713545,22429.860713545
https://www.funda.nl/detail/koop/almere/huis-liselott-linsenhoffstraat-29/43298855/,Liselott Linsenhoffstraat,29.0,1361 CH,Almere,Olympiakwartier West (brt),1000000.0,€ 5.495,Beschikbaar,"Eengezinswoning, 2-onder-1-kapwoning",Bestaande bouw,2020,,Samengesteld dak bedekt met pannen,,182 m²,25 m²,8 m²,45 m²,298 m²,755 m³,4 kamers (3 slaapkamers),2 badkamers en 2 aparte toiletten,,3 woonlagen,,A,,,,298 m²,,In woonwijk,"Achtertuin, voortuin en zijtuin","24 m² (4,00 meter diep en 6,00 meter breed)",Gelegen op het noordoosten bereikbaar via achterom,,Op eigen terrein en openbaar parkeren,1.455,55%,€ 4.719,,,,,,,,,,,,,,,,,,,,,,828379.0818302361,False,171620.91816976387,171620.91816976387
https://www.funda.nl/detail/koop/almere/huis-pianoweg-120/89740846/,Pianoweg,120.0,1312 JK,Almere,Muziekwijk N.-Oost,395000.0,€ 4.293,Verkocht onder voorbehoud,"Eengezinswoning, tussenwoning",Bestaande bouw,1990,Gestoffeerd,Plat dak bedekt met bitumineuze dakbedekking,,92 m²,,,6 m²,143 m²,331 m³,4 kamers (3 slaapkamers),1 badkamer en 1 apart toilet,"Inloopdouche, toilet, wastafel, en wastafelmeubel",2 woonlagen,"Glasvezelkabel, mechanische ventilatie, en zonnepanelen",A,Dubbel glas en volledig geïsoleerd,Stadsverwarming,Stadsverwarming,143 m²,Volle eigendom,In woonwijk,Achtertuin,"70 m² (12,87 meter diep en 5,46 meter breed)",Gelegen op het noordwesten bereikbaar via achterom,Aangebouwde houten berging,Openbaar parkeren,1.18,39%,,,,,,,,,,,,,,,,,,,,,,,393075.7934257374,False,1924.2065742625855,1924.2065742625855
https://www.funda.nl/detail/koop/almere/huis-venusstraat-16/43367536/,Venusstraat,16.0,1363 VN,Almere,Homeruskwartier Midden,675000.0,€ 4.623,Verkocht onder voorbehoud,"Eengezinswoning, vrijstaande woning",Bestaande bouw,2015,Gedeeltelijk gestoffeerd,Plat dak bedekt met bitumineuze dakbedekking,,146 m²,,18 m²,4 m²,166 m²,539 m³,7 kamers (6 slaapkamers),1 badkamer en 1 apart toilet,"Inloopdouche, ligbad, toilet, en wastafelmeubel",3 woonlagen,Elektra,A+,Geen isolatie,Stadsverwarming en gedeeltelijke vloerverwarming,Stadsverwarming,166 m²,Volle eigendom,Aan rustige weg en in woonwijk,Achtertuin,"59 m² (9,81 meter diep en 5,98 meter breed)",Gelegen op het zuidoosten bereikbaar via achterom,Vrijstaande houten berging,Op eigen terrein,2.625,44%,€ 4.691,,,,,,,Dakterras aanwezig,,,,,,,,,,,,,,,751070.8754297005,True,-76070.87542970048,76070.87542970048
https://www.funda.nl/detail/koop/almere/huis-hagedisstraat-25/89785955/,Hagedisstraat,25.0,1338 HA,Almere,Faunabuurt Zuidwest,499000.0,€ 3.490,Beschikbaar,"Eengezinswoning, tussenwoning",Bestaande bouw,1995,,Plat dak,,143 m²,,3 m²,8 m²,195 m²,506 m³,6 kamers (5 slaapkamers),1 badkamer en 1 apart toilet,"Douche, ligbad, en wastafelmeubel",3 woonlagen,,A,"Dubbel glas, HR-glas en vloerisolatie",Cv-ketel en gedeeltelijke vloerverwarming,Cv-ketel,195 m²,Volle eigendom,In woonwijk,Achtertuin,,,Vrijstaande houten berging,Op eigen terrein en openbaar parkeren,1.41,49%,€ 3.912,,"Atag E 325C (gas gestookt combiketel uit 2014, huur)",,,,,,,,,,,,,,,,,,,,542420.4347140077,False,-43420.43471400766,43420.43471400766
https://www.funda.nl/detail/koop/almere/huis-stellingmolenstraat-55-a/89741373/,Stellingmolenstraat 55-A,,1333 CG,Almere,Molenbuurt Oost,445000.0,€ 3.973,Beschikbaar,"Bungalow, tussenwoning (semi-bungalow)",Bestaande bouw,1989,Gedeeltelijk gestoffeerd,Zadeldak bedekt met pannen,,112 m²,19 m²,,,192 m²,461 m³,4 kamers (2 slaapkamers),1 badkamer en 1 apart toilet,"Douche, wastafel, en wastafelmeubel",2 woonlagen en een vliering,Elektra,B,Dakisolatie en muurisolatie,Cv-ketel,Cv-ketel,192 m²,Volle eigendom,"Aan bosrand, aan rustige weg en in bosrijke omgeving",Achtertuin en voortuin,,,,Op eigen terrein en openbaar parkeren,2.17,38%,€ 3.564,Energie Prestatie Advies,"Gas gestookt combiketel, eigendom",Inpandig,1 auto,,Toegankelijk voor mensen met een beperking en toegankelijk voor ouderen,,,,,,,,,,,,,,,,522116.63481804164,True,-77116.63481804164,77116.63481804164
https://www.funda.nl/detail/koop/almere/huis-deurnestraat-20/89685356/,Deurnestraat,20.0,1324 XA,Almere,Stedenwijk Zuid,410000.0,€ 4.141,Verkocht onder voorbehoud,"Eengezinswoning, tussenwoning",Bestaande bouw,1983,,Plat dak bedekt met bitumineuze dakbedekking,,99 m²,6 m²,,,154 m²,361 m³,5 kamers (4 slaapkamers),1 badkamer en 1 apart toilet,"Inloopdouche, toilet, en wastafel",2 woonlagen,Elektra,A,,Stadsverwarming,Stadsverwarming,154 m²,Volle eigendom,"Aan rustige weg, in woonwijk en open ligging",Achtertuin en voortuin,"69 m² (13,20 meter diep en 5,20 meter breed)",Gelegen op het zuiden bereikbaar via achterom,Aangebouwde stenen berging,Op eigen terrein en openbaar parkeren,2.22,38%,€ 3.744,,,,,,,,,,,,,,,,,,,,,,397146.4268098283,True,12853.573190171679,12853.573190171679
https://www.funda.nl/detail/koop/almere/huis-texelstraat-52/43323665/,Texelstraat,52.0,1339 TL,Almere,Eilandenbuurt Noord,525000.0,€ 4.526,Beschikbaar,"Bungalow, hoekwoning",Bestaande bouw,2003,,Plat dak bedekt met bitumineuze dakbedekking,,116 m²,,,,196 m²,490 m³,3 kamers (2 slaapkamers),1 badkamer en 1 apart toilet,"Dubbele wastafel, inloopdouche, toilet, vloerverwarming, en wastafelmeubel",1 woonlaag,Elektra,A+,Volledig geïsoleerd,"Elektrische verwarming, pelletkachel en gedeeltelijke vloerverwarming",Elektrische boiler,196 m²,Volle eigendom,Aan rustige weg en in woonwijk,Patio/atrium en voortuin,,Gelegen op het zuidoosten bereikbaar via achterom,Inpandig,Openbaar parkeren,1.445,47%,€ 4.129,,,,,,Toegankelijk voor mensen met een beperking en toegankelijk voor ouderen,,,"15 m² (3,60 meter diep en 4,15 meter breed)",,,,,,,,,,,,,504100.2378051677,True,20899.76219483232,20899.76219483232
https://www.funda.nl/detail/koop/almere/huis-jan-rijksenstraat-21/43379063/,Jan Rijksenstraat,21.0,1335 NL,Almere,Oostvaardersbuurt West,465000.0,€ 4.009,Verkocht onder voorbehoud,"Eengezinswoning, tussenwoning",Bestaande bouw,2000,Gedeeltelijk gestoffeerd,Zadeldak bedekt met pannen,,116 m²,,14 m²,7 m²,144 m²,394 m³,5 kamers (4 slaapkamers),1 badkamer en 1 apart toilet,"Douche, ligbad, toilet, en wastafelmeubel",3 woonlagen,Elektra,A,Geen isolatie,Cv-ketel,Cv-ketel,144 m²,Volle eigendom,In woonwijk,Achtertuin en voortuin,"50 m² (10,00 meter diep en 5,00 meter breed)",Gelegen op het zuidwesten bereikbaar via achterom,Vrijstaande houten berging,Op eigen terrein en openbaar parkeren,2.465,50%,€ 3.859,,Remeha,,,,,,,,,,,,,,,,,,,,461451.9502720899,True,3548.049727910082,3548.049727910082
https://www.funda.nl/detail/koop/almere/huis-bezaan-43/89551087/,Bezaan,43.0,1319 EP,Almere,Noorderplassen W.-West,940000.0,€ 5.193,Beschikbaar,"Villa, vrijstaande woning",Bestaande bouw,2014,,Dwarskap bedekt met pannen,,181 m²,20 m²,,4 m²,309 m²,720 m³,6 kamers (5 slaapkamers),1 badkamer en 1 apart toilet,"Douche, dubbele wastafel, ligbad, toilet, en wastafelmeubel",3 woonlagen,Elektra en stromend water,A,"Dakisolatie, dubbel glas, HR-glas, muurisolatie, vloerisolatie en volledig geïsoleerd",Stadsverwarming,Stadsverwarming,309 m²,Volle eigendom,"Aan bosrand, aan rustige weg, aan water, in bosrijke omgeving, in woonwijk en vrij uitzicht","Achtertuin, voortuin en zijtuin","132 m² (11,50 meter diep en 11,50 meter breed)",Gelegen op het zuidoosten bereikbaar via achterom,Vrijstaande houten berging,Op eigen terrein en openbaar parkeren,1.62,71%,€ 4.496,,,Aangebouwde stenen garage,1 auto,€ 975.000 kosten koper,,,,,,,,,,,,,,,,,938633.0217922758,True,1366.978207724169,1366.978207724169
https://www.funda.nl/detail/koop/almere/huis-nobelstraat-5/89771373/,Nobelstraat,5.0,1341 BH,Almere,Nobelhorst West,600000.0,€ 4.762,Beschikbaar,"Eengezinswoning, hoekwoning",Bestaande bouw,2016,,,,126 m²,,,7 m²,146 m²,446 m³,4 kamers (3 slaapkamers),1 badkamer en 1 apart toilet,Inloopdouche en wastafelmeubel,3 woonlagen en een zolder,Elektra,A,,,,146 m²,Volle eigendom,In woonwijk,Achtertuin,"60 m² (10,00 meter diep en 6,00 meter breed)",Gelegen op het zuidoosten bereikbaar via achterom,Vrijstaande houten berging,Op eigen terrein en openbaar parkeren,2.425,65%,€ 4.472,,,Carport,,,,,,,,,,,,,,,,,,,555166.7639808147,False,44833.23601918528,44833.23601918528
https://www.funda.nl/detail/koop/almere/huis-vrijdagstraat-1/43383574/,Vrijdagstraat,1.0,1335 LP,Almere,Seizoenenbuurt Noord,550000.0,€ 3.957,Beschikbaar,"Eengezinswoning, eindwoning",Bestaande bouw,2001,,Lessenaardak,,139 m²,,18 m²,14 m²,192 m²,538 m³,5 kamers (4 slaapkamers),2 badkamers en 1 apart toilet,"2 inloopdouches, ligbad, 2 toiletten, vloerverwarming, 2 wastafels, en 2 wastafelmeubels",3 woonlagen,"Mechanische ventilatie, natuurlijke ventilatie, en TV kabel",B,Dubbel glas en volledig geïsoleerd,Cv-ketel en gedeeltelijke vloerverwarming,Cv-ketel,192 m²,Volle eigendom,"Aan rustige weg, in woonwijk en vrij uitzicht",Achtertuin en voortuin,"105 m² (16,68 meter diep en 6,28 meter breed)",Gelegen op het zuidwesten,Vrijstaande houten berging,Op eigen terrein en openbaar parkeren,1.0,45%,€ 4.133,Energie Prestatie Advies,"Vaillant (gas gestookt combiketel uit 2025, eigendom)",,,,,Dakterras aanwezig,,,,,,,,,,,,,,,569487.3324217158,True,-19487.332421715837,19487.332421715837
https://www.funda.nl/detail/koop/almere/huis-tussenwoning-bouwnr-14/89679593/,Tussenwoning (Bouwnr. 14),,1361 BS,Almere,Duin Zuid,790000.0,€ 4.969,Beschikbaar,"Eengezinswoning, tussenwoning",Nieuwbouw,2026,,,,159 m²,,39 m²,5 m²,159 m²,413 m³,5 kamers (4 slaapkamers),1 badkamer en 1 apart toilet,,3 woonlagen,Elektra,A++,,Stadsverwarming,,159 m²,,,,,,Aangebouwde houten berging,Op eigen terrein,2.055,30%,€ 5.624,,,,,,,,,,,,,,,,,,,,,,802194.3465336578,True,-12194.34653365775,12194.34653365775
https://www.funda.nl/detail/koop/almere/huis-3-laagse-tussenwoning-bouwnr-28/43225033/,3-Laagse tussenwoning (Bouwnr. 28),,1362 LK,Almere,Olympiakwartier Oost (brt),495000.0,€ 4.806,Verkocht onder voorbehoud,"Eengezinswoning, tussenwoning",Nieuwbouw,Na 2020,,Plat dak,,103 m²,,,,78 m²,379 m³,5 kamers (4 slaapkamers),1 badkamer en 1 apart toilet,"Douche, toilet, en wastafel",3 woonlagen,Elektra,A+++,Geen isolatie,Stadsverwarming,Stadsverwarming,78 m²,,In woonwijk,Achtertuin,,,Vrijstaande houten berging,Openbaar parkeren,125.0,,,Woningborg Garantiecertificaat,,,,,,,,,,,,,,,,,,,,,509260.07816588937,True,-14260.078165889368,14260.078165889368
https://www.funda.nl/detail/koop/almere/huis-bosgouw-318/89775496/,Bosgouw,318.0,1352 GX,Almere,"Bosgouw, Brongouw en Nijvergouw",575000.0,€ 4.323,Beschikbaar,"Eengezinswoning, 2-onder-1-kapwoning",Bestaande bouw,2017,Gedeeltelijk gestoffeerd,Zadeldak bedekt met pannen,,133 m²,,,6 m²,126 m²,430 m³,4 kamers (3 slaapkamers),1 badkamer en 2 aparte toiletten,"Dubbele wastafel, inloopdouche, ligbad, vloerverwarming, en wastafelmeubel",3 woonlagen,Elektra,A,Geen isolatie,Cv-ketel en gedeeltelijke vloerverwarming,Cv-ketel,126 m²,,"Aan rustige weg, in bosrijke omgeving, in woonwijk en vrij uitzicht",Achtertuin en voortuin,"59 m² (7,50 meter diep en 6,00 meter breed)",Gelegen op het noordwesten bereikbaar via achterom,Vrijstaande houten berging,Openbaar parkeren,1.14,38%,,,"Kompakt HRE 28/24A (gas gestookt combiketel uit 2017, eigendom)",,,,,Frans balkon aanwezig,,,,,,,,,,,,,,,658130.9929082171,True,-83130.99290821713,83130.99290821713
https://www.funda.nl/detail/koop/almere/huis-medaillonstraat-1/43214446/,Medaillonstraat,1.0,1336 TK,Almere,Sieradenbuurt (brt),625000.0,€ 3.397,Onder bod,"Eengezinswoning, hoekwoning",Bestaande bouw,2005,Gedeeltelijk gestoffeerd en gemeubileerd,Plat dak bedekt met bitumineuze dakbedekking,,184 m²,,,,220 m²,671 m³,5 kamers (4 slaapkamers),2 badkamers en 1 apart toilet,"2 douches, dubbele wastafel, ligbad, 2 toiletten, en 2 wastafelmeubels",2 woonlagen,Elektra,B,Volledig geïsoleerd,Cv-ketel,Cv-ketel,220 m²,Volle eigendom,"Aan bosrand, aan rustige weg, beschutte ligging en in woonwijk",Achtertuin,"45 m² (9,25 meter diep en 4,90 meter breed)",Gelegen op het zuidwesten,Inpandig,Op eigen terrein en openbaar parkeren,1.085,46%,€ 4.231,,"Gas gestookt uit 2005, eigendom",,,,Toegankelijk voor ouderen,,,,,,,,,,,,,,,,723182.9230175088,True,-98182.92301750882,98182.92301750882
https://www.funda.nl/detail/koop/almere/huis-willem-pijperstraat-59/43383653/,Willem Pijperstraat,59.0,1323 TH,Almere,Muziekwijk Z.-West,500000.0,€ 4.630,Verkocht onder voorbehoud,"Eengezinswoning, hoekwoning",Bestaande bouw,1989,,Zadeldak bedekt met pannen,,108 m²,8 m²,13 m²,22 m²,171 m²,380 m³,4 kamers (3 slaapkamers),1 badkamer en 1 apart toilet,"Inloopdouche, toilet, en wastafelmeubel",3 woonlagen,Elektrische deur en elektra,A,Geen isolatie,Stadsverwarming,Centrale voorziening,38 m²,Volle eigendom,Aan rustige weg en in woonwijk,"Achtertuin, voortuin en zijtuin","56 m² (8,00 meter diep en 7,00 meter breed)",Gelegen op het westen bereikbaar via achterom,Aangebouwde houten berging,Openbaar parkeren,1.315,42%,€ 3.989,,,Vrijstaande stenen garage,1 auto,,,,,,,,,,,,,,,,,,446745.5686000437,True,53254.43139995629,53254.43139995629
https://www.funda.nl/detail/koop/almere/huis-mazureplantsoen-11/89766812/,Mazureplantsoen,11.0,1336 CV,Almere,Stripheldenbuurt Noordoost,549000.0,€ 3.431,Onder bod,"Eengezinswoning, hoekwoning",Bestaande bouw,2007,Gedeeltelijk gestoffeerd,Zadeldak bedekt met pannen,,160 m²,,,10 m²,167 m²,575 m³,7 kamers (5 slaapkamers),1 badkamer en 1 apart toilet,"Inloopdouche, ligbad, toilet, wastafel, en wastafelmeubel",3 woonlagen,Elektra,A++,Geen isolatie,Cv-ketel en gedeeltelijke vloerverwarming,Cv-ketel,167 m²,Volle eigendom,Aan rustige weg en in woonwijk,"Achtertuin, voortuin en zijtuin","56 m² (5,55 meter diep en 10,00 meter breed)",Gelegen op het noordwesten bereikbaar via achterom,Vrijstaande houten berging,Op eigen terrein en openbaar parkeren,1.1,51%,€ 4.181,,"Remeha Tzerra Ace 39C (gas gestookt combiketel uit 2020, eigendom)",,,,,,,,,,,,,,,,,,,,622265.2634213279,True,-73265.26342132792,73265.26342132792
https://www.funda.nl/detail/koop/almere/huis-mirostraat-40/43384806/,Miróstraat,40.0,1328 JT,Almere,Tussen de Vaarten Z.- Midden west,485000.0,€ 3.191,Verkocht onder voorbehoud,"Eengezinswoning, tussenwoning",Bestaande bouw,2002,,Samengesteld dak bedekt met bitumineuze dakbedekking en pannen,,152 m²,,,12 m²,180 m²,506 m³,5 kamers (4 slaapkamers),1 badkamer en 1 apart toilet,"Douche, ligbad, toilet, wastafel, en wastafelmeubel",3 woonlagen,Elektra,A+,Geen isolatie,Stadsverwarming,Centrale voorziening,180 m²,Volle eigendom,Aan rustige weg en in woonwijk,Achtertuin en voortuin,"45 m² (7,00 meter diep en 6,40 meter breed)",Gelegen op het zuidoosten bereikbaar via achterom,Vrijstaande houten berging,Op eigen terrein,1.715,48%,€ 3.637,,,,,,,,,,,,,,,,,,,,,,549738.9124877919,True,-64738.91248779185,64738.91248779185
https://www.funda.nl/detail/koop/almere/huis-jacques-tatilaan-143/89600605/,Jacques Tatilaan,143.0,1325 SR,Almere,Filmwijk Zuid-noord van Walt Disneyplts.,495000.0,€ 4.091,Verkocht onder voorbehoud,"Eengezinswoning, tussenwoning",Bestaande bouw,1996,,Zadeldak bedekt met pannen,,121 m²,,2 m²,9 m²,139 m²,416 m³,5 kamers (4 slaapkamers),1 badkamer en 1 apart toilet,"Inloopdouche, ligbad, wastafel, en wastafelmeubel",3 woonlagen,Elektra,A+,"Dakisolatie, dubbel glas, muurisolatie, vloerisolatie en volledig geïsoleerd",Stadsverwarming,Stadsverwarming,139 m²,Volle eigendom,Aan rustige weg en in woonwijk,Achtertuin en voortuin,"68 m² (13,00 meter diep en 5,20 meter breed)",Gelegen op het zuidoosten bereikbaar via achterom,Vrijstaande houten berging,Openbaar parkeren,2.335,41%,€ 4.129,,,,,,,,,,,,,,,,,,,,,,481271.2184910666,True,13728.781508933404,13728.781508933404
https://www.funda.nl/detail/koop/almere/huis-jan-van-eyckstraat-32/43211103/,Jan van Eyckstraat,32.0,1318 GG,Almere,Tussen de Vaarten N.- Noord,515000.0,€ 3.872,Verkocht onder voorbehoud,"Eengezinswoning, tussenwoning",Bestaande bouw,1999,,Plat dak,,133 m²,,,8 m²,168 m²,427 m³,5 kamers (3 slaapkamers),1 badkamer en 1 apart toilet,"Dubbele wastafel, inloopdouche, toilet, en wastafelmeubel",3 woonlagen,Elektra,A,Geen isolatie,Stadsverwarming,Stadsverwarming,168 m²,Volle eigendom,Aan rustige weg en in woonwijk,Achtertuin en voortuin,"66 m² (10,00 meter diep en 6,60 meter breed)",Gelegen op het zuidoosten bereikbaar via achterom,Vrijstaande houten berging,Op eigen terrein,1.925,50%,€ 4.263,Energie Prestatie Advies,,,,,,,,,,,,,,,,,,,,,500055.38273058203,False,14944.61726941797,14944.61726941797
https://www.funda.nl/detail/koop/almere/huis-john-fordstraat-29/89789862/,John Fordstraat,29.0,1325 TG,Almere,Filmwijk Zuid-zuid van Walt Disneyplts.,395000.0,€ 4.202,Beschikbaar,"Eengezinswoning, tussenwoning",Bestaande bouw,1996,Gestoffeerd,Zadeldak bedekt met pannen,,94 m²,,,7 m²,117 m²,331 m³,4 kamers (3 slaapkamers),1 badkamer en 1 apart toilet,"Douche, toilet, en wastafel",2 woonlagen en een zolder,Elektra,A,Geen isolatie,Stadsverwarming,Stadsverwarming,117 m²,Volle eigendom,Aan rustige weg en in woonwijk,Achtertuin en voortuin,"59 m² (12,68 meter diep en 4,67 meter breed)",Gelegen op het noordwesten bereikbaar via achterom,Vrijstaande houten berging,Openbaar parkeren,1.78,48%,€ 4.683,,,,,,,,,,,,,,,,,,,,,,397266.5066667088,True,-2266.506666708796,2266.506666708796
https://www.funda.nl/detail/koop/almere/huis-veelzijdige-hoekwoning-bouwnr-15/89970583/,Veelzijdige hoekwoning (Bouwnr. 15),,1362 JG,Almere,Europakwartier Oost (brt),777244.0,€ 4.367,Beschikbaar,"Eengezinswoning, tussenwoning",Nieuwbouw,2024,,,,178 m²,,,,,658 m³,5 kamers (3 slaapkamers),,,3 woonlagen,,Niet beschikbaar,,,,,,,,,,,,2.27,44%,€ 4.829,,,,,,,,,,,,,,,,,,,,,,750539.5892654157,True,26704.410734584322,26704.410734584322
https://www.funda.nl/detail/koop/almere/huis-hoekwoning-bouwnr-1/89679594/,Hoekwoning (Bouwnr. 1),,1361 BS,Almere,Duin Zuid,825000.0,€ 5.255,Verkocht onder voorbehoud,"Eengezinswoning, hoekwoning",Nieuwbouw,2026,,,,157 m²,,52 m²,5 m²,147 m²,408 m³,5 kamers (4 slaapkamers),1 badkamer en 1 apart toilet,,3 woonlagen,Elektra,A++,,Stadsverwarming,,147 m²,,,,,,Aangebouwde houten berging,Op eigen terrein,2.055,30%,€ 5.624,Woningborg Garantiecertificaat,,,,,,,,,,,,,,,,,,,,,809260.0961214025,True,15739.903878597543,15739.903878597543
https://www.funda.nl/detail/koop/almere/huis-de-vlet-tussenwoning-bouwnr-319/43155626/,De Vlet - Tussenwoning (Bouwnr. 319),,1349 NC,Almere,Oosterwold Zuid,379000.0,€ 6.649,Onder optie,"Eengezinswoning, tussenwoning",Nieuwbouw,2025,,Plat dak,,57 m²,,,4 m²,104 m²,270 m³,3 kamers (2 slaapkamers),1 badkamer,Douche en wastafel,2 woonlagen,Zonnepanelen,A++++,HR-glas en volledig geïsoleerd,Gehele vloerverwarming en warmtepomp,,104 m²,,"Aan rustige weg, in woonwijk, landelijk gelegen en vrij uitzicht",Achtertuin,,,Vrijstaande houten berging,Openbaar parkeren,3.53,40%,€ 5.670,,,,,,,,,,,,,,,,,,,,,,356475.32239472313,True,22524.67760527687,22524.67760527687
https://www.funda.nl/detail/koop/almere/huis-leemwierde-84/43366793/,Leemwierde,84.0,1353 LK,Almere,Kornwierde en Leemwierde,350000.0,€ 4.430,Verkocht onder voorbehoud,"Eengezinswoning, tussenwoning",Bestaande bouw,1983,,,,79 m²,,,7 m²,120 m²,270 m³,4 kamers (3 slaapkamers),,,2 woonlagen,Glasvezelkabel en mechanische ventilatie,A,,Cv-ketel,Cv-ketel,120 m²,,"Aan bosrand, aan rustige weg, in bosrijke omgeving en in woonwijk",,,,,Openbaar parkeren,1.06,37%,€ 3.816,,"Gas gestookt, eigendom",Vrijstaande stenen garage,1 auto,,,,,,,,,,,,,,,,,,326930.222194736,True,23069.77780526399,23069.77780526399
https://www.funda.nl/detail/koop/almere/huis-aegirstraat-10/89777926/,Aegirstraat,10.0,1363 WJ,Almere,Homeruskwartier Zuid,875000.0,€ 4.510,Beschikbaar,"Eengezinswoning, 2-onder-1-kapwoning",Bestaande bouw,2016,,Plat dak bedekt met bitumineuze dakbedekking,,194 m²,12 m²,,,311 m²,719 m³,7 kamers (6 slaapkamers),1 badkamer en 1 apart toilet,"Dubbele wastafel, inloopdouche, ligbad, toilet, vloerverwarming, en wastafelmeubel",3 woonlagen,Elektra,A+,Volledig geïsoleerd,Stadsverwarming en gehele vloerverwarming,Stadsverwarming,311 m²,Volle eigendom,"Aan park, aan rustige weg, aan water en in woonwijk","Achtertuin, voortuin en zijtuin","159 m² (10,80 meter diep en 14,76 meter breed)",Gelegen op het zuidwesten bereikbaar via achterom,Aangebouwde stenen berging,Op eigen terrein en openbaar parkeren,2.42,45%,€ 4.952,,,Parkeerplaats,,,,Frans balkon aanwezig,,,,,,,,,,,,,,,855248.0975710402,True,19751.902428959846,19751.902428959846
https://www.funda.nl/detail/koop/almere/huis-breitnerstraat-15/43397974/,Breitnerstraat,15.0,1318 LS,Almere,Tussen de Vaarten N.- West,615000.0,€ 3.436,Onder bod,"Eengezinswoning, hoekwoning",Bestaande bouw,2000,,Lessenaardak bedekt met pannen,,179 m²,,3 m²,9 m²,305 m²,600 m³,7 kamers (4 slaapkamers),2 badkamers en 1 apart toilet,"Dubbele wastafel, inloopdouche, 2 toiletten, douche, en wastafelmeubel",3 woonlagen,Elektra,A,Geen isolatie,Stadsverwarming,Stadsverwarming,305 m²,Eigendom belast met opstal,,"Achtertuin, voortuin en zijtuin","141 m² (12,49 meter diep en 11,32 meter breed)",Gelegen op het noordwesten,Vrijstaande houten berging,Op eigen terrein,1.515,46%,,,,,,,,,,,,,,,,,,,,,,,655981.9832859777,True,-40981.98328597774,40981.98328597774
https://www.funda.nl/detail/koop/almere/huis-parkwijklaan-6/43308526/,Parkwijklaan,6.0,1326 AS,Almere,Parkwijk Noordwest,498000.0,€ 3.320,Onder bod,"Eengezinswoning, tussenwoning",Bestaande bouw,1995,,Samengesteld dak bedekt met bitumineuze dakbedekking,,150 m²,,19 m²,10 m²,155 m²,481 m³,5 kamers (4 slaapkamers),1 badkamer en 1 apart toilet,"Douche, ligbad, toilet, en wastafelmeubel",3 woonlagen,Elektra,A,Dakisolatie en dubbel glas,Stadsverwarming,Stadsverwarming,155 m²,Volle eigendom,In woonwijk,Achtertuin en voortuin,"54 m² (9,00 meter diep en 6,00 meter breed)",Gelegen op het zuiden bereikbaar via achterom,Vrijstaande houten berging,Openbaar parkeren,1.76,39%,€ 3.832,,,,,,,Dakterras aanwezig,,,,,,,,,,,,,,,555748.4065335967,True,-57748.40653359669,57748.40653359669
https://www.funda.nl/detail/koop/almere/huis-b1-bouwnr-2/43809569/,B1 (Bouwnr. 2),,1362 LC,Almere,Olympiakwartier Oost (brt),522195.0,€ 4.662,Verkocht onder voorbehoud,"Eengezinswoning, tussenwoning",Nieuwbouw,2025,,,,112 m²,,,,82 m²,404 m³,5 kamers (4 slaapkamers),,,3 woonlagen,,A++,,,,82 m²,,In woonwijk,,,,Vrijstaande houten berging,,125.0,,,,,,,,,,,,,,,,,,,,,,,,532242.0756886163,True,-10047.075688616256,10047.075688616256
https://www.funda.nl/detail/koop/almere/huis-carel-willinklaan-18/43350977/,Carel Willinklaan,18.0,1328 GA,Almere,Tussen de Vaarten Z.- Noordoost,560000.0,€ 3.522,Beschikbaar,"Eengezinswoning, tussenwoning",Bestaande bouw,2001,,Plat dak bedekt met bitumineuze dakbedekking,,159 m²,,18 m²,13 m²,240 m²,506 m³,5 kamers (3 slaapkamers),1 badkamer en 1 apart toilet,"Douche, ligbad, toilet, wastafel, en wastafelmeubel",3 woonlagen,Elektra en verwarming,A,Geen isolatie,Stadsverwarming,Stadsverwarming,240 m²,Volle eigendom,Aan rustige weg en in woonwijk,Achtertuin en voortuin,"113 m² (13,00 meter diep en 8,70 meter breed)",Gelegen op het zuidwesten,Inpandig,Op eigen terrein,2.16,50%,€ 3.809,,,Carport,,,,,,,,,,,,,,,,,,,585259.2735679415,True,-25259.273567941505,25259.273567941505
https://www.funda.nl/detail/koop/almere/huis-baron-van-keverbergweg-5/43376177/,Baron van Keverbergweg,5.0,1349 CW,Almere,Oosterwold Zuid,1195000.0,€ 5.801,Beschikbaar,"Bungalow, vrijstaande woning",Bestaande bouw,2020,,Plat dak bedekt met bitumineuze dakbedekking,,206 m²,,14 m²,15 m²,,867 m³,4 kamers (2 slaapkamers),1 badkamer en 1 apart toilet,"Dubbele wastafel, inloopdouche, ligbad, toilet, vloerverwarming, en wastafelmeubel",1 woonlaag,Elektra,A+++,Volledig geïsoleerd,"Aardwarmte, gehele vloerverwarming, warmte terugwininstallatie en warmtepomp",Aardwarmte en elektrische boiler,,Volle eigendom,"Aan rustige weg, aan water, in woonwijk en vrij uitzicht",Tuin rondom,,,,Op eigen terrein,3.53,40%,€ 5.670,Huisgarantie,,Vrijstaande stenen garage,1 auto,,Toegankelijk voor mensen met een beperking en toegankelijk voor ouderen,,,,€ 100 per maand,,,,,,,,,,,,1298262.047159475,True,-103262.04715947504,103262.04715947504
https://www.funda.nl/detail/koop/almere/huis-stadswerf-86/43306756/,Stadswerf,86.0,1354 CH,Almere,Parkwerf en Stadswerf,375000.0,€ 3.289,Onder bod,"Eengezinswoning, tussenwoning",Bestaande bouw,1977,,Samengesteld dak bedekt met bitumineuze dakbedekking en pannen,,114 m²,,1 m²,7 m²,99 m²,374 m³,6 kamers (5 slaapkamers),1 badkamer en 1 apart toilet,"Ligbad, toilet, en wastafelmeubel",3 woonlagen,Elektra,B,Dubbel glas en HR-glas,Cv-ketel,Cv-ketel,99 m²,Volle eigendom,Aan rustige weg en in woonwijk,Achtertuin,"44 m² (8,00 meter diep en 5,50 meter breed)",Gelegen op het zuidoosten bereikbaar via achterom,Vrijstaande stenen berging,Openbaar parkeren,520.0,36%,,Energie Prestatie Advies,"Gas gestookt combiketel uit 2010, huur",,,,,,,,,,,,,,,,,,,,381136.9515307684,True,-6136.95153076842,6136.95153076842
https://www.funda.nl/detail/koop/almere/huis-jan-van-goyenstraat-58/89674607/,Jan van Goyenstraat,58.0,1318 RE,Almere,Tussen de Vaarten N.- Oost,415000.0,€ 4.611,Beschikbaar,"Eengezinswoning, eindwoning",Bestaande bouw,1999,,,,90 m²,,,7 m²,163 m²,309 m³,3 kamers (2 slaapkamers),1 badkamer en 1 apart toilet,"Ligbad, toilet, en wastafelmeubel",2 woonlagen,Elektra,A,,Stadsverwarming,Stadsverwarming,163 m²,Volle eigendom,Aan rustige weg en in woonwijk,Achtertuin en voortuin,"56 m² (10,30 meter diep en 5,40 meter breed)",Gelegen op het zuidoosten bereikbaar via achterom,Vrijstaande houten berging,Op eigen terrein en openbaar parkeren,1.94,51%,€ 4.183,,,,,,,,,,,,,,,,,,,,,,392491.94163104217,True,22508.058368957834,22508.058368957834
https://www.funda.nl/detail/koop/almere/huis-twee-onder-een-kap-bouwnr-6/89679602/,Twee-onder-één-kap (Bouwnr. 6),,1361 BS,Almere,Duin Zuid,965000.0,€ 5.391,Verkocht onder voorbehoud,"Eengezinswoning, 2-onder-1-kapwoning",Nieuwbouw,2026,,,,179 m²,,61 m²,5 m²,193 m²,465 m³,5 kamers (4 slaapkamers),1 badkamer en 1 apart toilet,,3 woonlagen,Elektra,A++,,Stadsverwarming,,193 m²,,,,,,Aangebouwde houten berging,Op eigen terrein,2.055,30%,€ 5.624,,,,,,,,,,,,,,,,,,,,,,955075.4543370293,False,9924.545662970748,9924.545662970748
https://www.funda.nl/detail/koop/almere/huis-peppengouw-98/89750888/,Peppengouw,98.0,1351 NH,Almere,"Lindengouw, Muidergouw en Peppengouw",450000.0,€ 3.383,Verkocht onder voorbehoud,"Eengezinswoning, hoekwoning",Bestaande bouw,1980,,Zadeldak bedekt met pannen,,133 m²,,,8 m²,174 m²,479 m³,6 kamers (3 slaapkamers),1 badkamer en 1 apart toilet,"Douche, ligbad, toilet, wastafel, en wastafelmeubel",3 woonlagen,Elektra,B,"Dakisolatie, muurisolatie en vloerisolatie",Cv-ketel,Cv-ketel,174 m²,Volle eigendom,Aan rustige weg en in woonwijk,Achtertuin,"68 m² (8,88 meter diep en 7,68 meter breed)",Gelegen op het noordwesten bereikbaar via achterom,Aangebouwde houten berging,Openbaar parkeren,1.075,36%,€ 3.585,,"HR 107 (gas gestookt combiketel, eigendom)",,,,,,,,,,,,,,,,,,,,457945.9138064579,True,-7945.913806457887,7945.913806457887
https://www.funda.nl/detail/koop/almere/huis-willem-bontekoestraat-142/43324702/,Willem Bontekoestraat,142.0,1335 NK,Almere,Oostvaardersbuurt West,462500.0,€ 3.613,Beschikbaar,"Eengezinswoning, hoekwoning",Bestaande bouw,1999,,Zadeldak bedekt met pannen,,128 m²,,,8 m²,175 m²,449 m³,3 kamers (3 slaapkamers),1 badkamer,"Inloopdouche, toilet, en wastafelmeubel",1 woonlaag,Elektra,A+++,Geen isolatie,,Elektrische boiler,175 m²,Volle eigendom,,Achtertuin en voortuin,"53 m² (10,00 meter diep en 5,25 meter breed)",Gelegen op het noordoosten bereikbaar via achterom,Vrijstaande houten berging,Op eigen terrein en openbaar parkeren,2.465,50%,€ 3.859,,,,,,,,,,,,,,,,,,,,,,521091.03507095115,False,-58591.035070951155,58591.035070951155
https://www.funda.nl/detail/koop/almere/huis-schapenmeent-67/89747086/,Schapenmeent,67.0,1357 GE,Almere,Schapenmeent en Terpmeent,445000.0,€ 3.708,Beschikbaar,"Eengezinswoning, tussenwoning",Bestaande bouw,1980,Dubbele bewoning mogelijk,Zadeldak bedekt met pannen,,120 m²,5 m²,,18 m²,130 m²,442 m³,5 kamers (4 slaapkamers),1 badkamer en 1 apart toilet,Douche en wastafel,3 woonlagen,Elektra,B,"Dakisolatie, grotendeels dubbelglas en HR-glas","Cv-ketel, houtkachel en gedeeltelijke vloerverwarming",Cv-ketel,130 m²,Volle eigendom,Aan rustige weg en in woonwijk,Achtertuin en voortuin,"60 m² (9,80 meter diep en 6,14 meter breed)",Gelegen op het westen bereikbaar via achterom,Vrijstaande houten berging,Openbaar parkeren,800.0,31%,€ 3.836,,"Intergas Extreme 36 (gas gestookt uit 2023, eigendom)",,,,,,,,,,,,,,,,,,,,417549.1275762543,False,27450.87242374569,27450.87242374569
https://www.funda.nl/detail/koop/almere/huis-hitchcocklaan-104/43384143/,Hitchcocklaan,104.0,1325 TE,Almere,Filmwijk Zuid-zuid van Walt Disneyplts.,460000.0,€ 4.423,Beschikbaar,"Eengezinswoning, tussenwoning",Bestaande bouw,1996,Gedeeltelijk gestoffeerd,Zadeldak bedekt met pannen,,104 m²,,,7 m²,124 m²,351 m³,4 kamers (3 slaapkamers),1 badkamer en 1 apart toilet,"Inloopdouche, toilet, wastafel, en wastafelmeubel",3 woonlagen,Elektra,A,Geen isolatie,Stadsverwarming,Stadsverwarming,124 m²,Volle eigendom,Aan rustige weg en in woonwijk,Achtertuin en voortuin,"58 m² (13,00 meter diep en 4,50 meter breed)",Gelegen op het noordwesten bereikbaar via achterom,Vrijstaande houten berging,Openbaar parkeren,1.78,48%,€ 4.683,,,,,,,,,,,,,,,,,,,,,,418414.83103771193,False,41585.168962288066,41585.168962288066
https://www.funda.nl/detail/koop/almere/huis-dolfijnpad-12/89552084/,Dolfijnpad,12.0,1317 HH,Almere,Waterwijk Oost,425000.0,€ 3.664,Onder bod,"Eengezinswoning, tussenwoning",Bestaande bouw,1986,,,,116 m²,,,7 m²,130 m²,379 m³,5 kamers (4 slaapkamers),1 badkamer en 1 apart toilet,"Douche, ligbad, toilet, en wastafel",2 woonlagen en een zolder,"Glasvezelkabel, mechanische ventilatie, en schuifpui",A,,Stadsverwarming,Stadsverwarming,130 m²,Volle eigendom,In woonwijk,Achtertuin en voortuin,"66 m² (12,27 meter diep en 5,34 meter breed)",Gelegen op het noordoosten bereikbaar via achterom,Vrijstaande houten berging,Openbaar parkeren,1.645,33%,€ 3.901,,,,,,,,,,,,,,,,,,,,,,443646.3285112325,True,-18646.32851123251,18646.32851123251
https://www.funda.nl/detail/koop/almere/huis-francois-valentijnstraat-97/43328712/,François Valentijnstraat,97.0,1335 RC,Almere,Oostvaardersbuurt West,450000.0,€ 4.167,Beschikbaar,"Eengezinswoning, tussenwoning",Bestaande bouw,2000,,Dwarskap bedekt met pannen,,108 m²,,20 m²,6 m²,163 m²,371 m³,3 kamers (2 slaapkamers),1 badkamer en 1 apart toilet,"Douche, dubbele wastafel, ligbad, en toilet",2 woonlagen,Elektra,A+,"Dakisolatie, dubbel glas, muurisolatie, vloerisolatie en volledig geïsoleerd",Cv-ketel en gedeeltelijke vloerverwarming,Cv-ketel,163 m²,Volle eigendom,Aan rustige weg en in woonwijk,Achtertuin en voortuin,,,Vrijstaande houten berging,Openbaar parkeren,2.465,50%,€ 3.859,,"Remeha (gas gestookt combiketel uit 2021, eigendom)",,,,,,,,,,,,,,,,,,,,480377.1427077369,True,-30377.14270773687,30377.14270773687
https://www.funda.nl/detail/koop/almere/huis-vierlaags-herenhuis-bouwnr-5/89308165/,Vierlaags herenhuis (Bouwnr. 5),,1362 JT,Almere,Europakwartier Oost (brt),699500.0,€ 4.345,Beschikbaar,"Herenhuis, tussenwoning",Nieuwbouw,2026,,Zadeldak,,161 m²,,,6 m²,113 m²,419 m³,7 kamers (6 slaapkamers),1 badkamer en 1 apart toilet,,4 woonlagen,Elektra,A+++,,,,113 m²,,,Achtertuin,"42 m² (0,11 meter diep en 0,05 meter breed)",,Vrijstaande houten berging,Openbaar parkeren,2.27,44%,€ 4.829,,,,,,,,,,,,,,,,,,,,,,701446.3691219687,True,-1946.3691219687462,1946.3691219687462
https://www.funda.nl/detail/koop/almere/huis-madernastraat-40/43272839/,Madernastraat,40.0,1323 HL,Almere,Muziekwijk Z.-Oost,520000.0,€ 5.000,Onder bod,"Eengezinswoning, 2-onder-1-kapwoning",Bestaande bouw,1989,,Dwarskap bedekt met pannen,,104 m²,16 m²,,4 m²,185 m²,416 m³,4 kamers (3 slaapkamers),1 badkamer en 1 apart toilet,"Douche, ligbad, toilet, en wastafelmeubel",3 woonlagen,"Elektra, verwarming en stromend water",A,Geen isolatie,"Open haard, stadsverwarming en gedeeltelijke vloerverwarming",Centrale voorziening,185 m²,Volle eigendom,Aan rustige weg en in woonwijk,"Achtertuin, voortuin en zijtuin","63 m² (9,00 meter diep en 7,00 meter breed)",Gelegen op het noordwesten bereikbaar via achterom,Vrijstaande houten berging,Openbaar parkeren,2.99,35%,€ 4.128,,,Inpandig,1 auto,,,,,,,,,,,,,,,,,,472838.86628935824,True,47161.13371064176,47161.13371064176
https://www.funda.nl/detail/koop/almere/huis-senecalaan-58/43313855/,Senecalaan,58.0,1349 LG,Almere,Oosterwold Noord,450000.0,€ 8.182,Beschikbaar,"Bungalow, vrijstaande woning",Bestaande bouw,2022,Gedeeltelijk gestoffeerd,Plat dak bedekt met bitumineuze dakbedekking,,55 m²,,,6 m²,520 m²,211 m³,3 kamers (2 slaapkamers),1 badkamer,"Inloopdouche, toilet, wastafel, en wastafelmeubel",1 woonlaag,Elektra,A+++,Geen isolatie,Elektrische verwarming en gehele vloerverwarming,Elektrische boiler,75 m²,Volle eigendom,"Aan rustige weg, in woonwijk, open ligging en vrij uitzicht",Tuin rondom,,,Vrijstaande houten berging,Op eigen terrein en openbaar parkeren,2.605,43%,€ 6.505,,,,,,,,,,,,,,,,,,,,,,446349.00370248855,True,3650.9962975114468,3650.9962975114468
https://www.funda.nl/detail/koop/almere/huis-chagallweg-74/43301053/,Chagallweg,74.0,1328 LH,Almere,Tussen de Vaarten Z.- Midden oost,985000.0,€ 4.139,Beschikbaar,"Eengezinswoning, eindwoning",Bestaande bouw,2003,Gedeeltelijk gestoffeerd,Plat dak bedekt met bitumineuze dakbedekking,,238 m²,,10 m²,148 m²,573 m²,899 m³,6 kamers (4 slaapkamers),1 badkamer en 2 aparte toiletten,"Dubbele wastafel, inloopdouche, en ligbad",2 woonlagen,"Frans balkon, glasvezelkabel, mechanische ventilatie, rookkanaal, en schuifpui",A,Volledig geïsoleerd,"Houtkachel, stadsverwarming en gedeeltelijke vloerverwarming",Centrale voorziening en stadsverwarming,573 m²,Volle eigendom,Aan rustige weg en in woonwijk,Achtertuin en voortuin,"130 m² (13,00 meter diep en 10,00 meter breed)",Gelegen op het zuidoosten,,Op eigen terrein,1.45,58%,€ 3.878,,,,,,,Balkon aanwezig,,,,(vrijstaand),,,,,,,,,,,859764.3312580014,True,125235.66874199861,125235.66874199861
https://www.funda.nl/detail/koop/almere/huis-hildegard-van-bingenweg-74/89737443/,Hildegard van Bingenweg,74.0,1349 KC,Almere,Oosterwold Zuid,449000.0,€ 7.877,Beschikbaar,"Eengezinswoning, vrijstaande woning",Bestaande bouw,2022,,,,57 m²,,23 m²,14 m²,465 m²,233 m³,2 kamers (1 slaapkamer),1 badkamer en 1 apart toilet,"Sauna, inloopdouche, en wastafel",1 woonlaag,Sauna en zonnepanelen,A+++,,Gedeeltelijke vloerverwarming,,465 m²,Volle eigendom,,Achtertuin en tuin rondom,,,Vrijstaand kunststof,Op eigen terrein,3.53,40%,€ 5.670,,,,,,,,,,,,,,,,,,,,,,461094.1378796928,True,-12094.137879692775,12094.137879692775
https://www.funda.nl/detail/koop/almere/huis-3-laagse-tussenwoning-bouwnr-8/43225034/,3-Laagse tussenwoning (Bouwnr. 8),,1362 LK,Almere,Olympiakwartier Oost (brt),550000.0,€ 4.741,Onder optie,"Eengezinswoning, tussenwoning",Nieuwbouw,Na 2020,,Plat dak,,116 m²,,,,95 m²,420 m³,5 kamers (4 slaapkamers),1 badkamer en 1 apart toilet,"Douche, toilet, en wastafel",3 woonlagen,Elektra,A+++,Geen isolatie,Stadsverwarming,Stadsverwarming,95 m²,,In woonwijk,Achtertuin,,,Vrijstaande houten berging,Openbaar parkeren,125.0,,,Woningborg Garantiecertificaat,,,,,,,,,,,,,,,,,,,,,557897.5873114609,True,-7897.587311460869,7897.587311460869
https://www.funda.nl/detail/koop/almere/huis-e-du-perronstraat-34/43300560/,E. du Perronstraat,34.0,1321 BC,Almere,Literatuurwijk Midden-oost,500000.0,€ 3.906,Beschikbaar,"Eengezinswoning, tussenwoning",Bestaande bouw,1997,,Lessenaardak bedekt met pannen,,128 m²,,,8 m²,145 m²,454 m³,5 kamers (4 slaapkamers),1 badkamer en 1 apart toilet,"Douche, ligbad, toilet, en wastafel",3 woonlagen,Elektra,A+,HR-glas en volledig geïsoleerd,"Open haard, stadsverwarming en gedeeltelijke vloerverwarming",Stadsverwarming,145 m²,Volle eigendom,Aan rustige weg en in woonwijk,Achtertuin en voortuin,"61 m² (5,50 meter diep en 11,00 meter breed)",Gelegen op het noordoosten bereikbaar via achterom,Vrijstaande houten berging,Openbaar parkeren,1.825,57%,€ 4.073,,,,,,,,,,,,,,,,,,,,,,496621.09021563444,True,3378.909784365562,3378.909784365562
https://www.funda.nl/detail/koop/almere/huis-3-laagse-hoekwoning-bouwnr-30/43225096/,3-Laagse hoekwoning (Bouwnr. 30),,1362 LK,Almere,Olympiakwartier Oost (brt),610000.0,€ 4.919,Verkocht onder voorbehoud,"Eengezinswoning, hoekwoning",Nieuwbouw,Na 2020,,Plat dak,,124 m²,,,,,449 m³,5 kamers (4 slaapkamers),1 badkamer en 1 apart toilet,"Douche, toilet, en wastafel",3 woonlagen,Elektra,A+++,Geen isolatie,Stadsverwarming,Stadsverwarming,,,In woonwijk,Achtertuin,,,Vrijstaande houten berging,Openbaar parkeren,125.0,,,Woningborg Garantiecertificaat,,,,,,,,,,,,,,,,,,,,,598975.4883028469,True,11024.511697153095,11024.511697153095
https://www.funda.nl/detail/koop/almere/huis-kerkinilaan-29/89722038/,Kerkinilaan,29.0,1362 KB,Almere,Europakwartier Oost (brt),500000.0,€ 5.155,Beschikbaar,"Eengezinswoning, tussenwoning",Bestaande bouw,2025,,,,97 m²,,,6 m²,96 m²,376 m³,5 kamers (3 slaapkamers),1 badkamer en 1 apart toilet,"Douche, dubbele wastafel, en toilet",3 woonlagen,Elektra,A++,Volledig geïsoleerd,Stadsverwarming en warmte terugwininstallatie,Stadsverwarming,96 m²,Volle eigendom,Aan rustige weg en in woonwijk,Achtertuin en voortuin,"0,01 meter diep en 0,01 meter breed",Gelegen op het zuidoosten bereikbaar via achterom,Vrijstaande houten berging,Openbaar parkeren,2.27,44%,€ 4.829,SWK Garantiecertificaat,,,,,,Frans balkon aanwezig,,,,,,,,,,,,,,,483423.41785138356,False,16576.582148616435,16576.582148616435
https://www.funda.nl/detail/koop/almere/huis-romy-schneiderweg-39/43301051/,Romy Schneiderweg,39.0,1325 LW,Almere,Filmwijk Midden,615000.0,€ 4.212,Onder bod,"Eengezinswoning, geschakelde woning",Bestaande bouw,1995,,Lessenaardak bedekt met pannen,,146 m²,17 m²,6 m²,12 m²,284 m²,567 m³,6 kamers (5 slaapkamers),1 badkamer en 1 apart toilet,"Inloopdouche, ligbad, toilet, wastafel, en wastafelmeubel",3 woonlagen,Elektra en stromend water,B,,Stadsverwarming en gedeeltelijke vloerverwarming,Stadsverwarming,284 m²,Volle eigendom,"Aan rustige weg, in woonwijk en vrij uitzicht",Achtertuin en voortuin,"120 m² (12,00 meter diep en 9,00 meter breed)",Gelegen op het zuiden,Vrijstaande houten berging,Op eigen terrein en openbaar parkeren,1.95,48%,€ 4.045,,,Aangebouwde stenen garage,1 auto,,,Dakterras aanwezig,,,,,,,,,,,,,,,553118.4720853647,True,61881.527914635255,61881.527914635255
https://www.funda.nl/detail/koop/almere/huis-herenhuis-bouwnr-20/89460291/,Herenhuis (Bouwnr. 20),,1362 JT,Almere,Europakwartier Oost (brt),637906.0,€ 4.725,Beschikbaar,"Herenhuis, tussenwoning",Nieuwbouw,2026,,,,135 m²,,,6 m²,126 m²,351 m³,5 kamers (4 slaapkamers),1 badkamer en 1 apart toilet,,3 woonlagen,Zonnepanelen,A+++,,,,126 m²,,,,,,Vrijstaande houten berging,Openbaar parkeren,2.27,44%,€ 4.829,Woningborg Garantiecertificaat,,,,,,,,,,,,,,,,,,,,,631310.5186513381,True,6595.481348661939,6595.481348661939
https://www.funda.nl/detail/koop/almere/huis-amorstraat-9/43324967/,Amorstraat,9.0,1363 VT,Almere,Homeruskwartier Midden,465000.0,€ 4.429,Beschikbaar,"Eengezinswoning, eindwoning",Bestaande bouw,2011,,Lessenaardak bedekt met pannen,,105 m²,,,14 m²,127 m²,418 m³,4 kamers (3 slaapkamers),1 badkamer en 1 apart toilet,"Douche, ligbad, toilet, en wastafel",3 woonlagen,Elektra,A,,Stadsverwarming,Stadsverwarming,127 m²,Volle eigendom,In woonwijk en open ligging,Achtertuin,"75 m² (13,00 meter diep en 5,76 meter breed)",Gelegen op het noordwesten bereikbaar via achterom,Vrijstaande houten berging,Openbaar parkeren,2.625,44%,€ 4.691,,,,,,,,,,,,,,,,,,,,,,470430.0753656104,True,-5430.075365610421,5430.075365610421
https://www.funda.nl/detail/koop/almere/huis-pompoenweg-58/89570514/,Pompoenweg,58.0,1349 KA,Almere,Oosterwold Zuid,1200000.0,€ 6.154,Beschikbaar,"Villa, vrijstaande woning",Bestaande bouw,2021,,,,195 m²,21 m²,2 m²,5 m²,2.231 m²,802 m³,7 kamers (5 slaapkamers),2 badkamers en 1 apart toilet,"Dubbele wastafel, 2 inloopdouches, ligbad, 2 toiletten, vloerverwarming, en wastafel",3 woonlagen en een zolder,,Niet beschikbaar,,,,2.231 m²,Volle eigendom,,Tuin rondom,,,,,3.53,40%,€ 5.670,,,Aangebouwde stenen garage,1 auto,,,,,,,,,,,,,,,,,,1107303.4618571256,True,92696.53814287437,92696.53814287437
https://www.funda.nl/detail/koop/almere/huis-oeverwalhof-2/89734029/,Oeverwalhof,2.0,1349 JE,Almere,Oosterwold Zuid,575000.0,€ 6.928,Verkocht onder voorbehoud,"Bungalow, hoekwoning",Bestaande bouw,2021,Gestoffeerd,Lessenaardak bedekt met kunststof,,83 m²,,,,,321 m³,3 kamers (2 slaapkamers),1 badkamer en 1 apart toilet,"Inloopdouche, ligbad, en wastafelmeubel",1 woonlaag,"Balansventilatie, buitenzonwering, glasvezelkabel, en zonnepanelen",A++++,"Dakisolatie, eco-bouw, HR-glas, muurisolatie, vloerisolatie en volledig geïsoleerd","Gehele vloerverwarming, warmte terugwininstallatie en warmtepomp",Doorstroomboiler,1 m²,,"Aan park, in bosrijke omgeving, in woonwijk en vrij uitzicht",Achtertuin en voortuin,"74 m² (7,00 meter diep en 10,51 meter breed)",Gelegen op het zuidwesten bereikbaar via achterom,,Op eigen terrein,3.53,40%,€ 5.670,Brandveiligheid en Energie Prestatie Advies,,,,,Toegankelijk voor mensen met een beperking en toegankelijk voor ouderen,,,,,,,,,,,,,,,,547371.094119969,True,27628.905880030943,27628.905880030943
https://www.funda.nl/detail/koop/almere/huis-belcampohof-5/89781928/,Belcampohof,5.0,1321 GB,Almere,Literatuurwijk Midden-oost,495000.0,€ 4.091,Beschikbaar,"Eengezinswoning, tussenwoning",Bestaande bouw,1998,Gestoffeerd,Plat dak bedekt met bitumineuze dakbedekking,,121 m²,,1 m²,9 m²,130 m²,395 m³,6 kamers (4 slaapkamers),1 badkamer en 1 apart toilet,"Ligbad, toilet, wastafel, en wastafelmeubel",3 woonlagen,Elektra,A,Dubbel glas en volledig geïsoleerd,Stadsverwarming,Stadsverwarming,130 m²,Volle eigendom,In woonwijk,Achtertuin en voortuin,"63 m² (11,80 meter diep en 5,30 meter breed)",Gelegen op het zuidwesten bereikbaar via achterom,Vrijstaande houten berging,Openbaar parkeren,1.825,57%,€ 4.073,,,,,,,,,,,,,,,,,,,,,,476511.4253123054,True,18488.574687694607,18488.574687694607
https://www.funda.nl/detail/koop/almere/huis-titus-brandsmalaan-43/43398422/,Titus Brandsmalaan,43.0,1349 DB,Almere,Oosterwold Noord,1100000.0,€ 4.151,Beschikbaar,"Eengezinswoning, vrijstaande woning",Bestaande bouw,2020,Dubbele bewoning mogelijk,Plat dak bedekt met bitumineuze dakbedekking,,265 m²,,,21 m²,2.993 m²,1.069 m³,8 kamers (5 slaapkamers),3 badkamers en 1 apart toilet,"3 douches, 3 toiletten, en 3 wastafels",1 woonlaag,Balansventilatie en zonnepanelen,A+++,Volledig geïsoleerd,Gehele vloerverwarming,,2.993 m²,Volle eigendom,"Aan rustige weg, beschutte ligging, landelijk gelegen en vrij uitzicht",Tuin rondom,,,,Op eigen terrein,2.605,43%,€ 6.505,,,,,,,,,,,,,,,,,,,,,,1478654.7768393913,True,-378654.7768393913,378654.7768393913
https://www.funda.nl/detail/koop/almere/huis-jj-slauerhoffstraat-76/89664586/,J.J. Slauerhoffstraat,76.0,1321 RH,Almere,Literatuurwijk Midden-west,435000.0,€ 3.884,Onder bod,"Eengezinswoning, eindwoning (patiowoning)",Bestaande bouw,2002,,Plat dak bedekt met bitumineuze dakbedekking,,112 m²,9 m²,,,108 m²,418 m³,4 kamers (3 slaapkamers),2 badkamers en 1 apart toilet,"2 douches, 2 wastafels, toilet, en wastafelmeubel",2 woonlagen,Elektra,A,Volledig geïsoleerd,Stadsverwarming,Stadsverwarming,108 m²,Volle eigendom,In woonwijk,Patio/atrium,,Gelegen op het zuidwesten bereikbaar via achterom,Aangebouwde stenen berging,Openbaar parkeren,2.055,48%,€ 4.120,Energie Prestatie Advies,,,,,Toegankelijk voor mensen met een beperking en toegankelijk voor ouderen,,,"22 m² (4,73 meter diep en 4,68 meter breed)",,,,,,,,,,,,,479504.2539032407,False,-44504.25390324072,44504.25390324072
https://www.funda.nl/detail/koop/almere/huis-cecil-powellhof-3/43328947/,Cecil Powellhof,3.0,1341 CM,Almere,Nobelhorst West,895000.0,€ 4.431,Beschikbaar,"Eengezinswoning, 2-onder-1-kapwoning",Bestaande bouw,2019,,Zadeldak bedekt met pannen,,202 m²,,,31 m²,396 m²,612 m³,5 kamers (3 slaapkamers),1 badkamer en 1 apart toilet,"Inloopdouche, toilet, en wastafelmeubel",3 woonlagen,,A+,Volledig geïsoleerd,Cv-ketel,Cv-ketel,396 m²,Volle eigendom,,"Achtertuin, voortuin en zijtuin","187 m² (17,00 meter diep en 11,00 meter breed)",Gelegen op het zuidwesten bereikbaar via achterom,Vrijstaande houten berging,Op eigen terrein en openbaar parkeren,2.425,65%,€ 4.472,,Intergas (gas gestookt combiketel uit 2019),,,,,,,,,,,,,,,,,,,,899589.9475169512,True,-4589.947516951244,4589.947516951244
https://www.funda.nl/detail/koop/almere/huis-catalpastraat-36/43329704/,Catalpastraat,36.0,1326 DN,Almere,Parkwijk Noordoost,425000.0,€ 3.899,Beschikbaar,"Eengezinswoning, tussenwoning",Bestaande bouw,1995,Gedeeltelijk gestoffeerd,Zadeldak bedekt met pannen,,109 m²,,1 m²,7 m²,161 m²,378 m³,5 kamers (4 slaapkamers),1 badkamer en 1 apart toilet,"Dubbele wastafel, inloopdouche, toilet, en wastafelmeubel",2 woonlagen en een zolder,Elektra,A,Geen isolatie,Stadsverwarming,Stadsverwarming,161 m²,Volle eigendom,Aan rustige weg en in woonwijk,Achtertuin en voortuin,"88 m² (16,00 meter diep en 5,50 meter breed)",Gelegen op het zuiden bereikbaar via achterom,Vrijstaande houten berging,Openbaar parkeren,1.875,47%,€ 3.881,,,,,,,,,,,,,,,,,,,,,,460692.3442542765,True,-35692.34425427648,35692.34425427648
https://www.funda.nl/detail/koop/almere/huis-hultense-bos-10-2/43304645/,Hultense Bos 10,2.0,1358 GG,Almere,Overgooi (brt),1000000.0,€ 5.000,Beschikbaar,"Villa, vrijstaande woning",Nieuwbouw,2026,,,,200 m²,,,,960 m²,1.000 m³,5 kamers (4 slaapkamers),1 badkamer en 1 apart toilet,"Douche, dubbele wastafel, ligbad, en toilet",2 woonlagen,,A+++++,,,,960 m²,Volle eigendom,"Aan vaarwater, aan water en open ligging",Tuin rondom,,,,Op eigen terrein,720.0,46%,€ 5.136,,,,,,,,,,,,,,,,,,,,,,1182502.340773894,True,-182502.340773894,182502.340773894
https://www.funda.nl/detail/koop/almere/huis-februaristraat-95/89788240/,Februaristraat,95.0,1335 AN,Almere,Seizoenenbuurt Oost,375000.0,€ 4.167,Beschikbaar,"Eengezinswoning, tussenwoning",Bestaande bouw,1997,Gedeeltelijk gestoffeerd,Zadeldak bedekt met pannen,,90 m²,,,9 m²,127 m²,327 m³,3 kamers (2 slaapkamers),1 badkamer en 1 apart toilet,"Douche, wastafel, en wastafelmeubel",2 woonlagen,Elektra,B,Dubbel glas en volledig geïsoleerd,Cv-ketel,Cv-ketel,127 m²,Volle eigendom,Aan rustige weg en in woonwijk,Achtertuin,"50 m² (10,00 meter diep en 5,00 meter breed)",Gelegen op het zuidwesten bereikbaar via achterom,Vrijstaande houten berging,Openbaar parkeren,1.63,43%,€ 4.194,,"Intergas ( combiketel uit 2024, eigendom)",,,,,,,,,,,,,,,,,,,,386927.13809771504,True,-11927.13809771504,11927.13809771504
https://www.funda.nl/detail/koop/almere/huis-3-laagse-tussenwoning-bouwnr-27/43225021/,3-Laagse tussenwoning (Bouwnr. 27),,1362 LK,Almere,Olympiakwartier Oost (brt),495000.0,€ 4.806,Verkocht onder voorbehoud,"Eengezinswoning, tussenwoning",Nieuwbouw,Na 2020,,Plat dak,,103 m²,,,,78 m²,379 m³,5 kamers (4 slaapkamers),1 badkamer en 1 apart toilet,"Douche, toilet, en wastafel",3 woonlagen,Elektra,A+++,Geen isolatie,Stadsverwarming,Stadsverwarming,78 m²,,In woonwijk,Achtertuin,,,Vrijstaande houten berging,Openbaar parkeren,125.0,,,Woningborg Garantiecertificaat,,,,,,,,,,,,,,,,,,,,,509260.07816588937,True,-14260.078165889368,14260.078165889368
https://www.funda.nl/detail/koop/almere/huis-valeriaanstraat-29/43209447/,Valeriaanstraat,29.0,1313 JA,Almere,Kruidenwijk Midden-west,450000.0,€ 3.750,Onder bod,"Eengezinswoning, tussenwoning",Bestaande bouw,1988,Gedeeltelijk gestoffeerd,Zadeldak bedekt met leisteen,,120 m²,,,,126 m²,457 m³,4 kamers (3 slaapkamers),1 badkamer en 1 apart toilet,"Douche, dubbele wastafel, ligbad, en toilet",3 woonlagen,Elektra,A,Geen isolatie,Houtkachel en stadsverwarming,Stadsverwarming,126 m²,Volle eigendom,"Aan park, aan rustige weg, in bosrijke omgeving en in woonwijk",Achtertuin en voortuin,"39 m² (7,30 meter diep en 5,30 meter breed)",Gelegen op het zuidoosten bereikbaar via achterom,Aangebouwde stenen berging,Openbaar parkeren,1.345,37%,€ 4.082,,,,,,,,,,,,,,,,,,,,,,468619.57540064666,True,-18619.57540064666,18619.57540064666
https://www.funda.nl/detail/koop/almere/huis-loefzijde-13/43217208/,Loefzijde,13.0,1316 VD,Almere,Noorderplassen Oost,995000.0,€ 5.237,Beschikbaar,"Eengezinswoning, 2-onder-1-kapwoning",Bestaande bouw,1993,,,,190 m²,7 m²,24 m²,,688 m²,730 m³,5 kamers (3 slaapkamers),1 badkamer en 1 apart toilet,"Douche, dubbele wastafel, toilet, vloerverwarming, en wastafelmeubel",3 woonlagen,"Dakraam, glasvezelkabel, mechanische ventilatie, natuurlijke ventilatie, schuifpui, en TV kabel",A,Volledig geïsoleerd,Stadsverwarming,Stadsverwarming,688 m²,Volle eigendom,"Aan rustige weg, aan vaarwater, aan water, in woonwijk en open ligging","Achtertuin, voortuin en zijtuin","190 m² (16,00 meter diep en 11,90 meter breed)",Gelegen op het westen bereikbaar via achterom,,Op eigen terrein,715.0,30%,€ 4.771,,,,,,,,,,,,,,,,,,,,,,799578.2627967901,True,195421.7372032099,195421.7372032099
https://www.funda.nl/detail/koop/almere/huis-kretastraat-102/43380799/,Kretastraat,102.0,1339 VX,Almere,Eilandenbuurt West,400000.0,€ 3.960,Verkocht onder voorbehoud,"Eengezinswoning, eindwoning",Bestaande bouw,2002,,Plat dak,,101 m²,,,7 m²,172 m²,368 m³,3 kamers (2 slaapkamers),1 badkamer en 1 apart toilet,"Dubbele wastafel, inloopdouche, toilet, en wastafel",2 woonlagen,,A,,Cv-ketel,Cv-ketel,172 m²,Volle eigendom,Aan rustige weg en in woonwijk,Achtertuin en voortuin,"65 m² (13,00 meter diep en 5,00 meter breed)",Gelegen op het noordoosten bereikbaar via achterom,Vrijstaande houten berging,Openbaar parkeren,1.78,56%,€ 3.864,,"Intergas (2022, eigendom)",,,,,,,,,,,,,,,,,,,,411318.69612036704,True,-11318.696120367036,11318.696120367036
https://www.funda.nl/detail/koop/almere/huis-radio-oranjelaan-3/89776931/,Radio Oranjelaan,3.0,1318 AW,Almere,Verzetswijk West,485000.0,€ 4.254,Beschikbaar,"Eengezinswoning, tussenwoning",Bestaande bouw,1995,Gestoffeerd,Lessenaardak bedekt met pannen,,114 m²,,16 m²,11 m²,149 m²,378 m³,5 kamers (4 slaapkamers),1 badkamer en 1 apart toilet,"Inloopdouche, toilet, en wastafelmeubel",3 woonlagen,Elektra,A,Volledig geïsoleerd,Stadsverwarming,Stadsverwarming,149 m²,Volle eigendom,In woonwijk,Achtertuin en voortuin,"67 m² (12,60 meter diep en 5,34 meter breed)",Gelegen op het noordoosten bereikbaar via achterom,Vrijstaande houten berging,Openbaar parkeren,1.34,50%,€ 3.889,,,,,,,,,,,,,,,,,,,,,,447810.8182667288,True,37189.18173327122,37189.18173327122
https://www.funda.nl/detail/koop/almere/huis-de-vlet-tussenwoning-bouwnr-317/43155628/,De Vlet - Tussenwoning (Bouwnr. 317),,1349 NC,Almere,Oosterwold Zuid,379000.0,€ 6.649,Verkocht onder voorbehoud,"Eengezinswoning, tussenwoning",Nieuwbouw,2025,,Plat dak,,57 m²,,,4 m²,104 m²,270 m³,3 kamers (2 slaapkamers),1 badkamer,Douche en wastafel,2 woonlagen,Zonnepanelen,A++++,HR-glas en volledig geïsoleerd,Gehele vloerverwarming en warmtepomp,,104 m²,,"Aan rustige weg, in woonwijk, landelijk gelegen en vrij uitzicht",Achtertuin,,,Vrijstaande houten berging,Openbaar parkeren,3.53,40%,€ 5.670,,,,,,,,,,,,,,,,,,,,,,356475.32239472313,False,22524.67760527687,22524.67760527687
https://www.funda.nl/detail/koop/almere/huis-3-laagse-tussenwoning-bouwnr-4/43225030/,3-Laagse tussenwoning (Bouwnr. 4),,1362 LK,Almere,Olympiakwartier Oost (brt),535000.0,€ 4.820,Verkocht onder voorbehoud,"Eengezinswoning, tussenwoning",Nieuwbouw,Na 2020,,Plat dak,,111 m²,,,,95 m²,403 m³,5 kamers (4 slaapkamers),1 badkamer en 1 apart toilet,"Douche, toilet, en wastafel",3 woonlagen,Elektra,A+++,Geen isolatie,Stadsverwarming,Stadsverwarming,95 m²,,In woonwijk,Achtertuin,,,Vrijstaande houten berging,Openbaar parkeren,125.0,,,Woningborg Garantiecertificaat,,,,,,,,,,,,,,,,,,,,,539397.6332660245,True,-4397.633266024524,4397.633266024524
https://www.funda.nl/detail/koop/almere/huis-sprietzeil-42/43328705/,Sprietzeil,42.0,1319 EC,Almere,Noorderplassen W.-West,800000.0,€ 4.520,Beschikbaar,"Eengezinswoning, hoekwoning",Bestaande bouw,2008,,Zadeldak bedekt met pannen,,177 m²,18 m²,7 m²,,303 m²,621 m³,6 kamers (5 slaapkamers),2 badkamers en 1 apart toilet,"Inloopdouche, ligbad, 2 toiletten, vloerverwarming, wastafelmeubel, douche, en wastafel",3 woonlagen,Elektra,A,"Dakisolatie, dubbel glas, muurisolatie, vloerisolatie en volledig geïsoleerd",Stadsverwarming en gedeeltelijke vloerverwarming,Centrale voorziening,303 m²,Volle eigendom,"Aan bosrand, aan rustige weg, in woonwijk en vrij uitzicht",Achtertuin en voortuin,"108 m² (12,00 meter diep en 9,00 meter breed)",Gelegen op het noordwesten bereikbaar via achterom,,Openbaar parkeren,1.62,71%,€ 4.496,,,Aangebouwde stenen garage,1 auto,,,,,,,,,,,,,,,,,,730525.5742670444,True,69474.42573295557,69474.42573295557
https://www.funda.nl/detail/koop/almere/huis-clare-lennartstraat-54/89749810/,Clare Lennartstraat,54.0,1321 CZ,Almere,Literatuurwijk Noordoost,435000.0,€ 5.000,Onder optie,"Eengezinswoning, tussenwoning",Bestaande bouw,1999,,Zadeldak bedekt met overig,,87 m²,,,,130 m²,307 m³,4 kamers (3 slaapkamers),1 badkamer en 1 apart toilet,,2 woonlagen en een zolder,Elektra,A,Dubbel glas,Stadsverwarming,Stadsverwarming,130 m²,Volle eigendom,Aan park en in woonwijk,Achtertuin,"13,00 meter diep en 6,00 meter breed",Gelegen op het noordwesten bereikbaar via achterom,Vrijstaande houten berging,,1.52,48%,,,,,,€ 425.000 kosten koper,,,,,,,,,,,,,,,,,393730.9502875455,True,41269.04971245449,41269.04971245449
https://www.funda.nl/detail/koop/almere/huis-tussenwoning-bouwnr-16/89569056/,Tussenwoning (Bouwnr. 16),,1361 BS,Almere,Duin Zuid,795000.0,€ 5.000,Beschikbaar,"Eengezinswoning, tussenwoning",Nieuwbouw,2026,,,,159 m²,,29 m²,5 m²,159 m²,413 m³,5 kamers (4 slaapkamers),1 badkamer en 1 apart toilet,,3 woonlagen,Balansventilatie en zonnepanelen,A++,,Stadsverwarming,,159 m²,,Aan bosrand,,,,Aangebouwde houten berging,Op eigen terrein,2.055,30%,€ 5.624,Woningborg Garantiecertificaat,,,,,,,,,,,,,,,,,,,,,818619.6090022803,True,-23619.609002280282,23619.609002280282
https://www.funda.nl/detail/koop/almere/huis-remusstraat-7/43384565/,Remusstraat,7.0,1363 ZD,Almere,Homeruskwartier Midden,395000.0,€ 7.453,Beschikbaar,"Bungalow, vrijstaande woning",Bestaande bouw,2011,,Plat dak bedekt met bitumineuze dakbedekking,,53 m²,,,4 m²,199 m²,232 m³,2 kamers (1 slaapkamer),1 badkamer,"Douche, toilet, en wastafelmeubel",1 woonlaag,Airconditioning en mechanische ventilatie,A,Geen isolatie,Stadsverwarming en gehele vloerverwarming,Centrale voorziening,199 m²,Volle eigendom,"Aan rustige weg, in woonwijk en vrij uitzicht","Achtertuin, voortuin en zijtuin","50 m² (5,00 meter diep en 10,00 meter breed)",Gelegen op het oosten bereikbaar via achterom,Vrijstaande houten berging,Openbaar parkeren,2.625,44%,€ 4.691,,,,,,,,,,,,,,,,,,,,,,375368.536612386,True,19631.463387614,19631.463387614
https://www.funda.nl/detail/koop/almere/huis-4-laagse-tussenwoning-bouwnr-23/43225041/,4-Laagse tussenwoning (Bouwnr. 23),,1362 LK,Almere,Olympiakwartier Oost (brt),595000.0,€ 4.648,Verkocht onder voorbehoud,"Eengezinswoning, tussenwoning",Nieuwbouw,Na 2020,,Plat dak,,128 m²,,,,,468 m³,6 kamers (4 slaapkamers),1 badkamer en 1 apart toilet,"Douche, toilet, en wastafel",4 woonlagen,Elektra,A++,Geen isolatie,Stadsverwarming,Stadsverwarming,,,In woonwijk,Achtertuin,,,Vrijstaande houten berging,Openbaar parkeren,125.0,,,Woningborg Garantiecertificaat,,,,,,,,,,,,,,,,,,,,,582538.1337148505,True,12461.866285149474,12461.866285149474
https://www.funda.nl/detail/koop/almere/huis-de-vlet-tussenwoning-bouwnr-333/43264383/,De Vlet - Tussenwoning (Bouwnr. 333),,1349 NC,Almere,Oosterwold Zuid,384000.0,€ 6.737,Onder optie,"Eengezinswoning, tussenwoning",Nieuwbouw,2026,,Plat dak,,57 m²,,,4 m²,119 m²,265 m³,3 kamers (2 slaapkamers),1 badkamer en 1 apart toilet,Douche en wastafel,2 woonlagen,Zonnepanelen,A++++,Volledig geïsoleerd,Gehele vloerverwarming en warmtepomp,,119 m²,,"Aan rustige weg, in woonwijk, landelijk gelegen en vrij uitzicht",Achtertuin,,,Vrijstaande houten berging,Openbaar parkeren,3.53,40%,€ 5.670,,,,,,,,,,,,,,,,,,,,,,377221.4900825311,True,6778.50991746888,6778.50991746888
https://www.funda.nl/detail/koop/almere/huis-elvis-presleystraat-48/89685308/,Elvis Presleystraat,48.0,1311 HS,Almere,Muziekwijk N.-Zuidwest,495000.0,€ 4.125,Beschikbaar,"Eengezinswoning, tussenwoning",Bestaande bouw,1992,,,,120 m²,5 m²,16 m²,,147 m²,434 m³,5 kamers (4 slaapkamers),1 badkamer en 1 apart toilet,"Ligbad, toilet, en wastafelmeubel",3 woonlagen,"Glasvezelkabel, mechanische ventilatie, schuifpui, en zonnepanelen",A+,Dubbel glas en volledig geïsoleerd,Stadsverwarming,Stadsverwarming,147 m²,Volle eigendom,Aan rustige weg en in woonwijk,Achtertuin,"73 m² (13,10 meter diep en 5,55 meter breed)",Gelegen op het oosten bereikbaar via achterom,Aangebouwde stenen berging,Openbaar parkeren,1.315,46%,€ 4.042,,,,,,,Dakterras aanwezig,,,,,,,,,,,,,,,488620.4867865608,True,6379.513213439204,6379.513213439204
https://www.funda.nl/detail/koop/almere/huis-zanglijster-bouwnr-33/43132933/,Zanglijster (Bouwnr. 33),,1358 EL,Almere,Overgooi (brt),1115000.0,€ 6.160,Verkocht onder voorbehoud,"Villa, vrijstaande woning",Nieuwbouw,Na 2020,,,,181 m²,,,,1.651 m²,704 m³,1 kamer,,,1 woonlaag,Zonnepanelen,Niet beschikbaar,Volledig geïsoleerd,,,1.651 m²,,"Aan bosrand, aan rustige weg, in bosrijke omgeving, landelijk gelegen, open ligging en vrij uitzicht",Tuin rondom,,,,Op eigen terrein,720.0,46%,€ 5.136,,,Parkeerplaats,,,,,,,,,,,,,,,,,,,1109179.779015444,True,5820.220984556014,5820.220984556014
https://www.funda.nl/detail/koop/almere/huis-februaristraat-115/43291205/,Februaristraat,115.0,1335 AP,Almere,Seizoenenbuurt Noord,839500.0,€ 4.177,Onder bod,"Eengezinswoning, vrijstaande woning",Bestaande bouw,1998,,Zadeldak bedekt met pannen,,201 m²,21 m²,,,525 m²,821 m³,8 kamers (7 slaapkamers),2 badkamers en 2 aparte toiletten,"2 douches, wastafel, dubbele wastafel, en ligbad",3 woonlagen,Elektra,B,Dubbel glas,Gedeeltelijke vloerverwarming en warmtepomp,,525 m²,Volle eigendom,Aan rustige weg en in woonwijk,Tuin rondom,,,,Op eigen terrein en openbaar parkeren,1.0,45%,€ 4.133,,,Aangebouwde stenen garage en parkeerplaats,1 auto,,,,,,,,,,,,,,,,,,935377.6131474844,True,-95877.61314748437,95877.61314748437
https://www.funda.nl/detail/koop/almere/huis-hoekwoning-type-a-bouwnr-4/43369217/,Hoekwoning Type A (Bouwnr. 4),,1325 VW,Almere,Laterna Magikapark,775000.0,€ 5.236,Beschikbaar,"Eengezinswoning, hoekwoning",Nieuwbouw,Na 2020,,,,148 m²,,,,241 m²,400 m³,5 kamers (4 slaapkamers),1 badkamer en 2 aparte toiletten,Inloopdouche,3 woonlagen,,A++,,Stadsverwarming,Centrale voorziening,241 m²,,Aan park,,,,Vrijstaande houten berging,,20.0,,,,,Aangebouwde stenen garage,1 auto,,,,,,,,,,,,,,,,,,703406.4754452223,True,71593.52455477766,71593.52455477766
https://www.funda.nl/detail/koop/almere/huis-estlandstraat/89662599/,Estlandstraat,,1362 JT,Almere,Europakwartier Oost (brt),699500.0,€ 4.726,Beschikbaar,"Eengezinswoning, tussenwoning",Nieuwbouw,Na 2020,,Plat dak bedekt met bitumineuze dakbedekking,,148 m²,6 m²,,6 m²,,444 m³,7 kamers (6 slaapkamers),2 aparte toiletten,,4 woonlagen,Elektra,A+++,Geen isolatie,Gehele vloerverwarming,Stadsverwarming,,,"Aan rustige weg, beschutte ligging en in woonwijk",Achtertuin en voortuin,"48 m² (10,75 meter diep en 4,50 meter breed)",Gelegen op het noordoosten bereikbaar via achterom,Vrijstaande houten berging,Openbaar parkeren,2.27,44%,€ 4.829,Woningborg Garantiecertificaat,,,,,,,,,,,,,,,,,,,,,650332.7785707868,True,49167.22142921318,49167.22142921318
https://www.funda.nl/detail/koop/almere/huis-schildmeerstraat-7/89766731/,Schildmeerstraat,7.0,1317 BE,Almere,Waterwijk West,470000.0,€ 3.561,Beschikbaar,"Eengezinswoning, tussenwoning",Bestaande bouw,1983,Gestoffeerd,Zadeldak bedekt met pannen,,132 m²,,,7 m²,140 m²,425 m³,5 kamers (4 slaapkamers),1 badkamer en 1 apart toilet,"Dubbele wastafel, inloopdouche, toilet, en wastafelmeubel",3 woonlagen,Elektra,A+,Dubbel glas en volledig geïsoleerd,Stadsverwarming,Stadsverwarming,140 m²,Volle eigendom,Aan rustige weg en in woonwijk,Achtertuin en voortuin,"66 m² (12,00 meter diep en 5,50 meter breed)",Gelegen op het zuidoosten bereikbaar via achterom,Vrijstaande stenen berging,Openbaar parkeren,1.62,42%,€ 3.779,,,,,,,,,,,,,,,,,,,,,,478513.87442613306,False,-8513.874426133058,8513.874426133058
https://www.funda.nl/detail/koop/almere/huis-tuinderswerf-56/43279401/,Tuinderswerf,56.0,1355 AW,Almere,Rozenwerf en Tuinderswerf,400000.0,€ 4.348,Beschikbaar,"Eengezinswoning, hoekwoning",Bestaande bouw,2017,,Mansarde dak bedekt met pannen,,92 m²,,,6 m²,87 m²,325 m³,4 kamers (3 slaapkamers),1 badkamer en 1 apart toilet,"Dubbele wastafel, ligbad, toilet, en wastafelmeubel",3 woonlagen,Elektra,A,"Dakisolatie, dubbel glas, muurisolatie en vloerisolatie",Cv-ketel en gehele vloerverwarming,Cv-ketel,87 m²,Volle eigendom,"Aan park, beschutte ligging, in woonwijk en vrij uitzicht",Voortuin en zijtuin,,Gelegen op het noordoosten,Aangebouwde houten berging,Openbaar parkeren,575.0,35%,€ 4.226,,"Intergas (gas gestookt combiketel uit 2017, eigendom)",,,,,,,,,,"24 m² (3,00 meter diep en 8,00 meter breed)",,,,,,,,,,422327.9845211765,True,-22327.98452117649,22327.98452117649
https://www.funda.nl/detail/koop/almere/huis-strandloperlaan-5/43363725/,Strandloperlaan,5.0,1343 EM,Almere,Vogelhorst Noord,1575000.0,€ 4.211,Verkocht onder voorbehoud,"Villa, vrijstaande woning",Bestaande bouw,2025,,Samengesteld dak bedekt met pannen,,374 m²,15 m²,,5 m²,686 m²,1.365 m³,9 kamers (5 slaapkamers),3 badkamers en 1 apart toilet,"2 dubbele wastafels, 3 inloopdouches, 2 ligbaden, 3 toiletten, vloerverwarming, en 2 wastafelmeubels",4 woonlagen,"Airconditioning, alarminstallatie, dakraam, glasvezelkabel, mechanische ventilatie, en zonnepanelen",A+++,Geen isolatie,Gehele vloerverwarming en warmtepomp,Elektrische boiler,686 m²,Volle eigendom,,Achtertuin en tuin rondom,"281 m² (16,50 meter diep en 17,00 meter breed)",Gelegen op het zuidoosten,Vrijstaande houten berging,Op eigen terrein en openbaar parkeren,565.0,29%,€ 5.158,,,,,,,,,,,,,,,,,,,,,,1530675.7960204799,True,44324.20397952013,44324.20397952013
https://www.funda.nl/detail/koop/almere/huis-annie-bosstraat-61/43327295/,Annie Bosstraat,61.0,1325 NE,Almere,Filmwijk Midden,450000.0,€ 3.571,Beschikbaar,"Eengezinswoning, tussenwoning",Bestaande bouw,1995,,Zadeldak bedekt met pannen,,126 m²,,16 m²,7 m²,132 m²,489 m³,4 kamers (3 slaapkamers),1 badkamer en 1 apart toilet,"Dubbele wastafel, stoomcabine, en toilet",3 woonlagen,"Airconditioning, dakraam, mechanische ventilatie, en schuifpui",A,,Houtkachel en stadsverwarming,Stadsverwarming,132 m²,Volle eigendom,Aan rustige weg en in woonwijk,Achtertuin en voortuin,"50 m² (10,00 meter diep en 5,00 meter breed)",Gelegen op het zuidoosten bereikbaar via achterom,Vrijstaande houten berging,Openbaar parkeren,1.95,48%,€ 4.045,,,,,,,,,,,,,,,,,,,,,,485823.49945741426,True,-35823.49945741426,35823.49945741426
https://www.funda.nl/detail/koop/almere/huis-rodinweg-137/89764777/,Rodinweg,137.0,1328 RK,Almere,Tussen de Vaarten Z.- Zuidwest,540000.0,€ 4.219,Onder bod,"Eengezinswoning, hoekwoning",Bestaande bouw,2004,,,,128 m²,,10 m²,19 m²,170 m²,438 m³,6 kamers (5 slaapkamers),1 badkamer en 1 apart toilet,"Douche, ligbad, toilet, wastafelmeubel, en whirlpool",3 woonlagen,Elektra,A,Dubbel glas en volledig geïsoleerd,"Houtkachel, stadsverwarming en gedeeltelijke vloerverwarming",Stadsverwarming,170 m²,Volle eigendom,Aan rustige weg en in woonwijk,Achtertuin,"57 m² (8,74 meter diep en 6,47 meter breed)",Gelegen op het zuidwesten bereikbaar via achterom,,Op eigen terrein en openbaar parkeren,2.305,43%,€ 3.742,,,Vrijstaande stenen garage,1 auto,,,Dakterras aanwezig,,,,,,,,,,,,,,,496401.0616533199,True,43598.93834668008,43598.93834668008
https://www.funda.nl/detail/koop/almere/huis-lotusbloemweg-34/89744840/,Lotusbloemweg,34.0,1338 VZ,Almere,Bloemenbuurt Zuid,365000.0,€ 2.944,Onder bod,"Eengezinswoning, eindwoning",Bestaande bouw,1991,,Zadeldak bedekt met pannen,,124 m²,6 m²,1 m²,,134 m²,469 m³,5 kamers (4 slaapkamers),1 badkamer en 1 apart toilet,Douche en toilet,3 woonlagen,Elektra,B,,Cv-ketel,Cv-ketel,134 m²,Volle eigendom,"Aan rustige weg, beschutte ligging en in woonwijk",Achtertuin en voortuin,"61 m² (9,59 meter diep en 6,39 meter breed)",Gelegen op het zuiden,Aangebouwde stenen berging,Openbaar parkeren,1.31,47%,€ 3.517,,Gas gestookt,,,,,,,,,,,,,,,,,,,,484557.6455058423,True,-119557.64550584229,119557.64550584229
https://www.funda.nl/detail/koop/almere/huis-vierlaags-herenhuis-bouwnr-9/89308175/,Vierlaags herenhuis (Bouwnr. 9),,1362 JT,Almere,Europakwartier Oost (brt),699500.0,€ 4.345,Onder optie,"Herenhuis, tussenwoning",Nieuwbouw,2026,,Zadeldak,,161 m²,,,6 m²,113 m²,419 m³,7 kamers (6 slaapkamers),1 badkamer en 1 apart toilet,,4 woonlagen,Elektra,A+++,,,,113 m²,,,Achtertuin,"42 m² (0,11 meter diep en 0,05 meter breed)",,Vrijstaande houten berging,Openbaar parkeren,2.27,44%,€ 4.829,,,,,,,,,,,,,,,,,,,,,,701446.3691219687,True,-1946.3691219687462,1946.3691219687462
https://www.funda.nl/detail/koop/almere/huis-tahitistraat-1/89522609/,Tahitistraat,1.0,1339 PJ,Almere,Eilandenbuurt Zuid,450000.0,€ 3.947,Verkocht onder voorbehoud,"Eengezinswoning, hoekwoning",Bestaande bouw,2002,Gestoffeerd,Plat dak bedekt met bitumineuze dakbedekking,,114 m²,,4 m²,,282 m²,465 m³,4 kamers (3 slaapkamers),1 badkamer en 2 aparte toiletten,Douche en wastafel,3 woonlagen,"Glasvezelkabel, mechanische ventilatie, natuurlijke ventilatie, en TV kabel",B,Dubbel glas en volledig geïsoleerd,Cv-ketel,Cv-ketel,282 m²,Volle eigendom,Aan rustige weg en in woonwijk,"Achtertuin, voortuin en zijtuin","84 m² (10,54 meter diep en 8,00 meter breed)",Gelegen op het zuidwesten bereikbaar via achterom,,Openbaar parkeren,1.235,53%,,,"Intergas (gas gestookt uit 2014, eigendom)",,,,,,,,,,,,,,,,,,,,467550.10506949236,True,-17550.10506949236,17550.10506949236
https://www.funda.nl/detail/koop/almere/huis-kadegriend-36/89633845/,Kadegriend,36.0,1356 CC,Almere,Kadegriend en Overgriend,435000.0,€ 3.686,Onder bod,"Eengezinswoning, tussenwoning",Bestaande bouw,1990,,,,118 m²,,1 m²,8 m²,144 m²,417 m³,5 kamers (3 slaapkamers),1 badkamer en 1 apart toilet,"Douche, ligbad, toilet, wastafel, en wastafelmeubel",2 woonlagen en een zolder,"Natuurlijke ventilatie, rolluiken, en zonnepanelen",A+,"Dakisolatie, muurisolatie en vloerisolatie",Cv-ketel,Cv-ketel,144 m²,Volle eigendom,"Aan rustige weg, beschutte ligging, in bosrijke omgeving en in woonwijk",Achtertuin en voortuin,,,Vrijstaande stenen berging,Op eigen terrein en openbaar parkeren,575.0,46%,,,,,,,,,,,,,,,,,,,,,,,488550.0646649543,True,-53550.06466495432,53550.06466495432
https://www.funda.nl/detail/koop/almere/huis-parijsstraat-37/89750253/,Parijsstraat,37.0,1334 CP,Almere,Centrum Almere Buiten Noord,425000.0,€ 3.484,Onder bod,"Eengezinswoning, eindwoning",Bestaande bouw,1987,Gedeeltelijk gestoffeerd,Samengesteld dak bedekt met bitumineuze dakbedekking en pannen,,122 m²,,,6 m²,115 m²,403 m³,4 kamers (3 slaapkamers),1 badkamer en 1 apart toilet,"Dubbele wastafel, inloopdouche, ligbad, toilet, wastafel, en wastafelmeubel",3 woonlagen,Elektra,A,Geen isolatie,Cv-ketel en gedeeltelijke vloerverwarming,Cv-ketel en elektrische boiler,115 m²,Volle eigendom,"Aan rustige weg, in centrum en in woonwijk",Achtertuin en voortuin,"44 m² (8,09 meter diep en 5,50 meter breed)",Gelegen op het zuidwesten bereikbaar via achterom,Aangebouwde houten berging,Betaald parkeren en parkeervergunningen,1.56,25%,€ 3.790,,"Vaillant hr Pro VHR (gas gestookt combiketel uit 2010, eigendom)",,,,,,,,,,,,,,,,,,,,459395.5295832519,True,-34395.52958325192,34395.52958325192
https://www.funda.nl/detail/koop/almere/huis-hultense-bos-10-3/43304619/,Hultense Bos 10,3.0,1358 GG,Almere,Overgooi (brt),1000000.0,€ 5.000,Beschikbaar,"Eengezinswoning, vrijstaande woning",Nieuwbouw,2026,,,,200 m²,,,,1.320 m²,1.000 m³,5 kamers (4 slaapkamers),1 badkamer en 1 apart toilet,"Douche, dubbele wastafel, ligbad, en toilet",2 woonlagen,,A+++++,,,,1.320 m²,Volle eigendom,"Aan vaarwater, aan water en open ligging",Tuin rondom,,,,Op eigen terrein,720.0,46%,€ 5.136,,,,,,,,,,,,,,,,,,,,,,1182502.340773894,True,-182502.340773894,182502.340773894
https://www.funda.nl/detail/koop/almere/huis-remmersteinpad-7/89717733/,Remmersteinpad,7.0,1333 XN,Almere,Landgoederenbuurt Oost,400000.0,€ 4.396,Verkocht,"Eengezinswoning, tussenwoning",Bestaande bouw,1992,,,,91 m²,,,6 m²,139 m²,304 m³,4 kamers (3 slaapkamers),1 badkamer en 1 apart toilet,,2 woonlagen,Elektra,A,"Dubbel glas, muurisolatie en vloerisolatie",Cv-ketel,Cv-ketel,139 m²,Volle eigendom,In woonwijk,Achtertuin en voortuin,"60 m² (11,54 meter diep en 5,18 meter breed)",Gelegen op het zuidoosten bereikbaar via achterom,Inpandig,Openbaar parkeren,1.35,51%,,,"Combiketel uit 2010, eigendom",,,,,,,,,,,30 maart 2026,4 weken,€ 400.000 kosten koper,,,,,,,386295.3627637835,True,13704.637236216513,13704.637236216513
https://www.funda.nl/detail/koop/almere/huis-william-turnerstraat-24/89684771/,William Turnerstraat,24.0,1349 GD,Almere,Oosterwold Noord,1160000.0,€ 5.550,Beschikbaar,"Villa, vrijstaande woning",Bestaande bouw,2020,,Zadeldak,,209 m²,28 m²,38 m²,17 m²,2.166 m²,873 m³,5 kamers (3 slaapkamers),2 badkamers en 1 apart toilet,"2 douches, 2 dubbele wastafels, 2 ligbaden, 2 toiletten, vloerverwarming, en wastafelmeubel",2 woonlagen en een zolder,Elektra,A+++,"Dakisolatie, driedubbel glas, muurisolatie, vloerisolatie en volledig geïsoleerd",Gehele vloerverwarming en warmtepomp,Elektrische boiler,2.166 m²,Volle eigendom,"Aan rustige weg, in bosrijke omgeving, in woonwijk en vrij uitzicht","Achtertuin, tuin rondom, voortuin en zijtuin","1.455 m² (45,00 meter diep en 32,34 meter breed)",Gelegen op het zuidwesten bereikbaar via achterom,,Op eigen terrein en openbaar parkeren,2.605,43%,€ 6.505,,,Vrijstaande houten garage,1 auto,€ 1.218.000 kosten koper,,,,,,,,,,,,,,,,,1266413.0255744704,True,-106413.0255744704,106413.0255744704
https://www.funda.nl/detail/koop/almere/huis-salsastraat-213/43356437/,Salsastraat,213.0,1326 LW,Almere,Danswijk Noordwest,435000.0,€ 4.265,Verkocht onder voorbehoud,"Eengezinswoning, tussenwoning",Bestaande bouw,1997,,Zadeldak bedekt met pannen,,102 m²,,1 m²,6 m²,137 m²,345 m³,4 kamers (3 slaapkamers),1 badkamer en 1 apart toilet,"Douche, toilet, en wastafelmeubel",3 woonlagen,Elektra,A,Geen isolatie,Stadsverwarming,Centrale voorziening,137 m²,Volle eigendom,"Aan rustige weg, in woonwijk en vrij uitzicht",Achtertuin en voortuin,"70 m² (13,00 meter diep en 5,40 meter breed)",Gelegen op het zuidoosten bereikbaar via achterom,Vrijstaande houten berging,Openbaar parkeren,1.615,48%,,,,,,,,,,,,,,,,,,,,,,,425028.9472168867,True,9971.052783113322,9971.052783113322
https://www.funda.nl/detail/koop/almere/huis-goethelaan-154/89765658/,Goethelaan,154.0,1349 EG,Almere,Oosterwold Zuid,514500.0,€ 7.566,Beschikbaar,"Bungalow, vrijstaande woning",Bestaande bouw,2026,,,,68 m²,,,,588 m²,290 m³,3 kamers (2 slaapkamers),1 badkamer en 1 apart toilet,"Douche, wastafel, en wastafelmeubel",1 woonlaag,,A+++,Driedubbel glas en volledig geïsoleerd,,,588 m²,Volle eigendom,"Aan rustige weg, in bosrijke omgeving, in woonwijk, open ligging en vrij uitzicht",Tuin rondom,,,,Op eigen terrein,3.53,40%,€ 5.670,,,,,,,,,,,,,,,,,,,,,,560587.6625113194,True,-46087.66251131939,46087.66251131939
https://www.funda.nl/detail/koop/almere/huis-francis-beaufortlaan-71/43360698/,Francis Beaufortlaan,71.0,1349 GH,Almere,Oosterwold Noord,750000.0,€ 4.747,Beschikbaar,"Eengezinswoning, vrijstaande woning",Bestaande bouw,2023,,Plat dak bedekt met bitumineuze dakbedekking,,158 m²,,,,1.030 m²,563 m³,7 kamers (5 slaapkamers),2 badkamers en 1 apart toilet,"2 douches, vloerverwarming, wastafel, 2 wastafelmeubels, dubbele wastafel, en toilet",2 woonlagen,"Glasvezelkabel, mechanische ventilatie, schuifpui, en zonnepanelen",A+++,"Dakisolatie, dubbel glas, muurisolatie, vloerisolatie en volledig geïsoleerd",Gehele vloerverwarming en warmtepomp,Elektrische boiler,1.030 m²,Volle eigendom,"Aan rustige weg, in woonwijk, open ligging en vrij uitzicht","Achtertuin, tuin rondom, voortuin en zijtuin","620 m² (31,00 meter diep en 20,00 meter breed)",Gelegen op het noordwesten,,Op eigen terrein en openbaar parkeren,2.605,43%,€ 6.505,,,,,,,,,,,,,,,,,,,,,,1002685.0325081922,True,-252685.03250819223,252685.03250819223
https://www.funda.nl/detail/koop/almere/huis-godfried-bomansstraat-67/43388462/,Godfried Bomansstraat,67.0,1321 GP,Almere,Literatuurwijk Midden-oost,450000.0,€ 4.891,Onder bod,"Eengezinswoning, tussenwoning",Bestaande bouw,1998,,Zadeldak bedekt met pannen,,92 m²,,1 m²,7 m²,144 m²,323 m³,4 kamers (3 slaapkamers),1 badkamer en 1 apart toilet,"Douche, inloopdouche, toilet, vloerverwarming, wastafel, en wastafelmeubel",3 woonlagen,Elektra,A,"Dakisolatie, dubbel glas, muurisolatie en vloerisolatie",Stadsverwarming en gedeeltelijke vloerverwarming,Centrale voorziening,144 m²,Volle eigendom,"Aan park, aan rustige weg en in woonwijk",Achtertuin en voortuin,"73 m² (12,61 meter diep en 5,75 meter breed)",Gelegen op het noordwesten bereikbaar via achterom,Vrijstaande houten berging,Openbaar parkeren,1.825,57%,€ 4.073,,,,,,,,,,,,,,,,,,,,,,398300.6451817493,True,51699.35481825069,51699.35481825069
https://www.funda.nl/detail/koop/almere/huis-vasalisstraat-44/43380864/,Vasalisstraat,44.0,1321 PB,Almere,Literatuurwijk Midden-west,525000.0,€ 3.860,Beschikbaar,"Eengezinswoning, tussenwoning",Bestaande bouw,2001,Gedeeltelijk gestoffeerd,Zadeldak bedekt met pannen,,136 m²,,16 m²,9 m²,149 m²,462 m³,5 kamers (4 slaapkamers),1 badkamer en 1 apart toilet,"Douche, ligbad, toilet, en wastafel",3 woonlagen,Elektra,A,Geen isolatie,Stadsverwarming,Stadsverwarming,149 m²,Volle eigendom,"Aan rustige weg, aan water, in woonwijk en vrij uitzicht",Achtertuin en voortuin,"71 m² (12,50 meter diep en 5,70 meter breed)",Gelegen op het noordwesten bereikbaar via achterom,Vrijstaande houten berging,Openbaar parkeren,2.055,48%,€ 4.120,,,,,,,,,,,,,,,,,,,,,,528103.7362749858,True,-3103.7362749858294,3103.7362749858294
https://www.funda.nl/detail/koop/almere/huis-truffautstraat-48/43385036/,Truffautstraat,48.0,1325 PN,Almere,Filmwijk Zuid-noord van Walt Disneyplts.,450000.0,€ 3.814,Beschikbaar,"Eengezinswoning, tussenwoning",Bestaande bouw,1995,,Zadeldak bedekt met pannen,,118 m²,,,8 m²,134 m²,403 m³,5 kamers (4 slaapkamers),1 badkamer en 1 apart toilet,"Douche, inloopdouche, ligbad, toilet, vloerverwarming, wastafel, en wastafelmeubel",3 woonlagen en een vliering,Elektra,A,"Dakisolatie, dubbel glas, HR-glas, muurisolatie en vloerisolatie",Stadsverwarming en gedeeltelijke vloerverwarming,Centrale voorziening,134 m²,Volle eigendom,Aan rustige weg en in woonwijk,Achtertuin en voortuin,"71 m² (12,24 meter diep en 5,77 meter breed)",Gelegen op het noordwesten bereikbaar via achterom,Vrijstaande houten berging,Openbaar parkeren,2.335,41%,€ 4.129,,,,,,,,,,,,,,,,,,,,,,471754.71692969196,True,-21754.71692969196,21754.71692969196
https://www.funda.nl/detail/koop/almere/huis-geleenstraat-24/89718148/,Geleenstraat,24.0,1324 MS,Almere,Stedenwijk Zuid,447500.0,€ 3.891,Beschikbaar,"Eengezinswoning, eindwoning",Bestaande bouw,1983,Gedeeltelijk gestoffeerd,Zadeldak bedekt met pannen,,115 m²,,,6 m²,149 m²,415 m³,5 kamers (4 slaapkamers),1 badkamer en 1 apart toilet,"Inloopdouche, toilet, wastafel, en wastafelmeubel",3 woonlagen,Elektra,B,Geen isolatie,Stadsverwarming en gedeeltelijke vloerverwarming,Stadsverwarming,149 m²,Volle eigendom,Aan rustige weg en in woonwijk,Achtertuin en voortuin,"63 m² (10,00 meter diep en 6,25 meter breed)",Gelegen op het noordoosten bereikbaar via achterom,Vrijstaande stenen berging,Openbaar parkeren,2.22,38%,€ 3.744,,,,,,,,,,,,,,,,,,,,,,427254.2243146358,True,20245.775685364206,20245.775685364206
https://www.funda.nl/detail/koop/almere/huis-stellingsteek-4/43227758/,Stellingsteek,4.0,1319 GP,Almere,Noorderplassen W.- Noord,825000.0,€ 5.222,Verkocht onder voorbehoud,"Villa, vrijstaande woning",Bestaande bouw,2014,Gedeeltelijk gestoffeerd,Zadeldak bedekt met pannen,,158 m²,,19 m²,7 m²,252 m²,578 m³,5 kamers (4 slaapkamers),1 badkamer en 1 apart toilet,"Dubbele wastafel, inloopdouche, ligbad, toilet, vloerverwarming, en wastafelmeubel",3 woonlagen,"Elektra, verwarming en stromend water",A++,Volledig geïsoleerd,Stadsverwarming en gehele vloerverwarming,Stadsverwarming,252 m²,Volle eigendom,"Aan rustige weg, in bosrijke omgeving, in woonwijk en vrij uitzicht","Achtertuin, voortuin en zijtuin","122 m² (13,50 meter diep en 9,00 meter breed)",Gelegen op het noordwesten,Aangebouwde stenen berging,Op eigen terrein en openbaar parkeren,1.245,67%,€ 5.126,,,Parkeerplaats,,,,,,,,,,,,,,,,,,,853455.3183052373,True,-28455.318305237335,28455.318305237335
https://www.funda.nl/detail/koop/almere/huis-dinsdagstraat-6/89751624/,Dinsdagstraat,6.0,1335 LH,Almere,Seizoenenbuurt Noord,520000.0,€ 4.444,Onder bod,"Eengezinswoning, geschakelde woning",Bestaande bouw,2001,,,,117 m²,15 m²,19 m²,,170 m²,468 m³,3 kamers (2 slaapkamers),1 badkamer en 1 apart toilet,"Douche, ligbad, en toilet",3 woonlagen,,A,,,,170 m²,,,Achtertuin,,,,,1.0,45%,€ 4.133,,,,,,,Dakterras aanwezig,,,,,,,,,,,,,,,495724.85656834627,True,24275.143431653734,24275.143431653734
https://www.funda.nl/detail/koop/almere/huis-3-laagse-tussenwoning-bouwnr-39/43225020/,3-Laagse tussenwoning (Bouwnr. 39),,1362 LK,Almere,Olympiakwartier Oost (brt),535000.0,€ 4.820,Verkocht onder voorbehoud,"Eengezinswoning, tussenwoning",Nieuwbouw,Na 2020,,Plat dak,,111 m²,,,,94 m²,403 m³,5 kamers (4 slaapkamers),1 badkamer en 1 apart toilet,"Douche, toilet, en wastafel",3 woonlagen,Elektra,A+++,Geen isolatie,Stadsverwarming,Stadsverwarming,94 m²,,In woonwijk,Achtertuin,,,Vrijstaande houten berging,Openbaar parkeren,125.0,,,Woningborg Garantiecertificaat,,,,,,,,,,,,,,,,,,,,,539397.6332660245,True,-4397.633266024524,4397.633266024524
https://www.funda.nl/detail/koop/almere/huis-vrijstaande-bungalow-bouwnr-347/43251796/,Vrijstaande Bungalow (Bouwnr. 347),,1349 NC,Almere,Oosterwold Zuid,745000.0,€ 8.098,Verkocht onder voorbehoud,"Bungalow, vrijstaande woning",Nieuwbouw,2026,,,,92 m²,,,,692 m²,276 m³,4 kamers (3 slaapkamers),1 badkamer en 1 apart toilet,,1 woonlaag,,Niet beschikbaar,,,,692 m²,,In bosrijke omgeving,,,,,Op eigen terrein,3.53,40%,€ 5.670,,,,,,,,,,,,,,,,,,,,,,689921.8658490449,True,55078.13415095513,55078.13415095513
https://www.funda.nl/detail/koop/almere/huis-groenhof-46/43312951/,Groenhof,46.0,1352 AD,Almere,Buitenhof en Groenhof,420000.0,€ 3.500,Beschikbaar,"Eengezinswoning, tussenwoning",Bestaande bouw,1972,Gedeeltelijk gestoffeerd,Samengesteld dak,,120 m²,,,6 m²,168 m²,402 m³,6 kamers (5 slaapkamers),1 badkamer en 1 apart toilet,"Douche, inloopdouche, toilet, wastafel, en wastafelmeubel",3 woonlagen,"Dakraam, glasvezelkabel, mechanische ventilatie, TV kabel, en zonnepanelen",A,"Dakisolatie, dubbel glas en muurisolatie",Cv-ketel,Cv-ketel,168 m²,Volle eigendom,"Aan rustige weg, beschutte ligging en in woonwijk",Achtertuin en voortuin,"70 m² (11,70 meter diep en 6,00 meter breed)",Gelegen op het westen bereikbaar via achterom,Vrijstaande stenen berging,Openbaar parkeren,670.0,39%,€ 3.845,,"Gas gestookt combiketel, eigendom",,,,,,,,,,,,,,,,,,,,404377.8138563677,True,15622.18614363228,15622.18614363228
https://www.funda.nl/detail/koop/almere/huis-4-laagse-hoekwoning-bouwnr-25/43225045/,4-Laagse hoekwoning (Bouwnr. 25),,1362 LK,Almere,Olympiakwartier Oost (brt),695000.0,€ 4.484,Verkocht onder voorbehoud,"Eengezinswoning, hoekwoning",Nieuwbouw,Na 2020,,Plat dak,,155 m²,,,,113 m²,558 m³,6 kamers (4 slaapkamers),1 badkamer en 1 apart toilet,"Douche, toilet, en wastafel",4 woonlagen,Elektra,A++,Geen isolatie,Stadsverwarming,Stadsverwarming,113 m²,,In woonwijk,Achtertuin,,,Vrijstaande houten berging,Openbaar parkeren,125.0,,,Woningborg Garantiecertificaat,,,,,,,,,,,,,,,,,,,,,686078.1204467412,True,8921.879553258768,8921.879553258768
https://www.funda.nl/detail/koop/almere/huis-warmoesstraat-15/43129468/,Warmoesstraat,15.0,1349 KB,Almere,Oosterwold Zuid,1195000.0,€ 6.459,Beschikbaar,"Villa, vrijstaande woning",Bestaande bouw,2021,,Samengesteld dak,,185 m²,14 m²,,,2.013 m²,764 m³,4 kamers (3 slaapkamers),1 badkamer en 1 apart toilet,"Douche, ligbad, en toilet",2 woonlagen en een zolder,Elektra,A+,,Warmtepomp,Cv-ketel,2.000 m²,Volle eigendom,"Aan rustige weg, beschutte ligging en in woonwijk",Tuin rondom,,,Aangebouwde stenen berging,Op eigen terrein,3.53,40%,€ 5.670,,,,,,,,,,,,,,,,,,,,,,1089218.8001331096,True,105781.19986689044,105781.19986689044
https://www.funda.nl/detail/koop/almere/huis-langshof-130/43302825/,Langshof,130.0,1353 GN,Almere,Binnenhof en Langshof (met Nieuwstraat),375000.0,€ 3.713,Onder bod,"Eengezinswoning, tussenwoning",Bestaande bouw,1983,,Plat dak bedekt met bitumineuze dakbedekking,,101 m²,,2 m²,13 m²,143 m²,336 m³,4 kamers (3 slaapkamers),1 badkamer en 1 apart toilet,"Ligbad, toilet, en wastafelmeubel",2 woonlagen,Elektra,A,Geen isolatie,Cv-ketel en gedeeltelijke vloerverwarming,Cv-ketel,143 m²,Volle eigendom,Aan rustige weg en in woonwijk,Achtertuin,"69 m² (13,00 meter diep en 5,30 meter breed)",Gelegen op het noordwesten bereikbaar via achterom,Vrijstaande stenen berging,Openbaar parkeren,985.0,29%,€ 3.639,,"Nefit Excellent (gas gestookt combiketel, eigendom)",,,,,,,,,,,,,,,,,,,,385265.5703524607,True,-10265.570352460723,10265.570352460723
https://www.funda.nl/detail/koop/almere/huis-clingendaellaan-161/89730052/,Clingendaellaan,161.0,1333 WG,Almere,Landgoederenbuurt Noord,450000.0,€ 3.982,Beschikbaar,"Eengezinswoning, tussenwoning",Bestaande bouw,,,,,113 m²,,32 m²,11 m²,141 m²,401 m³,5 kamers (4 slaapkamers),2 badkamers en 1 apart toilet,"Douche, ligbad, toilet, en wastafel",3 woonlagen,,B,Dubbel glas en HR-glas,Cv-ketel,,141 m²,Volle eigendom,In woonwijk,Achtertuin,"65 m² (13,50 meter diep en 5,30 meter breed)",Gelegen op het zuidoosten,Vrijstaande houten berging,Openbaar parkeren,1.415,45%,€ 3.724,,,,,,,Balkon aanwezig,,,,,,,,,1991-2000,,,,,,478940.00521260675,False,-28940.005212606746,28940.005212606746
https://www.funda.nl/detail/koop/almere/huis-vasco-da-gamapad-13/89720951/,Vasco da Gamapad,13.0,1363 LD,Almere,Columbuskwartier Noord,800000.0,€ 4.969,Beschikbaar,"Villa, vrijstaande woning",Bestaande bouw,2014,,,,161 m²,,35 m²,7 m²,242 m²,435 m³,5 kamers (4 slaapkamers),,,3 woonlagen,,A,,,Stadsverwarming,242 m²,,,"Achtertuin, voortuin en zijtuin",,,,Op eigen terrein en openbaar parkeren,2.055,46%,€ 5.351,,,,,,,,,,,,,,,,,,,,,,826696.603431899,True,-26696.603431898984,26696.603431898984
https://www.funda.nl/detail/koop/almere/huis-3-laagse-hoekwoning-bouwnr-26/43225093/,3-Laagse hoekwoning (Bouwnr. 26),,1362 LK,Almere,Olympiakwartier Oost (brt),590000.0,€ 5.000,Verkocht onder voorbehoud,"Eengezinswoning, hoekwoning",Nieuwbouw,Na 2020,,Plat dak,,118 m²,,,,,427 m³,5 kamers (4 slaapkamers),1 badkamer en 1 apart toilet,"Douche, toilet, en wastafel",3 woonlagen,Elektra,A+++,Geen isolatie,Stadsverwarming,Stadsverwarming,,,In woonwijk,Achtertuin,,,Vrijstaande houten berging,Openbaar parkeren,125.0,,,Woningborg Garantiecertificaat,,,,,,,,,,,,,,,,,,,,,576812.4086326472,False,13187.591367352754,13187.591367352754
https://www.funda.nl/detail/koop/almere/huis-lilastraat-31/43369270/,Lilastraat,31.0,1339 AG,Almere,Regenboogbuurt West,650000.0,€ 3.457,Verkocht onder voorbehoud,"Eengezinswoning, geschakelde woning",Bestaande bouw,1996,,Plat dak,,188 m²,,18 m²,4 m²,430 m²,664 m³,6 kamers (5 slaapkamers),1 badkamer en 2 aparte toiletten,"Dubbele wastafel, inloopdouche, en wastafelmeubel",3 woonlagen,"Glasvezelkabel, mechanische ventilatie, schuifpui, en TV kabel",A,,Cv-ketel,Cv-ketel,430 m²,Volle eigendom,"Aan rustige weg, beschutte ligging en in woonwijk","Achtertuin, voortuin en zijtuin","199 m² (15,00 meter diep en 13,24 meter breed)",,Vrijstaande houten berging,Op eigen terrein en openbaar parkeren,1.81,46%,€ 3.710,,"Remeha Avanta Ace 35C (gas gestookt uit 2023, eigendom)",,,,,Dakterras aanwezig,,,,,,,,,,,,,,,735138.5055348529,True,-85138.50553485285,85138.50553485285
https://www.funda.nl/detail/koop/almere/huis-petmolenstraat-28/43381134/,Petmolenstraat,28.0,1333 CR,Almere,Molenbuurt Oost,450000.0,€ 3.516,Onder bod,"Eengezinswoning, tussenwoning",Bestaande bouw,1984,,Zadeldak bedekt met pannen,,128 m²,6 m²,12 m²,,188 m²,477 m³,5 kamers (4 slaapkamers),1 badkamer en 1 apart toilet,"Douche, dubbele wastafel, toilet, en wastafelmeubel",2 woonlagen en een zolder,Elektra,B,Volledig geïsoleerd,"Cv-ketel, elektrische verwarming en gedeeltelijke vloerverwarming",Cv-ketel,188 m²,Volle eigendom,"Aan rustige weg, in bosrijke omgeving en in woonwijk",Achtertuin en voortuin,"61 m² (11,00 meter diep en 5,50 meter breed)",Gelegen op het noordoosten bereikbaar via achterom,Aangebouwde stenen berging,Op eigen terrein en openbaar parkeren,2.17,38%,€ 3.564,,"NEFIT Smartline Basic HRC CW3/CW4 (gas gestookt combiketel uit 2008, eigendom)",Carport en parkeerplaats,,,,,,,,,,,,,,,,,,,477998.0145688413,True,-27998.014568841318,27998.014568841318
https://www.funda.nl/detail/koop/almere/huis-antiguastraat-33/89558889/,Antiguastraat,33.0,1339 KW,Almere,Eilandenbuurt Oost,575000.0,€ 4.752,Beschikbaar,"Villa, geschakelde woning",Bestaande bouw,2001,,,,121 m²,168 m²,30 m²,,293 m²,496 m³,5 kamers (3 slaapkamers),2 badkamers en 1 apart toilet,"Douche, 2 wastafels, 2 wastafelmeubels, ligbad, en toilet",2 woonlagen,Elektra,B,,Cv-ketel,Cv-ketel,293 m²,Volle eigendom,,Achtertuin en voortuin,,,,Op eigen terrein en openbaar parkeren,1.475,41%,€ 3.838,,Combiketel,Aangebouwde stenen garage,1 auto,,,,,,,,,,,,,,,,,,476766.4040032506,True,98233.59599674941,98233.59599674941
https://www.funda.nl/detail/koop/almere/huis-isisstraat-3/43249512/,Isisstraat,3.0,1363 XL,Almere,Homeruskwartier Zuid,545000.0,€ 4.658,Beschikbaar,"Eengezinswoning, tussenwoning",Bestaande bouw,2010,Gemeubileerd,Zadeldak bedekt met pannen,,117 m²,,,5 m²,87 m²,407 m³,4 kamers (3 slaapkamers),1 badkamer en 1 apart toilet,"Douche, ligbad, toilet, en wastafelmeubel",2 woonlagen en een zolder,Elektra,A+++,Dakisolatie en muurisolatie,Stadsverwarming,Stadsverwarming,87 m²,Volle eigendom,Aan rustige weg en in woonwijk,Achtertuin en voortuin,"28 m² (6,00 meter diep en 4,60 meter breed)",Gelegen op het zuidoosten bereikbaar via achterom,Vrijstaand kunststof,Op eigen terrein en openbaar parkeren,2.42,45%,€ 4.952,,,,,,,,,,,,,,,,,,,,,,509917.32074094296,True,35082.67925905704,35082.67925905704
https://www.funda.nl/detail/koop/almere/huis-tussenwoning-bouwnr-10/89569053/,Tussenwoning (Bouwnr. 10),,1361 BS,Almere,Duin Zuid,795000.0,€ 5.000,Verkocht onder voorbehoud,"Eengezinswoning, tussenwoning",Nieuwbouw,2026,,,,159 m²,,29 m²,5 m²,152 m²,413 m³,5 kamers (4 slaapkamers),1 badkamer en 1 apart toilet,,3 woonlagen,Balansventilatie en zonnepanelen,A++,,Stadsverwarming,,152 m²,,Aan bosrand,,,,Aangebouwde houten berging,Op eigen terrein,2.055,30%,€ 5.624,Woningborg Garantiecertificaat,,,,,,,,,,,,,,,,,,,,,818619.6090022803,True,-23619.609002280282,23619.609002280282
https://www.funda.nl/detail/koop/almere/huis-vrijstaande-bungalow-bouwnr-339/43251797/,Vrijstaande Bungalow (Bouwnr. 339),,1349 NC,Almere,Oosterwold Zuid,691500.0,€ 7.516,Beschikbaar,"Bungalow, vrijstaande woning",Nieuwbouw,2026,,,,92 m²,,,,397 m²,276 m³,4 kamers (3 slaapkamers),1 badkamer en 1 apart toilet,,1 woonlaag,,Niet beschikbaar,,,,397 m²,,In bosrijke omgeving,,,,,Op eigen terrein,3.53,40%,€ 5.670,,,,,,,,,,,,,,,,,,,,,,689921.8658490449,True,1578.1341509551276,1578.1341509551276
https://www.funda.nl/detail/koop/almere/huis-helenusstraat-14/43302283/,Helenusstraat,14.0,1363 VC,Almere,Homeruskwartier Midden,690000.0,€ 4.539,Beschikbaar,"Eengezinswoning, vrijstaande woning",Bestaande bouw,2010,Gedeeltelijk gestoffeerd,Plat dak,,152 m²,5 m²,,,178 m²,565 m³,8 kamers (4 slaapkamers),1 badkamer en 1 apart toilet,"Dubbele wastafel, ligbad, en toilet",3 woonlagen,Elektra,A+,Volledig geïsoleerd,"Houtkachel, stadsverwarming en gehele vloerverwarming",Stadsverwarming,178 m²,Volle eigendom,"Aan rustige weg, aan water en in woonwijk",Tuin rondom,,,Aangebouwde stenen berging,Op eigen terrein en openbaar parkeren,2.625,44%,€ 4.691,,,,,,,Balkon aanwezig,,,,,,,,,,,,,,,790142.8361268849,True,-100142.83612688491,100142.83612688491
https://www.funda.nl/detail/koop/almere/huis-professor-cumulusstraat-4/89729573/,Professor Cumulusstraat,4.0,1336 HB,Almere,Stripheldenbuurt Midden- west,500000.0,€ 4.237,Verkocht onder voorbehoud,"Eengezinswoning, vrijstaande woning",Bestaande bouw,2004,Gestoffeerd,Plat dak bedekt met bitumineuze dakbedekking,,118 m²,,2 m²,8 m²,257 m²,442 m³,5 kamers (3 slaapkamers),1 badkamer en 1 apart toilet,"Douche, ligbad, toilet, en wastafel",2 woonlagen,Elektra,A,Volledig geïsoleerd,Cv-ketel en houtkachel,Cv-ketel,257 m²,Volle eigendom,Aan rustige weg en in woonwijk,Achtertuin en voortuin,,,Vrijstaande houten berging,Op eigen terrein en openbaar parkeren,1.46,55%,€ 3.969,,"Nefit Proline (gas gestookt uit 2024, eigendom)",,,,,,,,,,,,,,,,,,,,652158.5168683094,True,-152158.51686830935,152158.51686830935
https://www.funda.nl/detail/koop/almere/huis-kloosterbos-16/43202709/,Kloosterbos,16.0,1358 GA,Almere,Overgooi (brt),1650000.0,€ 5.392,Beschikbaar,"Villa, vrijstaande woning",Bestaande bouw,2015,Gedeeltelijk gestoffeerd,Plat dak bedekt met bitumineuze dakbedekking,,306 m²,4 m²,122 m²,9 m²,2.739 m²,1.148 m³,7 kamers (5 slaapkamers),4 badkamers en 1 apart toilet,"4 inloopdouches, 4 toiletten, vloerverwarming, 3 wastafels, bidet, dubbele wastafel, en wastafelmeubel",2 woonlagen,Elektra,A,"Dakisolatie, driedubbel glas, HR-glas, muurisolatie, vloerisolatie en volledig geïsoleerd",Cv-ketel en warmte terugwininstallatie,Cv-ketel,2.739 m²,Volle eigendom,"Aan park, aan rustige weg, in bosrijke omgeving, in woonwijk en vrij uitzicht","Achtertuin, tuin rondom, voortuin en zijtuin","1.501 m² (31,24 meter diep en 48,04 meter breed)",Gelegen op het zuiden bereikbaar via achterom,Vrijstaande stenen berging,Op eigen terrein,720.0,46%,€ 5.136,Energie Prestatie Advies,,,,,,Balkon aanwezig,,,,,,,,,,,,,,,1575045.0262382727,True,74954.97376172733,74954.97376172733
https://www.funda.nl/detail/koop/almere/huis-bosgouw-240/89689359/,Bosgouw,240.0,1352 GW,Almere,"Bosgouw, Brongouw en Nijvergouw",425000.0,€ 3.602,Beschikbaar,"Eengezinswoning, tussenwoning",Bestaande bouw,1981,Dubbele bewoning mogelijk,,,118 m²,,,5 m²,119 m²,418 m³,6 kamers (5 slaapkamers),1 badkamer en 1 apart toilet,,3 woonlagen,Elektra,A,Dubbel glas en volledig geïsoleerd,Cv-ketel,Cv-ketel en elektrische boiler,119 m²,Volle eigendom,Aan rustige weg en in woonwijk,Achtertuin en voortuin,"58 m² (9,95 meter diep en 5,78 meter breed)",Gelegen op het zuidoosten bereikbaar via achterom,Vrijstaande houten berging,Openbaar parkeren,1.14,38%,,,,,,€ 480.000 kosten koper,,,,,,,,,,,,,,,,,411935.38982765004,True,13064.61017234996,13064.61017234996
https://www.funda.nl/detail/koop/almere/huis-eelerbergstraat-16/43214588/,Eelerbergstraat,16.0,1333 ZW,Almere,Landgoederenbuurt Zuid en West,775000.0,€ 5.201,Beschikbaar,"Eengezinswoning, halfvrijstaande woning",Bestaande bouw,1994,,Samengesteld dak bedekt met pannen,,149 m²,28 m²,,,286 m²,622 m³,5 kamers (4 slaapkamers),1 badkamer en 1 apart toilet,"Douche, ligbad, toilet, wastafel, en wastafelmeubel",3 woonlagen en een vliering,"Elektrische deur, vliering, elektra, verwarming en stromend water",B,Dubbel glas en muurisolatie,Cv-ketel en open haard,Cv-ketel,286 m²,Volle eigendom,Aan rustige weg en in woonwijk,"Achtertuin, voortuin en zijtuin","132 m² (12,00 meter diep en 11,00 meter breed)",Gelegen op het zuidwesten bereikbaar via achterom,Vrijstaande houten berging,Op eigen terrein en openbaar parkeren,1.225,38%,,,"Valliant (gas gestookt combiketel uit 2024, eigendom)",Inpandig,1 auto,,,,,,,,,,,,,,,,,,734978.6638199232,True,40021.33618007682,40021.33618007682
https://www.funda.nl/detail/koop/almere/huis-toernooiveld-105/43111998/,Toernooiveld,105.0,1359 JX,Almere,De Velden Zuid,799000.0,€ 4.673,Beschikbaar,"Eengezinswoning, 2-onder-1-kapwoning",Bestaande bouw,1999,,Schilddak bedekt met pannen,,171 m²,17 m²,3 m²,,288 m²,654 m³,6 kamers (5 slaapkamers),2 badkamers en 1 apart toilet,"2 douches, ligbad, 2 toiletten, en wastafelmeubel",3 woonlagen,Elektra,B,"Dakisolatie, dubbel glas, muurisolatie en vloerisolatie",Cv-ketel,Cv-ketel,288 m²,Volle eigendom,"Aan bosrand, aan park, aan rustige weg, aan water en in woonwijk",Achtertuin en voortuin,"162 m² (9,00 meter diep en 18,00 meter breed)",Gelegen op het noordoosten,,Op eigen terrein en openbaar parkeren,985.0,41%,€ 4.753,,"Gas gestookt combiketel uit 1999, eigendom",Inpandig,1 auto,€ 829.000 kosten koper,,Balkon aanwezig,,,,,,,,,,,,,,,755510.6239757579,True,43489.37602424214,43489.37602424214
https://www.funda.nl/detail/koop/almere/huis-jean-gabinplantsoen-11/43310449/,Jean Gabinplantsoen,11.0,1325 LN,Almere,Filmwijk Midden,785000.0,€ 5.032,Beschikbaar,"Villa, vrijstaande woning",Bestaande bouw,1991,,Samengesteld dak bedekt met bitumineuze dakbedekking en pannen,,156 m²,25 m²,2 m²,,373 m²,630 m³,5 kamers (3 slaapkamers),2 badkamers en 1 apart toilet,"Inloopdouche, ligbad, 2 toiletten, wastafelmeubel, douche, en wastafel",3 woonlagen,"Elektra, verwarming en stromend water",A,Dakisolatie en muurisolatie,Stadsverwarming en gedeeltelijke vloerverwarming,Stadsverwarming,373 m²,Volle eigendom,"Aan park, aan rustige weg en in woonwijk","Achtertuin, voortuin en zijtuin","140 m² (10,00 meter diep en 14,00 meter breed)",Gelegen op het zuidoosten,,Op eigen terrein en openbaar parkeren,1.95,48%,€ 4.045,,,Aangebouwde stenen garage,1 auto,,,,,,,,,,,,,,,,,,778927.0306825666,True,6072.969317433424,6072.969317433424
https://www.funda.nl/detail/koop/almere/huis-saturnussingel-500/43391494/,Saturnussingel,500.0,1363 RG,Almere,Homeruskwartier Oost,695000.0,€ 4.793,Beschikbaar,"Eengezinswoning, hoekwoning",Bestaande bouw,2013,Gedeeltelijk gestoffeerd,Plat dak bedekt met bitumineuze dakbedekking,,145 m²,,33 m²,4 m²,165 m²,537 m³,4 kamers (3 slaapkamers),1 badkamer en 3 aparte toiletten,"Inloopdouche, wastafel, en wastafelmeubel",3 woonlagen,Elektra,A+,Geen isolatie,"Gashaard, stadsverwarming en gedeeltelijke vloerverwarming",Stadsverwarming,165 m²,Volle eigendom,"Aan rustige weg, aan water en in woonwijk","Achtertuin, voortuin en zijtuin","60 m² (5,50 meter diep en 11,00 meter breed)",Gelegen op het zuidoosten bereikbaar via achterom,Vrijstaande stenen berging,Openbaar parkeren,1.46,65%,€ 4.427,,,,,,,Dakterras aanwezig,,,,,,,,,,,,,,,684153.7244842432,True,10846.275515756803,10846.275515756803
https://www.funda.nl/detail/koop/almere/huis-arinnastraat-19-d/89601913/,Arinnastraat 19-D,,1363 RB,Almere,Homeruskwartier Oost,595000.0,€ 4.612,Beschikbaar,"Eengezinswoning, tussenwoning",Bestaande bouw,2016,,,,129 m²,,24 m²,,127 m²,456 m³,6 kamers (5 slaapkamers),1 badkamer en 1 apart toilet,,3 woonlagen,,A+,,Stadsverwarming,Stadsverwarming,127 m²,Volle eigendom,"Aan rustige weg, in woonwijk en open ligging",Achtertuin en voortuin,,,,Openbaar parkeren,1.46,65%,€ 4.427,,,,,,,Dakterras aanwezig,,,,,,,,,,,,,,,562135.1024651611,True,32864.89753483888,32864.89753483888
https://www.funda.nl/detail/koop/almere/huis-paulus-potterstraat-107/43314880/,Paulus Potterstraat,107.0,1318 PL,Almere,Tussen de Vaarten N.- Oost,385000.0,€ 3.850,Beschikbaar,"Eengezinswoning, tussenwoning",Bestaande bouw,2000,Gedeeltelijk gestoffeerd,Zadeldak bedekt met pannen,,100 m²,,,7 m²,142 m²,354 m³,5 kamers (3 slaapkamers),1 badkamer en 1 apart toilet,"Douche, toilet, en wastafel",3 woonlagen,Elektra,A,Geen isolatie,Stadsverwarming,Stadsverwarming,142 m²,Volle eigendom,Aan rustige weg en in woonwijk,Achtertuin en voortuin,"51 m² (10,00 meter diep en 5,05 meter breed)",Gelegen op het noordwesten,Vrijstaande houten berging,Openbaar parkeren,1.94,51%,€ 4.183,Energie Prestatie Advies,,,,,,,,,,,,,,,,Duokoop,,,,,393472.68513255083,False,-8472.685132550832,8472.685132550832
https://www.funda.nl/detail/koop/almere/huis-willem-kloosstraat-19/89735880/,Willem Kloosstraat,19.0,1321 TM,Almere,Literatuurwijk Noordwest,525000.0,€ 4.688,Onder bod,"Eengezinswoning, tussenwoning",Bestaande bouw,2000,,Zadeldak bedekt met pannen,,112 m²,,,7 m²,134 m²,404 m³,6 kamers (5 slaapkamers),1 badkamer en 2 aparte toiletten,"Bidet, inloopdouche, ligbad, toilet, vloerverwarming, en wastafelmeubel",3 woonlagen,Elektra,A,"Dakisolatie, dubbel glas en vloerisolatie",Stadsverwarming,Stadsverwarming,134 m²,Volle eigendom,Aan rustige weg en in woonwijk,Achtertuin en voortuin,"55 m² (11,00 meter diep en 5,00 meter breed)",Gelegen op het noordoosten bereikbaar via achterom,Vrijstaande houten berging,Openbaar parkeren,2.025,58%,€ 3.834,,,,,,,,,,,,,,,,,,,,,,473061.0136511312,True,51938.98634886881,51938.98634886881
https://www.funda.nl/detail/koop/almere/huis-grootzeil-426/43308469/,Grootzeil,426.0,1319 DS,Almere,Noorderplassen W.-Oost,500000.0,€ 4.237,Beschikbaar,"Eengezinswoning, hoekwoning",Bestaande bouw,2008,,Lessenaardak bedekt met pannen,,118 m²,,,7 m²,194 m²,442 m³,5 kamers (4 slaapkamers),1 badkamer en 1 apart toilet,"Inloopdouche, toilet, en wastafelmeubel",2 woonlagen en een zolder,Elektra,A,Geen isolatie,Stadsverwarming,Stadsverwarming,194 m²,Volle eigendom,"Aan rustige weg, in bosrijke omgeving en in woonwijk","Achtertuin, voortuin en zijtuin","85 m² (13,00 meter diep en 6,50 meter breed)",Gelegen op het noordoosten bereikbaar via achterom,Vrijstaande houten berging,Openbaar parkeren,2.265,56%,€ 4.310,,,,,,,,,,,,,,,,,,,,,,547173.0175943838,True,-47173.0175943838,47173.0175943838
https://www.funda.nl/detail/koop/almere/huis-warehouse-bouwnr-bnr-11/43000814/,Warehouse - (Bouwnr. Bnr 11),,1362 KJ,Almere,Europakwartier Oost (brt),635000.0,€ 4.774,Beschikbaar,"Eengezinswoning, tussenwoning",Nieuwbouw,Na 2020,,,,133 m²,,,,111 m²,589 m³,1 kamer,,,1 woonlaag,Glasvezelkabel en zonnepanelen,A+++,Volledig geïsoleerd,Stadsverwarming en gehele vloerverwarming,Stadsverwarming,111 m²,,,,,,Vrijstaande houten berging,,2.27,44%,€ 4.829,SWK Garantiecertificaat,,,,,,,,,,,,,,,,,,,,,657265.6875363125,True,-22265.6875363125,22265.6875363125
https://www.funda.nl/detail/koop/almere/huis-sarsvenstraat-12/43249894/,Sarsvenstraat,12.0,1316 HR,Almere,Waterwijk West,395000.0,€ 3.990,Verkocht,"Eengezinswoning, tussenwoning",Bestaande bouw,1984,Gedeeltelijk gestoffeerd,Zadeldak bedekt met pannen,,99 m²,5 m²,23 m²,15 m²,167 m²,379 m³,3 kamers (2 slaapkamers),1 badkamer en 1 apart toilet,"Douche, dubbele wastafel, ligbad, toilet, vloerverwarming, en wastafelmeubel",2 woonlagen en een vliering,Elektra,A+,Geen isolatie,Houtkachel en stadsverwarming,Stadsverwarming,167 m²,Volle eigendom,Aan rustige weg en in woonwijk,Achtertuin,"83 m² (9,79 meter diep en 8,46 meter breed)",Gelegen op het noordwesten bereikbaar via achterom,Vrijstaande houten berging,Openbaar parkeren,1.62,42%,€ 3.779,,,,,,,,,,,,,10 maart 2026,2 weken,€ 395.000 kosten koper,,,,,,,415132.46831113764,True,-20132.468311137636,20132.468311137636
https://www.funda.nl/detail/koop/almere/huis-menuetstraat-31/89691147/,Menuetstraat,31.0,1312 TX,Almere,Muziekwijk N.-Noord,769500.0,€ 4.809,Beschikbaar,"Eengezinswoning, 2-onder-1-kapwoning",Bestaande bouw,1994,Gestoffeerd,Zadeldak bedekt met pannen,,160 m²,60 m²,17 m²,,320 m²,722 m³,6 kamers (5 slaapkamers),1 badkamer en 1 apart toilet,"Sauna, bidet, dubbele wastafel, inloopdouche, stoomcabine, toilet, en wastafelmeubel",2 woonlagen en een vliering,"Airconditioning, alarminstallatie, buitenzonwering, mechanische ventilatie, natuurlijke ventilatie, sauna, schuifpui, en TV kabel",A+,Dubbel glas,Stadsverwarming,Centrale voorziening,320 m²,Volle eigendom,"Aan park, aan rustige weg, in woonwijk en vrij uitzicht",,,,,Op eigen terrein en openbaar parkeren,1.605,45%,€ 4.170,Energie Prestatie Advies,,,,,,,,,,,,,,,,,,,,,708081.7938588855,True,61418.20614111447,61418.20614111447
https://www.funda.nl/detail/koop/almere/huis-strijkmolenstraat-32/89775876/,Strijkmolenstraat,32.0,1333 EN,Almere,Molenbuurt Oost,365000.0,€ 3.476,Beschikbaar,"Eengezinswoning, tussenwoning",Bestaande bouw,1981,,Plat dak bedekt met pannen,,105 m²,,,,140 m²,358 m³,5 kamers (4 slaapkamers),1 apart toilet,,3 woonlagen,TV kabel,C,Dubbel glas,Cv-ketel,Cv-ketel,140 m²,Volle eigendom,Aan rustige weg,Achtertuin,,,Box,Openbaar parkeren,2.17,38%,€ 3.564,,"Gas gestookt uit 2024, eigendom",,,,,,,,,,,,,,,,,,,,384097.7629201788,True,-19097.762920178822,19097.762920178822
https://www.funda.nl/detail/koop/almere/huis-frankrijkkade-210/43386616/,Frankrijkkade,210.0,1363 CJ,Almere,Europakwartier W.-Zuid,725000.0,€ 3.856,Beschikbaar,"Eengezinswoning, tussenwoning",Bestaande bouw,2011,Gedeeltelijk gestoffeerd,Plat dak,,188 m²,,31 m²,10 m²,,688 m³,6 kamers (4 slaapkamers),1 badkamer en 2 aparte toiletten,"Douche, dubbele wastafel, ligbad, en wastafelmeubel",5 woonlagen,Elektra,A,Volledig geïsoleerd,Stadsverwarming,Stadsverwarming,,Volle eigendom,"Aan rustige weg, in woonwijk en open ligging",Achtertuin,"63 m² (11,50 meter diep en 5,50 meter breed)",Gelegen op het noorden bereikbaar via achterom,Vrijstaande houten berging,,1.095,43%,€ 5.605,,,Parkeerplaats,,,,Dakterras aanwezig,,,€ 50 per maand,,,,,,,,,,,,717900.3703879567,True,7099.629612043267,7099.629612043267
https://www.funda.nl/detail/koop/almere/huis-kick-wilstraplantsoen-38/43398127/,Kick Wilstraplantsoen,38.0,1336 GT,Almere,Stripheldenbuurt Midden- west,410000.0,€ 3.761,Beschikbaar,"Eengezinswoning, tussenwoning",Bestaande bouw,2004,Gedeeltelijk gestoffeerd en kluswoning,Zadeldak bedekt met pannen,,109 m²,,,6 m²,144 m²,387 m³,5 kamers (3 slaapkamers),1 badkamer en 1 apart toilet,"Douche, ligbad, toilet, wastafel, en wastafelmeubel",3 woonlagen,"Airconditioning, dakraam, glasvezelkabel, mechanische ventilatie, en natuurlijke ventilatie",A,Volledig geïsoleerd,Cv-ketel,Cv-ketel,144 m²,Volle eigendom,Aan rustige weg en in woonwijk,Achtertuin en voortuin,"54 m² (10,50 meter diep en 5,15 meter breed)",Gelegen op het zuidwesten bereikbaar via achterom,Vrijstaande houten berging,Op eigen terrein en openbaar parkeren,1.46,55%,€ 3.969,Energie Prestatie Advies,"Intergas (gas gestookt uit 2022, huur)",,,,,,,,,,,,,,,,,,,,454811.7978814077,True,-44811.79788140772,44811.79788140772
https://www.funda.nl/detail/koop/almere/huis-mazureplantsoen-13/89718540/,Mazureplantsoen,13.0,1336 CV,Almere,Stripheldenbuurt Noordoost,450000.0,€ 3.659,Beschikbaar,"Eengezinswoning, tussenwoning",Bestaande bouw,2007,Gestoffeerd,Zadeldak bedekt met pannen,,123 m²,,,6 m²,103 m²,424 m³,5 kamers (4 slaapkamers),1 badkamer en 1 apart toilet,"Dubbele wastafel, inloopdouche, toilet, en wastafelmeubel",3 woonlagen,Elektra,A,Volledig geïsoleerd,Cv-ketel,Cv-ketel,103 m²,Volle eigendom,Aan rustige weg en in woonwijk,Achtertuin en voortuin,"30 m² (5,50 meter diep en 5,50 meter breed)",Gelegen op het westen bereikbaar via achterom,Vrijstaande houten berging,Op eigen terrein en openbaar parkeren,1.1,51%,€ 4.181,,"Intergas Compact HR ( combiketel uit 2007, eigendom)",,,,,,,,,,,,,,,,,,,,494153.87772060576,True,-44153.87772060576,44153.87772060576
https://www.funda.nl/detail/koop/almere/huis-regenboogweg-61/89453078/,Regenboogweg,61.0,1339 GX,Almere,Regenboogbuurt West,425000.0,€ 3.373,Verkocht onder voorbehoud,"Eengezinswoning, eindwoning",Bestaande bouw,,,Plat dak bedekt met bitumineuze dakbedekking,,126 m²,,26 m²,8 m²,133 m²,446 m³,6 kamers (4 slaapkamers),1 badkamer,"Ligbad, toilet, en wastafel",2 woonlagen en een zolder,,B,Geen spouw,,,133 m²,Volle eigendom,In woonwijk,Achtertuin,"40 m² (8,00 meter diep en 5,00 meter breed)",Gelegen op het zuiden bereikbaar via achterom,Vrijstaande stenen berging,Openbaar parkeren,1.81,46%,€ 3.710,,,,,,,Dakterras aanwezig,,,,,,,,,1991-2000,,,,,,496965.33194928255,True,-71965.33194928255,71965.33194928255
https://www.funda.nl/detail/koop/almere/huis-paletlaan-19/89773616/,Paletlaan,19.0,1339 AE,Almere,Regenboogbuurt West,795000.0,€ 4.184,Beschikbaar,"Eengezinswoning, vrijstaande woning",Bestaande bouw,1996,,Plat dak bedekt met bitumineuze dakbedekking,,190 m²,30 m²,4 m²,31 m²,416 m²,748 m³,7 kamers (5 slaapkamers),3 badkamers en 1 apart toilet,"2 douches, inloopdouche, wastafelmeubel, en wastafel",3 woonlagen,"Glasvezelkabel, mechanische ventilatie, en zonnepanelen",B,Volledig geïsoleerd,"Cv-ketel, open haard en gedeeltelijke vloerverwarming",Cv-ketel,416 m²,Volle eigendom,,Tuin rondom,,,Aangebouwde houten berging,Op eigen terrein en openbaar parkeren,1.81,46%,€ 3.710,,"Intergas Kombi Kompakt HRE 36/30A CW5 (2020, eigendom)",,,,,,,,,,,,,,,,,,,,882089.9005592859,True,-87089.90055928589,87089.90055928589
https://www.funda.nl/detail/koop/almere/huis-d-hudigstraat-51/43316152/,D. Hudigstraat,51.0,1333 KT,Almere,Bouwmeesterbuurt Noord,375000.0,€ 3.606,Beschikbaar,"Eengezinswoning, tussenwoning",Bestaande bouw,1986,Gedeeltelijk gestoffeerd,Zadeldak bedekt met pannen,,104 m²,,,1 m²,168 m²,368 m³,4 kamers (3 slaapkamers),1 badkamer en 1 apart toilet,"Douche, ligbad, toilet, wastafel, en wastafelmeubel",3 woonlagen,"Glasvezelkabel, mechanische ventilatie, en natuurlijke ventilatie",C,"Dakisolatie, grotendeels dubbelglas en vloerisolatie",Cv-ketel,Cv-ketel,168 m²,Volle eigendom,,Achtertuin en voortuin,"97 m² (17,00 meter diep en 5,68 meter breed)",Gelegen op het zuidwesten,,Openbaar parkeren,1.825,42%,€ 3.823,Energie Prestatie Advies,"Intergas (gas gestookt uit 2020, eigendom)",,,,,,,,,,,,,,,,,,,,402976.82278397074,True,-27976.82278397074,27976.82278397074
https://www.funda.nl/detail/koop/almere/huis-veelzijdige-hoekwoning-bouwnr-bouwnr-1/89286655/,Veelzijdige hoekwoning bouwnr. (Bouwnr. 1),,1362 JG,Almere,Europakwartier Oost (brt),630000.0,€ 4.532,Verkocht onder voorbehoud,"Herenhuis, hoekwoning",Nieuwbouw,2025,,,,139 m²,,,,128 m²,361 m³,4 kamers (2 slaapkamers),,,3 woonlagen,,A+++,,,,128 m²,,,,,,Inpandig,,2.27,44%,€ 4.829,,,,,,,,,,,,,,,,,,,,,,665990.123669874,False,-35990.12366987404,35990.12366987404
https://www.funda.nl/detail/koop/almere/huis-vierlaags-herenhuis-bouwnr-8/89308172/,Vierlaags herenhuis (Bouwnr. 8),,1362 JT,Almere,Europakwartier Oost (brt),699500.0,€ 4.345,Beschikbaar,"Herenhuis, tussenwoning",Nieuwbouw,2026,,Zadeldak,,161 m²,,,6 m²,113 m²,419 m³,7 kamers (6 slaapkamers),1 badkamer en 1 apart toilet,,4 woonlagen,Elektra,A+++,,,,113 m²,,,Achtertuin,"42 m² (0,11 meter diep en 0,05 meter breed)",,Vrijstaande houten berging,Openbaar parkeren,2.27,44%,€ 4.829,,,,,,,,,,,,,,,,,,,,,,701446.3691219687,True,-1946.3691219687462,1946.3691219687462
https://www.funda.nl/detail/koop/almere/huis-3-laagse-tussenwoning-bouwnr-14/43225031/,3-Laagse tussenwoning (Bouwnr. 14),,1362 LK,Almere,Olympiakwartier Oost (brt),495000.0,€ 4.806,Verkocht onder voorbehoud,"Eengezinswoning, tussenwoning",Nieuwbouw,Na 2020,,Plat dak,,103 m²,,,,83 m²,379 m³,5 kamers (4 slaapkamers),1 badkamer en 1 apart toilet,"Douche, toilet, en wastafel",3 woonlagen,Elektra,A+++,Geen isolatie,Stadsverwarming,Stadsverwarming,83 m²,,In woonwijk,Achtertuin,,,Vrijstaande houten berging,Openbaar parkeren,125.0,,,Woningborg Garantiecertificaat,,,,,,,,,,,,,,,,,,,,,509260.07816588937,True,-14260.078165889368,14260.078165889368
https://www.funda.nl/detail/koop/almere/huis-herenhuis-bouwnr-21/89286661/,Herenhuis (Bouwnr. 21),,1362 JG,Almere,Europakwartier Oost (brt),602500.0,€ 4.939,Verkocht onder voorbehoud,"Herenhuis, tussenwoning",Nieuwbouw,2025,,,,122 m²,,,6 m²,84 m²,317 m³,5 kamers (4 slaapkamers),,,3 woonlagen,,A+++,,,,84 m²,,,,,,,,2.27,44%,€ 4.829,,,,,,,,,,,,,,,,,,,,,,583346.1598281758,True,19153.84017182421,19153.84017182421
https://www.funda.nl/detail/koop/almere/huis-erik-satiestraat-17/43377574/,Erik Satiestraat,17.0,1323 SL,Almere,Muziekwijk Z.-West,440000.0,€ 4.231,Verkocht onder voorbehoud,"Eengezinswoning, tussenwoning",Bestaande bouw,1989,Gedeeltelijk gestoffeerd,,,104 m²,,,7 m²,132 m²,352 m³,5 kamers (4 slaapkamers),1 badkamer en 1 apart toilet,"Douche, toilet, wastafel, en wastafelmeubel",3 woonlagen,Elektra,A,Dubbel glas en muurisolatie,Stadsverwarming en gedeeltelijke vloerverwarming,Stadsverwarming,132 m²,Volle eigendom,Aan rustige weg en in woonwijk,Achtertuin en voortuin,"63 m² (11,60 meter diep en 5,40 meter breed)",Gelegen op het noorden,Vrijstaande houten berging,Openbaar parkeren,1.315,42%,€ 3.989,,,,,,,,,,,,,,,,,,,,,,422567.8531046751,True,17432.146895324928,17432.146895324928
https://www.funda.nl/detail/koop/almere/huis-vierlaags-herenhuis-bouwnr-7/89308179/,Vierlaags herenhuis (Bouwnr. 7),,1362 JT,Almere,Europakwartier Oost (brt),699500.0,€ 4.345,Onder optie,"Herenhuis, tussenwoning",Nieuwbouw,2026,,,,161 m²,,,6 m²,113 m²,419 m³,7 kamers (6 slaapkamers),1 badkamer en 1 apart toilet,,4 woonlagen,Elektra,A+++,,,,113 m²,,,Achtertuin,"42 m² (0,11 meter diep en 0,05 meter breed)",,Vrijstaande houten berging,Openbaar parkeren,2.27,44%,€ 4.829,,,,,,,,,,,,,,,,,,,,,,701446.3691219687,True,-1946.3691219687462,1946.3691219687462
https://www.funda.nl/detail/koop/almere/huis-sportmark-24/43373707/,Sportmark,24.0,1355 KB,Almere,"Hofmark, Redemark en Sportmark",475000.0,€ 3.442,Verkocht onder voorbehoud,"Eengezinswoning, tussenwoning",Bestaande bouw,1979,,Samengesteld dak bedekt met bitumineuze dakbedekking en pannen,,138 m²,,,6 m²,149 m²,468 m³,6 kamers (4 slaapkamers),1 badkamer en 1 apart toilet,"Douche, inloopdouche, toilet, wastafel, en wastafelmeubel",3 woonlagen,Elektra,A,"Dubbel glas, HR-glas en muurisolatie",Cv-ketel en gedeeltelijke vloerverwarming,Cv-ketel,149 m²,Volle eigendom,"Aan park, aan rustige weg, in woonwijk en vrij uitzicht",Achtertuin en voortuin,"55 m² (10,00 meter diep en 5,50 meter breed)",Gelegen op het zuidwesten bereikbaar via achterom,Vrijstaande stenen berging,Openbaar parkeren,1.39,38%,€ 3.688,,"Remeha HR 107 (gas gestookt combiketel uit 2011, eigendom)",,,,,,,,,,,,,,,,,,,,470330.6039780984,False,4669.396021901572,4669.396021901572
https://www.funda.nl/detail/koop/almere/huis-richard-feynmanstraat-28/43321740/,Richard Feynmanstraat,28.0,1341 DL,Almere,Nobelhorst Oost,525000.0,€ 4.102,Beschikbaar,"Eengezinswoning, tussenwoning",Bestaande bouw,2020,Gedeeltelijk gestoffeerd,Zadeldak bedekt met pannen,,128 m²,,15 m²,7 m²,120 m²,457 m³,4 kamers (3 slaapkamers),1 badkamer en 1 apart toilet,"Inloopdouche, ligbad, toilet, wastafel, en wastafelmeubel",3 woonlagen,Elektra,A,Geen isolatie,Gehele vloerverwarming en warmtepomp,,120 m²,Volle eigendom,"Aan park, aan rustige weg, beschutte ligging en in woonwijk",Achtertuin en voortuin,"54 m² (10,00 meter diep en 5,40 meter breed)",Gelegen op het noordoosten bereikbaar via achterom,Vrijstaande houten berging,Openbaar parkeren,1.97,67%,€ 4.786,,,,,,,,,,,,,,,,,,,,,,566747.1711049026,True,-41747.171104902634,41747.171104902634
https://www.funda.nl/detail/koop/almere/huis-lisztpad-21/89732031/,Lisztpad,21.0,1323 BJ,Almere,Muziekwijk Z.-Oost,475000.0,€ 4.358,Verkocht onder voorbehoud,"Eengezinswoning, tussenwoning",Bestaande bouw,1987,,Zadeldak bedekt met pannen,,109 m²,,,24 m²,132 m²,361 m³,5 kamers (4 slaapkamers),2 badkamers en 1 apart toilet,"2 douches, dubbele wastafel, 2 toiletten, en wastafel",3 woonlagen,Elektra,A,"Dakisolatie, dubbel glas, muurisolatie, vloerisolatie en volledig geïsoleerd",Stadsverwarming en gedeeltelijke vloerverwarming,Stadsverwarming,132 m²,Volle eigendom,In woonwijk en open ligging,Achtertuin en voortuin,"53 m² (9,87 meter diep en 5,32 meter breed)",Gelegen op het zuidwesten bereikbaar via achterom,Vrijstaande houten berging,Openbaar parkeren,2.99,35%,€ 4.128,,,,,,,,,,,,,,,,,,,,,,437649.67722133116,True,37350.32277866884,37350.32277866884
https://www.funda.nl/detail/koop/almere/huis-hoekwoning-type-a-bouwnr-3/43369204/,Hoekwoning Type A (Bouwnr. 3),,1325 VW,Almere,Laterna Magikapark,740000.0,€ 5.000,Beschikbaar,"Eengezinswoning, hoekwoning",Nieuwbouw,Na 2020,,,,148 m²,,,,190 m²,400 m³,5 kamers (4 slaapkamers),1 badkamer en 2 aparte toiletten,Inloopdouche,3 woonlagen,,A++,,Stadsverwarming,Centrale voorziening,190 m²,,Aan park,,,,Vrijstaande houten berging,,20.0,,,,,Aangebouwde stenen garage,1 auto,,,,,,,,,,,,,,,,,,703406.4754452223,True,36593.52455477766,36593.52455477766
https://www.funda.nl/detail/koop/almere/huis-a1-bouwnr-8/43809459/,A1 (Bouwnr. 8),,1362 LC,Almere,Olympiakwartier Oost (brt),522660.0,€ 4.667,Verkocht onder voorbehoud,"Eengezinswoning, tussenwoning",Nieuwbouw,2025,,,,112 m²,,,,90 m²,404 m³,5 kamers (4 slaapkamers),,,3 woonlagen,,A++,,,,90 m²,,In woonwijk,,,,Vrijstaande houten berging,,125.0,,,,,,,,,,,,,,,,,,,,,,,,532242.0756886163,True,-9582.075688616256,9582.075688616256
https://www.funda.nl/detail/koop/almere/huis-rudolf-mossbauerstraat-7/43398300/,Rudolf Mössbauerstraat,7.0,1341 EJ,Almere,Nobelhorst Oost,925000.0,€ 5.539,Verkocht onder voorbehoud,"Eengezinswoning, vrijstaande woning",Bestaande bouw,2024,,Zadeldak bedekt met pannen,,167 m²,18 m²,,,376 m²,600 m³,5 kamers (4 slaapkamers),1 badkamer en 2 aparte toiletten,"Inloopdouche, vloerverwarming, en wastafelmeubel",3 woonlagen,Elektrische deur en elektra,A+++,"Dakisolatie, muurisolatie, vloerisolatie en volledig geïsoleerd",Gehele vloerverwarming en warmtepomp,Elektrische boiler,376 m²,Volle eigendom,Aan rustige weg en in woonwijk,"Achtertuin, voortuin en zijtuin","165 m² (15,00 meter diep en 11,00 meter breed)",Gelegen op het noordwesten bereikbaar via achterom,,Op eigen terrein en openbaar parkeren,1.97,67%,€ 4.786,,,Aangebouwde stenen garage,1 auto,,,,,,,,,,,,,,,,,,937268.9240894486,True,-12268.924089448643,12268.924089448643
https://www.funda.nl/detail/koop/almere/huis-john-fordstraat-17/89774288/,John Fordstraat,17.0,1325 TG,Almere,Filmwijk Zuid-zuid van Walt Disneyplts.,465000.0,€ 4.189,Beschikbaar,"Eengezinswoning, tussenwoning",Bestaande bouw,1997,Gedeeltelijk gestoffeerd,Zadeldak bedekt met pannen,,111 m²,,,8 m²,118 m²,392 m³,5 kamers (4 slaapkamers),1 badkamer en 1 apart toilet,"Dubbele wastafel, inloopdouche, toilet, en wastafelmeubel",3 woonlagen,Elektra,A+,"Dakisolatie, dubbel glas, muurisolatie en vloerisolatie",Stadsverwarming en gedeeltelijke vloerverwarming,Stadsverwarming,118 m²,Volle eigendom,"Aan rustige weg, in bosrijke omgeving en in woonwijk",Achtertuin en voortuin,,,Vrijstaande houten berging,Openbaar parkeren,1.78,48%,€ 4.683,Energie Prestatie Advies,,,,,,,,,,,,,,,,,,,,,475406.63883692754,True,-10406.638836927537,10406.638836927537
https://www.funda.nl/detail/koop/almere/huis-leo-gestelstraat-85/43387634/,Leo Gestelstraat,85.0,1328 DC,Almere,Tussen de Vaarten Z.- Noordoost,425000.0,€ 3.427,Verkocht onder voorbehoud,"Eengezinswoning, tussenwoning",Bestaande bouw,2000,,,,124 m²,,10 m²,9 m²,153 m²,439 m³,5 kamers (4 slaapkamers),1 badkamer en 1 apart toilet,"Douche, ligbad, toilet, en wastafel",3 woonlagen,Elektra,A+,"Dakisolatie, dubbel glas, muurisolatie en vloerisolatie",Stadsverwarming,Stadsverwarming,153 m²,Volle eigendom,In woonwijk,Achtertuin en voortuin,"67 m² (10,85 meter diep en 6,17 meter breed)",Gelegen op het noordoosten bereikbaar via achterom,Vrijstaande houten berging,,2.16,50%,€ 3.809,,,,,,,,,,,,,,,,,,,,,,473590.119725609,True,-48590.11972560902,48590.11972560902
https://www.funda.nl/detail/koop/almere/huis-panterweg-30/43309623/,Panterweg,30.0,1338 BX,Almere,Faunabuurt Noord,450000.0,€ 4.737,Beschikbaar,"Eengezinswoning, tussenwoning",Bestaande bouw,1995,Gedeeltelijk gestoffeerd,Zadeldak bedekt met pannen,,95 m²,,,8 m²,169 m²,340 m³,5 kamers (4 slaapkamers),1 badkamer en 1 apart toilet,"Douche, toilet, en wastafelmeubel",3 woonlagen,Elektra,B,Geen isolatie,Cv-ketel en houtkachel,Cv-ketel,169 m²,Volle eigendom,Aan rustige weg en in woonwijk,Achtertuin en voortuin,"94 m² (17,00 meter diep en 5,50 meter breed)",Gelegen op het noorden bereikbaar via achterom,Aangebouwde houten berging,Openbaar parkeren,1.83,43%,€ 3.983,,"Vaillant (gas gestookt combiketel uit 2023, eigendom)",,,,,,,,,,,,,,,,,,,,396470.456902885,True,53529.543097115005,53529.543097115005
https://www.funda.nl/detail/koop/almere/huis-muidergouw-15/89668074/,Muidergouw,15.0,1351 PA,Almere,"Lindengouw, Muidergouw en Peppengouw",1100000.0,€ 4.472,Beschikbaar,"Villa, vrijstaande woning",Bestaande bouw,1983,,Zadeldak bedekt met pannen,,246 m²,9 m²,11 m²,8 m²,800 m²,900 m³,8 kamers (7 slaapkamers),3 badkamers en 1 apart toilet,"Douche, toilet, 2 wastafels, dubbele wastafel, ligbad, wastafelmeubel, en inloopdouche",2 woonlagen,"Airconditioning, alarminstallatie, dakraam, glasvezelkabel, mechanische ventilatie, rolluiken, rookkanaal, en schuifpui",A,Volledig geïsoleerd,Cv-ketel en gedeeltelijke vloerverwarming,Cv-ketel,800 m²,Volle eigendom,"Aan rustige weg, in bosrijke omgeving en in woonwijk",Tuin rondom,,,Vrijstaande houten berging,Op eigen terrein en openbaar parkeren,1.075,36%,€ 3.585,,"Gas gestookt combiketel, eigendom",,,,,Balkon aanwezig,,,,,,,,,,,,,,,1004382.0149765748,True,95617.9850234252,95617.9850234252
https://www.funda.nl/detail/koop/almere/huis-harmoniumstraat-9/89780928/,Harmoniumstraat,9.0,1312 HJ,Almere,Muziekwijk N.-Oost,399500.0,€ 4.756,Beschikbaar,"Eengezinswoning, tussenwoning",Bestaande bouw,1990,,Plat dak bedekt met bitumineuze dakbedekking,,84 m²,,3 m²,6 m²,139 m²,297 m³,4 kamers (3 slaapkamers),1 badkamer en 1 apart toilet,"Inloopdouche, toilet, wastafel, en wastafelmeubel",2 woonlagen,Elektra,B,Volledig geïsoleerd,Stadsverwarming,Stadsverwarming,139 m²,Volle eigendom,,Achtertuin en voortuin,"0,12 meter diep en 0,05 meter breed",Gelegen op het zuidoosten bereikbaar via achterom,Vrijstaande stenen berging,Openbaar parkeren,1.18,39%,,,,,,,,,,,,,,,,,,,,,,,367782.6418350312,True,31717.358164968784,31717.358164968784
https://www.funda.nl/detail/koop/almere/huis-3-laagse-tussenwoning-bouwnr-9/43225035/,3-Laagse tussenwoning (Bouwnr. 9),,1362 LK,Almere,Olympiakwartier Oost (brt),595000.0,€ 4.722,Verkocht onder voorbehoud,"Eengezinswoning, tussenwoning",Nieuwbouw,Na 2020,,Plat dak,,126 m²,,,,106 m²,451 m³,5 kamers (4 slaapkamers),1 badkamer en 1 apart toilet,"Douche, toilet, en wastafel",3 woonlagen,Elektra,A+++,Geen isolatie,Stadsverwarming,Stadsverwarming,106 m²,,In woonwijk,Achtertuin,,,Vrijstaande houten berging,Openbaar parkeren,125.0,,,Woningborg Garantiecertificaat,,,,,,,,,,,,,,,,,,,,,594122.0694973768,True,877.9305026232032,877.9305026232032
https://www.funda.nl/detail/koop/almere/huis-krachtveld-14/89725996/,Krachtveld,14.0,1359 KG,Almere,De Velden Zuid,725000.0,€ 4.503,Verkocht onder voorbehoud,"Eengezinswoning, 2-onder-1-kapwoning",Bestaande bouw,1999,Gedeeltelijk gestoffeerd,Plat dak bedekt met bitumineuze dakbedekking,,161 m²,17 m²,7 m²,,239 m²,628 m³,5 kamers (4 slaapkamers),1 badkamer en 1 apart toilet,"Inloopdouche, toilet, wastafel, en wastafelmeubel",3 woonlagen,Elektra,A,"Dakisolatie, muurisolatie en vloerisolatie",Cv-ketel,Cv-ketel,239 m²,Volle eigendom,"Aan rustige weg, beschutte ligging, in bosrijke omgeving en in woonwijk",Achtertuin en voortuin,,,,Op eigen terrein en openbaar parkeren,985.0,41%,€ 4.753,Energie Prestatie Advies,"Gas gestookt, eigendom",Inpandig,1 auto,,,,,,,,,,,,,,,,,,704233.9869540667,True,20766.01304593333,20766.01304593333
https://www.funda.nl/detail/koop/almere/huis-perzikstraat-9/89788014/,Perzikstraat,9.0,1326 GG,Almere,Parkwijk Zuidwest,925000.0,€ 4.744,Beschikbaar,"Villa, vrijstaande woning",Bestaande bouw,1997,,Samengesteld dak bedekt met pannen,,195 m²,19 m²,,,556 m²,778 m³,7 kamers (6 slaapkamers),2 badkamers en 1 apart toilet,"Sauna, inloopdouche, 2 toiletten, wastafelmeubel, douche, en wastafel",2 woonlagen en een vliering,Elektrische deur en elektra,A,Volledig geïsoleerd,Stadsverwarming,Centrale voorziening,556 m²,Volle eigendom,Aan rustige weg en in woonwijk,Tuin rondom,,,Vrijstaande houten berging,Op eigen terrein en openbaar parkeren,590.0,40%,,,,Inpandig,1 auto,,,,,,,,,,,,,,,,,,926012.0469155286,True,-1012.0469155285973,1012.0469155285973
https://www.funda.nl/detail/koop/almere/huis-terneuzenstraat-13/43217851/,Terneuzenstraat,13.0,1324 TL,Almere,Stedenwijk Midden-west,500000.0,€ 3.145,Verkocht onder voorbehoud,"Eengezinswoning, tussenwoning",Bestaande bouw,1982,Gedeeltelijk gestoffeerd,Plat dak bedekt met bitumineuze dakbedekking,,159 m²,,40 m²,20 m²,195 m²,563 m³,7 kamers (6 slaapkamers),1 badkamer en 1 apart toilet,"Douche, toilet, wastafel, en wastafelmeubel",3 woonlagen,"Buitenzonwering, natuurlijke ventilatie, en schuifpui",A,"Dakisolatie, dubbel glas en HR-glas",Stadsverwarming,Stadsverwarming,195 m²,Volle eigendom,"Aan rustige weg, in woonwijk en vrij uitzicht",Achtertuin en voortuin,"80 m² (10,86 meter diep en 7,36 meter breed)",Gelegen op het zuidoosten bereikbaar via achterom,Vrijstaande houten berging,Openbaar parkeren,1.885,37%,€ 3.818,,,,,,,Dakterras aanwezig,,,,,,,,,,,,,,,529264.9973798511,True,-29264.997379851062,29264.997379851062
https://www.funda.nl/detail/koop/almere/huis-grace-kellystraat-5/89652058/,Grace Kellystraat,5.0,1325 HC,Almere,Filmwijk Bouwrai Zuid,617000.0,€ 4.639,Beschikbaar,"Eengezinswoning, tussenwoning",Bestaande bouw,1992,,Plat dak bedekt met bitumineuze dakbedekking,,133 m²,,,23 m²,180 m²,410 m³,5 kamers (4 slaapkamers),2 badkamers en 1 apart toilet,"2 bidets, 2 douches, 2 ligbaden, 2 toiletten, wastafel, wastafelmeubel, en inloopdouche",3 woonlagen,Elektra,A+,"Dakisolatie, muurisolatie en vloerisolatie",Stadsverwarming,Stadsverwarming,180 m²,Volle eigendom,,Achtertuin en voortuin,"56 m² (7,50 meter diep en 7,50 meter breed)",Gelegen op het noordwesten,Vrijstaande stenen berging,"Betaald parkeren, openbaar parkeren en parkeervergunningen",1.535,30%,€ 4.162,,,,,,,,,,,,,,,,,,,,,,505502.44101742236,True,111497.55898257764,111497.55898257764
https://www.funda.nl/detail/koop/almere/huis-hoekwoning-bouwnr-9/89679595/,Hoekwoning (Bouwnr. 9),,1361 BS,Almere,Duin Zuid,670000.0,€ 5.726,Verkocht onder voorbehoud,"Eengezinswoning, hoekwoning",Nieuwbouw,2026,,,,117 m²,,35 m²,5 m²,154 m²,304 m³,4 kamers (3 slaapkamers),1 badkamer en 1 apart toilet,,2 woonlagen,Elektra,A++,,Stadsverwarming,,154 m²,,,,,,Aangebouwde houten berging,Op eigen terrein,2.055,30%,€ 5.624,Woningborg Garantiecertificaat,,,,,,,,,,,,,,,,,,,,,668284.1861076542,True,1715.813892345759,1715.813892345759
https://www.funda.nl/detail/koop/almere/huis-a1-bouwnr-6/43809457/,A1 (Bouwnr. 6),,1362 LC,Almere,Olympiakwartier Oost (brt),522195.0,€ 4.662,Verkocht onder voorbehoud,"Eengezinswoning, tussenwoning",Nieuwbouw,2025,,,,112 m²,,,,90 m²,404 m³,5 kamers (4 slaapkamers),,,3 woonlagen,,A++,,,,90 m²,,In woonwijk,,,,Vrijstaande houten berging,,125.0,,,,,,,,,,,,,,,,,,,,,,,,532242.0756886163,True,-10047.075688616256,10047.075688616256
https://www.funda.nl/detail/koop/almere/huis-geerten-gossaertpad-59/43352503/,Geerten Gossaertpad,59.0,1321 TH,Almere,Literatuurwijk Noordwest,470000.0,€ 4.273,Verkocht onder voorbehoud,"Eengezinswoning, tussenwoning",Bestaande bouw,2001,,Zadeldak,,110 m²,,,8 m²,134 m²,383 m³,4 kamers (3 slaapkamers),1 badkamer en 1 apart toilet,"Douche, ligbad, toilet, wastafel, en wastafelmeubel",2 woonlagen en een zolder,Elektra,A+,Volledig geïsoleerd,Stadsverwarming en gedeeltelijke vloerverwarming,Stadsverwarming,134 m²,Volle eigendom,Aan rustige weg en in woonwijk,Achtertuin en voortuin,"58 m² (11,50 meter diep en 5,00 meter breed)",Gelegen op het zuidwesten bereikbaar via achterom,Vrijstaande houten berging,Openbaar parkeren,2.025,58%,€ 3.834,Energie Prestatie Advies,,,,,,,,,,,,,,,,,,,,,469529.1480622233,True,470.8519377767225,470.8519377767225
https://www.funda.nl/detail/koop/almere/huis-montenegrostraat-17/43111158/,Montenegrostraat,17.0,1362 KH,Almere,Europakwartier Oost (brt),650000.0,€ 4.610,Verkocht onder voorbehoud,"Eengezinswoning, tussenwoning",Nieuwbouw,Na 2020,,Plat dak,,141 m²,,,6 m²,119 m²,522 m³,5 kamers (4 slaapkamers),1 badkamer en 1 apart toilet,"Douche, toilet, en wastafel",3 woonlagen,Zonnepanelen,A+++,Volledig geïsoleerd,Stadsverwarming en gehele vloerverwarming,Stadsverwarming,119 m² (deelperceel),Volle eigendom,In woonwijk,Achtertuin,,,Vrijstaande houten berging,Openbaar parkeren,2.27,44%,€ 4.829,SWK Garantiecertificaat,,,,,,,,,,,,,,,,,,,,,657618.5518030215,True,-7618.551803021459,7618.551803021459
https://www.funda.nl/detail/koop/almere/huis-wm-dudokstraat-51/43101239/,W.M. Dudokstraat,51.0,1333 LS,Almere,Bouwmeesterbuurt Noord,410000.0,€ 3.417,Verkocht onder voorbehoud,"Eengezinswoning, eindwoning",Bestaande bouw,1989,Gedeeltelijk gestoffeerd,Samengesteld dak bedekt met bitumineuze dakbedekking en pannen,,120 m²,,1 m²,7 m²,211 m²,413 m³,5 kamers (4 slaapkamers),1 badkamer en 1 apart toilet,"Douche, toilet, wastafel, en wastafelmeubel",3 woonlagen,Elektra,A,Geen isolatie,Cv-ketel,Cv-ketel,211 m²,Volle eigendom,Aan rustige weg en in woonwijk,Achtertuin en voortuin,"78 m² (12,00 meter diep en 6,50 meter breed)",Gelegen op het zuidwesten bereikbaar via achterom,Vrijstaande houten berging,Openbaar parkeren,1.825,42%,€ 3.823,,"Atag (2021, eigendom)",,,€ 390.000 kosten koper,,,,,,,,,,,,,,,,,468005.32811010507,True,-58005.32811010507,58005.32811010507
https://www.funda.nl/detail/koop/almere/huis-siennastraat-225/43392530/,Siennastraat,225.0,1339 CX,Almere,Regenboogbuurt Noord en Oost,400000.0,€ 3.810,Verkocht onder voorbehoud,"Eengezinswoning, eindwoning",Bestaande bouw,1996,,Lessenaardak bedekt met pannen,,105 m²,,,7 m²,186 m²,379 m³,5 kamers (4 slaapkamers),1 badkamer en 1 apart toilet,"Douche, toilet, wastafel, en wastafelmeubel",3 woonlagen,Elektra,B,"Dakisolatie, dubbel glas, muurisolatie, vloerisolatie en volledig geïsoleerd",Cv-ketel,Cv-ketel,186 m²,Volle eigendom,"Aan park, aan rustige weg, in woonwijk en vrij uitzicht",Achtertuin en voortuin,"76 m² (14,25 meter diep en 5,30 meter breed)",Gelegen op het noordoosten bereikbaar via achterom,Vrijstaande houten berging,Openbaar parkeren,2.44,47%,€ 3.938,,"Vaillant HR (gas gestookt combiketel uit 2021, eigendom)",,,,,,,,,,,,,,,,,,,,441720.7722110152,True,-41720.772211015224,41720.772211015224
https://www.funda.nl/detail/koop/almere/huis-schootsteek-10/43241549/,Schootsteek,10.0,1319 GB,Almere,Noorderplassen W.- Noord,875000.0,€ 4.704,Verkocht onder voorbehoud,"Eengezinswoning, 2-onder-1-kapwoning",Bestaande bouw,2012,,Samengesteld dak bedekt met bitumineuze dakbedekking en metaal,,186 m²,8 m²,5 m²,,307 m²,687 m³,6 kamers (5 slaapkamers),1 badkamer en 2 aparte toiletten,"Inloopdouche, ligbad, en wastafelmeubel",3 woonlagen,Elektra,A+,Geen isolatie,Stadsverwarming,Stadsverwarming,307 m²,Volle eigendom,Aan rustige weg en in woonwijk,"Achtertuin, voortuin en zijtuin","150 m² (12,55 meter diep en 11,05 meter breed)",Gelegen op het noordwesten,Aangebouwde houten berging,Op eigen terrein en openbaar parkeren,1.245,67%,€ 5.126,,,,,,,Frans balkon aanwezig,,,,,,,,,,,,,,,855273.9133098379,False,19726.086690162076,19726.086690162076
https://www.funda.nl/detail/koop/almere/huis-de-vlet-tussenwoning-bouwnr-321/43155633/,De Vlet - Tussenwoning (Bouwnr. 321),,1349 NC,Almere,Oosterwold Zuid,379000.0,€ 6.649,Verkocht onder voorbehoud,"Eengezinswoning, tussenwoning",Nieuwbouw,2025,,Plat dak,,57 m²,,,4 m²,104 m²,270 m³,3 kamers (2 slaapkamers),1 badkamer,Douche en wastafel,2 woonlagen,Zonnepanelen,A++++,HR-glas en volledig geïsoleerd,Gehele vloerverwarming en warmtepomp,,104 m²,,"Aan rustige weg, in woonwijk, landelijk gelegen en vrij uitzicht",Achtertuin,,,Vrijstaande houten berging,Openbaar parkeren,3.53,40%,€ 5.670,,,,,,,,,,,,,,,,,,,,,,356475.32239472313,True,22524.67760527687,22524.67760527687
https://www.funda.nl/detail/koop/almere/huis-kamerlingh-onnesstraat-56/89686730/,Kamerlingh Onnesstraat,56.0,1341 BX,Almere,Nobelhorst West,1025000.0,€ 4.790,Onder bod,"Villa, vrijstaande woning",Bestaande bouw,2021,,Zadeldak bedekt met overig,,214 m²,6 m²,35 m²,,355 m²,860 m³,5 kamers (4 slaapkamers),2 badkamers en 2 aparte toiletten,"2 inloopdouches, toilet, wastafelmeubel, dubbele wastafel, en ligbad","2 woonlagen, een vliering, en een kelder","Balansventilatie, dakraam, glasvezelkabel, rookkanaal, schuifpui, TV kabel, en zonnepanelen",A++++,Driedubbel glas en volledig geïsoleerd,"Houtkachel, gedeeltelijke vloerverwarming, warmte terugwininstallatie en warmtepomp",Elektrische boiler,355 m²,Volle eigendom,"Aan rustige weg, aan vaarwater, aan water, in bosrijke omgeving en in woonwijk",Tuin rondom,,,,Op eigen terrein en openbaar parkeren,2.425,65%,€ 4.472,,,,,,,,,,,,,,,,,,,,,,1197787.1455517,True,-172787.1455516999,172787.1455516999
https://www.funda.nl/detail/koop/almere/huis-de-vlet-tussenwoning-bouwnr-328/43264371/,De Vlet - Tussenwoning (Bouwnr. 328),,1349 NC,Almere,Oosterwold Zuid,384000.0,€ 6.737,Verkocht onder voorbehoud,"Eengezinswoning, tussenwoning",Nieuwbouw,2026,,Plat dak,,57 m²,,,4 m²,119 m²,265 m³,3 kamers (2 slaapkamers),1 badkamer en 1 apart toilet,Douche en wastafel,2 woonlagen,Zonnepanelen,A++++,Volledig geïsoleerd,Gehele vloerverwarming en warmtepomp,,119 m²,,"Aan rustige weg, in woonwijk, landelijk gelegen en vrij uitzicht",Achtertuin,,,Vrijstaande houten berging,Openbaar parkeren,3.53,40%,€ 5.670,,,,,,,,,,,,,,,,,,,,,,377221.4900825311,True,6778.50991746888,6778.50991746888
https://www.funda.nl/detail/koop/almere/huis-de-vlet-tussenwoning-bouwnr-314/43155611/,De Vlet - Tussenwoning (Bouwnr. 314),,1349 NC,Almere,Oosterwold Zuid,379000.0,€ 6.649,Verkocht onder voorbehoud,"Eengezinswoning, tussenwoning",Nieuwbouw,2025,,Plat dak,,57 m²,,,4 m²,104 m²,270 m³,3 kamers (2 slaapkamers),1 badkamer,Douche en wastafel,2 woonlagen,Zonnepanelen,A++++,HR-glas en volledig geïsoleerd,Gehele vloerverwarming en warmtepomp,,104 m²,,"Aan rustige weg, in woonwijk, landelijk gelegen en vrij uitzicht",Achtertuin,,,Vrijstaande houten berging,Openbaar parkeren,3.53,40%,€ 5.670,,,,,,,,,,,,,,,,,,,,,,356475.32239472313,True,22524.67760527687,22524.67760527687
https://www.funda.nl/detail/koop/almere/huis-fagotstraat-19/89777731/,Fagotstraat,19.0,1312 KV,Almere,Muziekwijk N.-Midden,450000.0,€ 3.750,Beschikbaar,"Eengezinswoning, tussenwoning",Bestaande bouw,1991,Gedeeltelijk gestoffeerd,Zadeldak bedekt met bitumineuze dakbedekking,,120 m²,,,6 m²,134 m²,420 m³,5 kamers (4 slaapkamers),1 badkamer en 1 apart toilet,"Douche, ligbad, toilet, en wastafel",2 woonlagen en een zolder,"Dakraam, glasvezelkabel, en mechanische ventilatie",B,Volledig geïsoleerd,Stadsverwarming,Stadsverwarming,134 m²,Volle eigendom,Aan rustige weg en in woonwijk,Achtertuin en voortuin,"49 m² (9,15 meter diep en 5,40 meter breed)",Gelegen op het zuiden bereikbaar via achterom,Vrijstaande stenen berging,Openbaar parkeren,1.775,40%,€ 4.345,,,,,,,,,,,,,,,,,,,,,,483246.76574254304,True,-33246.76574254304,33246.76574254304
https://www.funda.nl/detail/koop/almere/huis-texelstraat-22/89750737/,Texelstraat,22.0,1339 TK,Almere,Eilandenbuurt Noord,500000.0,€ 3.937,Verkocht onder voorbehoud,"Eengezinswoning, hoekwoning",Bestaande bouw,2002,,Plat dak bedekt met bitumineuze dakbedekking,,127 m²,,15 m²,10 m²,183 m²,431 m³,5 kamers (3 slaapkamers),1 badkamer en 1 apart toilet,"Dubbele wastafel, inloopdouche, toilet, en wastafelmeubel",2 woonlagen,Elektra,A,Volledig geïsoleerd,Cv-ketel,Cv-ketel en zonneboiler,183 m²,Volle eigendom,Aan rustige weg en in woonwijk,Achtertuin,"67 m² (13,25 meter diep en 5,02 meter breed)",Gelegen op het westen bereikbaar via achterom,Vrijstaande houten berging,Openbaar parkeren,1.445,47%,€ 4.129,,"Remeha CR Tzerra (gas gestookt combiketel uit 2018, eigendom)",,,,,,,,,,,,,,,,,,,,493659.8446457902,True,6340.155354209826,6340.155354209826
https://www.funda.nl/detail/koop/almere/huis-boedapeststraat-9/43320716/,Boedapeststraat,9.0,1334 EA,Almere,Centrum Almere Buiten Noord,365000.0,€ 3.925,Beschikbaar,"Eengezinswoning, tussenwoning",Bestaande bouw,1987,,Plat dak,,93 m²,,14 m²,8 m²,147 m²,334 m³,4 kamers (4 slaapkamers),1 badkamer en 1 apart toilet,"Dubbele wastafel, inloopdouche, toilet, en wastafelmeubel",2 woonlagen,Mechanische ventilatie,A,,Cv-ketel en gedeeltelijke vloerverwarming,Cv-ketel,147 m²,Volle eigendom,"Aan rustige weg, in bosrijke omgeving en in woonwijk",Achtertuin en voortuin,"60 m² (12,00 meter diep en 5,00 meter breed)",Gelegen op het zuidwesten bereikbaar via achterom,Vrijstaande houten berging,Openbaar parkeren,1.56,25%,€ 3.790,,Eigendom,,,,,,,,,,,,,,,,,,,,388622.13115375506,True,-23622.131153755065,23622.131153755065
https://www.funda.nl/detail/koop/almere/huis-sibeliuspad-25/43379199/,Sibeliuspad,25.0,1323 CN,Almere,Muziekwijk Z.-Oost,415000.0,€ 4.029,Verkocht onder voorbehoud,"Eengezinswoning, tussenwoning",Bestaande bouw,1988,Gedeeltelijk gestoffeerd,Zadeldak bedekt met pannen,,103 m²,,,7 m²,110 m²,356 m³,5 kamers (4 slaapkamers),1 badkamer en 1 apart toilet,"Inloopdouche, toilet, wastafel, en wastafelmeubel",3 woonlagen,Elektra,B,Geen isolatie,Stadsverwarming,Stadsverwarming,110 m²,Volle eigendom,In woonwijk,Achtertuin en voortuin,"50 m² (10,00 meter diep en 5,00 meter breed)",Gelegen op het zuiden bereikbaar via achterom,Vrijstaande houten berging,Openbaar parkeren,2.99,35%,€ 4.128,,,,,,,,,,,,,,,,,,,,,,412760.9606520584,False,2239.0393479415798,2239.0393479415798
https://www.funda.nl/detail/koop/almere/huis-letlandstraat/89662640/,Letlandstraat,,1362 JT,Almere,Europakwartier Oost (brt),632500.0,€ 4.720,Beschikbaar,"Eengezinswoning, tussenwoning",Nieuwbouw,Na 2020,,Lessenaardak bedekt met bitumineuze dakbedekking,,134 m²,7 m²,,6 m²,,402 m³,5 kamers (4 slaapkamers),2 aparte toiletten,,3 woonlagen,Elektra,A+++,Geen isolatie,,,,,"Aan rustige weg, beschutte ligging en in woonwijk",Achtertuin en voortuin,"58 m² (12,00 meter diep en 4,80 meter breed)",Gelegen op het zuidwesten bereikbaar via achterom,Vrijstaande houten berging,Openbaar parkeren,2.27,44%,€ 4.829,Woningborg Garantiecertificaat,,,,,,,,,,,,,,,,,,,,,636415.4335931633,True,-3915.433593163267,3915.433593163267
https://www.funda.nl/detail/koop/almere/huis-a1-bouwnr-13/43809593/,A1 (Bouwnr. 13),,1362 LC,Almere,Olympiakwartier Oost (brt),522660.0,€ 4.667,Verkocht onder voorbehoud,"Eengezinswoning, tussenwoning",Nieuwbouw,2025,,,,112 m²,,,,90 m²,404 m³,5 kamers (4 slaapkamers),,,3 woonlagen,,A++,,,,90 m²,,In woonwijk,,,,Vrijstaande houten berging,,125.0,,,,,,,,,,,,,,,,,,,,,,,,532242.0756886163,True,-9582.075688616256,9582.075688616256
https://www.funda.nl/detail/koop/almere/huis-madernastraat-99/43389491/,Madernastraat,99.0,1323 HJ,Almere,Muziekwijk Z.-Oost,450000.0,€ 3.982,Beschikbaar,"Eengezinswoning, 2-onder-1-kapwoning",Bestaande bouw,1989,,Zadeldak,,113 m²,14 m²,,,140 m²,449 m³,5 kamers (4 slaapkamers),1 badkamer,"Douche, ligbad, toilet, en wastafel",3 woonlagen,Elektra,Niet beschikbaar,Dubbel glas,Stadsverwarming,,140 m²,Volle eigendom,"Aan park, aan rustige weg, aan water en vrij uitzicht",Achtertuin en voortuin,,,,Op eigen terrein en openbaar parkeren,2.99,35%,€ 4.128,,,Aangebouwde stenen garage,1 auto,,,,,,,,,,,,,,,,,,503581.27294457966,True,-53581.27294457966,53581.27294457966
https://www.funda.nl/detail/koop/almere/huis-hoekwoning-bouwnr-12/89679600/,Hoekwoning (Bouwnr. 12),,1361 BS,Almere,Duin Zuid,680000.0,€ 5.667,Verkocht onder voorbehoud,"Eengezinswoning, hoekwoning",Nieuwbouw,2026,,,,120 m²,,32 m²,5 m²,155 m²,312 m³,4 kamers (3 slaapkamers),1 badkamer en 1 apart toilet,,2 woonlagen,Elektra,A++,,Stadsverwarming,,155 m²,,,,,,Aangebouwde houten berging,Op eigen terrein,2.055,30%,€ 5.624,Woningborg Garantiecertificaat,,,,,,,,,,,,,,,,,,,,,681082.4313761564,False,-1082.4313761563972,1082.4313761563972
https://www.funda.nl/detail/koop/almere/huis-hoekwoning-type-c-bouwnr-6/43369219/,Hoekwoning Type C (Bouwnr. 6),,1325 VW,Almere,Laterna Magikapark,699000.0,€ 5.216,Beschikbaar,"Eengezinswoning, hoekwoning",Nieuwbouw,2027,,,,134 m²,,,,214 m²,350 m³,5 kamers (4 slaapkamers),1 badkamer en 2 aparte toiletten,Inloopdouche,3 woonlagen,,A++,,,,214 m²,,Aan park,,,,Vrijstaande houten berging,,20.0,,,,,,,,,,,,,,,,,,,,,,,,672184.3584871019,False,26815.641512898146,26815.641512898146
https://www.funda.nl/detail/koop/almere/huis-wm-dudokstraat-67/89757295/,W.M. Dudokstraat,67.0,1333 LT,Almere,Bouwmeesterbuurt Noord,415000.0,€ 3.773,Onder bod,"Eengezinswoning, tussenwoning",Bestaande bouw,1989,Gedeeltelijk gestoffeerd,Zadeldak bedekt met pannen,,110 m²,,,8 m²,151 m²,340 m³,4 kamers (3 slaapkamers),1 badkamer en 1 apart toilet,"Douche, inloopdouche, toilet, wastafel, en wastafelmeubel",3 woonlagen,Elektra,A,Geen isolatie,Elektrische verwarming,Cv-ketel en elektrische boiler,151 m²,Volle eigendom,Aan rustige weg en in woonwijk,Achtertuin en voortuin,"69 m² (13,39 meter diep en 5,75 meter breed)",Gelegen op het zuidwesten bereikbaar via achterom,Vrijstaande houten berging,Openbaar parkeren,1.825,42%,€ 3.823,,,,,,,,,,,,,,,,,,,,,,429317.0130111617,True,-14317.013011161704,14317.013011161704
https://www.funda.nl/detail/koop/almere/huis-turkijekade-156/43214970/,Turkijekade,156.0,1362 KJ,Almere,Europakwartier Oost (brt),642500.0,€ 4.831,Beschikbaar,"Eengezinswoning, hoekwoning",Nieuwbouw,Na 2020,,Zadeldak,,133 m²,,,6 m²,,399 m³,5 kamers (4 slaapkamers),1 badkamer,"Douche, toilet, en wastafel",2 woonlagen en een zolder,Glasvezelkabel en zonnepanelen,A+++,Volledig geïsoleerd,Stadsverwarming en gehele vloerverwarming,Stadsverwarming,,,In woonwijk,Achtertuin,,,Vrijstaande houten berging,Openbaar parkeren,2.27,44%,€ 4.829,,,,,,,,,,,,,,,,,,,,,,624245.8799927853,True,18254.12000721472,18254.12000721472
https://www.funda.nl/detail/koop/almere/huis-e-du-perronstraat-35/43391234/,E. du Perronstraat,35.0,1321 BK,Almere,Literatuurwijk Midden-oost,575000.0,€ 4.356,Beschikbaar,"Eengezinswoning, hoekwoning",Bestaande bouw,1998,Gedeeltelijk gestoffeerd,Samengesteld dak bedekt met bitumineuze dakbedekking en pannen,,132 m²,16 m²,,7 m²,212 m²,497 m³,5 kamers (4 slaapkamers),1 badkamer en 1 apart toilet,"Ligbad, stoomcabine, toilet, en wastafelmeubel",3 woonlagen,Elektrische deur,A,Geen isolatie,Stadsverwarming,Stadsverwarming,212 m²,Volle eigendom,Aan rustige weg en in woonwijk,"Achtertuin, voortuin en zijtuin","64 m² (8,00 meter diep en 8,00 meter breed)",Gelegen op het zuidoosten bereikbaar via achterom,Vrijstaande houten berging,Op eigen terrein en openbaar parkeren,1.825,57%,€ 4.073,,,Inpandig,1 auto,,,,,,,,,,,,,,,,,,523668.48379748163,False,51331.51620251837,51331.51620251837
https://www.funda.nl/detail/koop/almere/huis-gildemark-109/89654875/,Gildemark,109.0,1351 HK,Almere,"Brugmark, Noordmark en Gildemark",490000.0,€ 4.495,Verkocht onder voorbehoud,"Eengezinswoning, tussenwoning",Bestaande bouw,1982,,Plat dak bedekt met bitumineuze dakbedekking,,109 m²,,,18 m²,145 m²,350 m³,4 kamers (3 slaapkamers),1 badkamer en 2 aparte toiletten,"Douche, dubbele wastafel, ligbad, toilet, en vloerverwarming",2 woonlagen,Elektra en verwarming,A+++,"Dakisolatie, dubbel glas en vloerisolatie",Gehele vloerverwarming en warmtepomp,Elektrische boiler en zonneboiler,145 m²,Volle eigendom,Aan bosrand en in woonwijk,Achtertuin,"60 m² (0,10 meter diep en 0,06 meter breed)",Gelegen op het zuidoosten,Box,Op eigen terrein,505.0,31%,,Energie Prestatie Advies,,,,€ 535.000 kosten koper,,,,,,,,,,,,,,,,,464508.0758989783,False,25491.924101021723,25491.924101021723
https://www.funda.nl/detail/koop/almere/huis-bulgarijestraat-38/89721424/,Bulgarijestraat,38.0,1362 KE,Almere,Europakwartier Oost (brt),650000.0,€ 5.078,Beschikbaar,"Herenhuis, tussenwoning",Bestaande bouw,2025,Gestoffeerd,Zadeldak bedekt met pannen,,128 m²,5 m²,,5 m²,126 m²,470 m³,5 kamers (4 slaapkamers),1 badkamer en 1 apart toilet,"Douche, toilet, en wastafel",3 woonlagen,Elektra,A++,Volledig geïsoleerd,Stadsverwarming,Stadsverwarming,126 m²,Volle eigendom,Aan rustige weg en in woonwijk,Achtertuin,"42 m² (8,64 meter diep en 4,82 meter breed)",Gelegen op het noordoosten,Vrijstaande houten berging,Openbaar parkeren,2.27,44%,€ 4.829,,,,,,,,,,,,,,,,,,,,,,575370.4942791017,True,74629.50572089828,74629.50572089828
https://www.funda.nl/detail/koop/almere/huis-vrijstaande-bungalow-bouwnr-346/43251794/,Vrijstaande Bungalow (Bouwnr. 346),,1349 NC,Almere,Oosterwold Zuid,735000.0,€ 7.989,Beschikbaar,"Bungalow, vrijstaande woning",Nieuwbouw,2026,,,,92 m²,,,,561 m²,276 m³,4 kamers (3 slaapkamers),1 badkamer en 1 apart toilet,,1 woonlaag,,Niet beschikbaar,,,,561 m²,,In bosrijke omgeving,,,,,Op eigen terrein,3.53,40%,€ 5.670,,,,,,,,,,,,,,,,,,,,,,689921.8658490449,False,45078.13415095513,45078.13415095513
https://www.funda.nl/detail/koop/almere/huis-leo-gestelstraat-8/43397742/,Leo Gestelstraat,8.0,1328 DE,Almere,Tussen de Vaarten Z.- Noordoost,450000.0,€ 3.516,Beschikbaar,"Eengezinswoning, tussenwoning",Bestaande bouw,2001,,Lessenaardak bedekt met pannen,,128 m²,,17 m²,9 m²,154 m²,438 m³,5 kamers (3 slaapkamers),2 badkamers en 1 apart toilet,"Sauna, douche, ligbad, toilet, wastafel, en wastafelmeubel",3 woonlagen,"Buitenzonwering, mechanische ventilatie, sauna, schuifpui, en zonnepanelen",A+,,Stadsverwarming,Stadsverwarming,154 m²,Volle eigendom,Aan rustige weg en in woonwijk,Achtertuin en voortuin,"63 m² (11,50 meter diep en 5,50 meter breed)",Gelegen op het noordwesten bereikbaar via achterom,Vrijstaande houten berging,Op eigen terrein en openbaar parkeren,2.16,50%,€ 3.809,,,,,,,Dakterras aanwezig,,,,,,,,,,,,,,,500067.7133014484,True,-50067.713301448384,50067.713301448384
https://www.funda.nl/detail/koop/almere/huis-roer-2/43318894/,Roer,2.0,1319 CM,Almere,Noorderplassen W.-Zuid,350000.0,€ 4.545,Beschikbaar,"Eengezinswoning, eindwoning",Bestaande bouw,2008,,Plat dak bedekt met bitumineuze dakbedekking,,77 m²,,,5 m²,,296 m³,3 kamers (2 slaapkamers),1 badkamer en 1 apart toilet,"Inloopdouche, toilet, en wastafelmeubel",3 woonlagen,Elektra,A,Geen isolatie,Stadsverwarming,Stadsverwarming,,Volle eigendom,"Aan vaarwater, aan water, in woonwijk en vrij uitzicht",Achtertuin en voortuin,,,Vrijstaande stenen berging,Op afgesloten terrein en openbaar parkeren,2.185,51%,€ 3.998,,,,,,,,,,€ 108 per maand,,,,,,,,,,,,394019.2268471139,True,-44019.226847113925,44019.226847113925
https://www.funda.nl/detail/koop/almere/huis-vivaldipad-15/89776894/,Vivaldipad,15.0,1323 AH,Almere,Muziekwijk Z.-Oost,395000.0,€ 4.031,Beschikbaar,"Eengezinswoning, hoekwoning",Bestaande bouw,1986,Gestoffeerd,Zadeldak bedekt met pannen,,98 m²,,,13 m²,122 m²,353 m³,5 kamers (4 slaapkamers),1 badkamer en 1 apart toilet,"Douche, toilet, en wastafel",3 woonlagen,Elektra,A,Volledig geïsoleerd,Stadsverwarming,Stadsverwarming,122 m²,Volle eigendom,Aan rustige weg en in woonwijk,Achtertuin,"66 m² (11,23 meter diep en 5,84 meter breed)",Gelegen op het zuidwesten bereikbaar via achterom,Vrijstaande houten berging,Openbaar parkeren,2.99,35%,€ 4.128,,,,,,,,,,,,,,,,,,,,,,405152.41851683805,True,-10152.41851683805,10152.41851683805
https://www.funda.nl/detail/koop/almere/huis-malevitsjpad-10/43322104/,Malevitsjpad,10.0,1328 JX,Almere,Tussen de Vaarten Z.- Midden west,485000.0,€ 5.000,Beschikbaar,"Bungalow, tussenwoning (patiowoning)",Bestaande bouw,2001,Gedeeltelijk gestoffeerd,Plat dak bedekt met bitumineuze dakbedekking,,97 m²,1 m²,19 m²,,200 m²,346 m³,3 kamers (2 slaapkamers),1 badkamer en 1 apart toilet,"Douche, ligbad, toilet, en wastafel",1 woonlaag,"Elektra, verwarming en stromend water",A,Volledig geïsoleerd,Stadsverwarming,Stadsverwarming,200 m²,Volle eigendom,,Patio/atrium en voortuin,,Gelegen op het zuidwesten,Inpandig,Op eigen terrein,1.715,48%,€ 3.637,,,Carport en parkeerplaats,,,,,,"26 m² (4,40 meter diep en 5,94 meter breed)",,,,,,,,,,,,,438924.7733135197,True,46075.22668648028,46075.22668648028
https://www.funda.nl/detail/koop/almere/huis-3-laagse-hoekwoning-bouwnr-105/43225098/,3-Laagse hoekwoning (Bouwnr. 105),,1362 LK,Almere,Olympiakwartier Oost (brt),605000.0,€ 4.802,Onder optie,"Eengezinswoning, hoekwoning",Nieuwbouw,Na 2020,,Plat dak,,126 m²,,,,,451 m³,5 kamers (4 slaapkamers),1 badkamer en 1 apart toilet,"Douche, toilet, en wastafel",3 woonlagen,Elektra,A++,Geen isolatie,Stadsverwarming,Stadsverwarming,,,In woonwijk,Achtertuin,,,Vrijstaande houten berging,Openbaar parkeren,125.0,,,Woningborg Garantiecertificaat,,,,,,,,,,,,,,,,,,,,,601162.6163017844,True,3837.3836982155917,3837.3836982155917
https://www.funda.nl/detail/koop/almere/huis-obelixstraat-12/43395252/,Obelixstraat,12.0,1336 MN,Almere,Stripheldenbuurt Zuid,700000.0,€ 3.571,Beschikbaar,"Eengezinswoning, hoekwoning",Bestaande bouw,2008,Gedeeltelijk gestoffeerd,Plat dak bedekt met bitumineuze dakbedekking,,196 m²,6 m²,,,201 m²,704 m³,7 kamers (6 slaapkamers),2 badkamers en 1 apart toilet,"2 douches, 2 toiletten, 2 wastafels, en wastafelmeubel",3 woonlagen,"Glasvezelkabel, mechanische ventilatie, schuifpui, en TV kabel",A,"Dakisolatie, muurisolatie, vloerisolatie en volledig geïsoleerd",Cv-ketel en gedeeltelijke vloerverwarming,Cv-ketel,201 m²,Volle eigendom,"Aan vaarwater, aan water, in woonwijk en vrij uitzicht",Achtertuin en voortuin,"53 m² (6,88 meter diep en 7,76 meter breed)",Gelegen op het zuidwesten,Aangebouwde houten berging,Op eigen terrein,1.335,57%,€ 3.957,,"Gas gestookt combiketel, eigendom",,,,,,,,,,,,,,,,,,,,720262.1925489365,True,-20262.192548936466,20262.192548936466
https://www.funda.nl/detail/koop/almere/huis-b2-bouwnr-4/43809588/,B2 (Bouwnr. 4),,1362 LC,Almere,Olympiakwartier Oost (brt),575040.0,€ 4.832,Verkocht onder voorbehoud,"Eengezinswoning, hoekwoning",Nieuwbouw,2025,,,,119 m²,,,,89 m²,453 m³,5 kamers (4 slaapkamers),,,3 woonlagen,,A++,,,,89 m²,,In woonwijk,,,,Vrijstaande houten berging,,125.0,,,,,,,,,,,,,,,,,,,,,,,,569080.2797415494,True,5959.720258450601,5959.720258450601
https://www.funda.nl/detail/koop/almere/huis-kornwierde-190/43389949/,Kornwierde,190.0,1353 KV,Almere,Kornwierde en Leemwierde,395000.0,€ 3.873,Verkocht onder voorbehoud,"Eengezinswoning, tussenwoning",Bestaande bouw,1983,,,,102 m²,,,8 m²,198 m²,370 m³,4 kamers (3 slaapkamers),,,2 woonlagen,Mechanische ventilatie,A,,Cv-ketel,Cv-ketel,198 m²,,"Aan bosrand, aan rustige weg en in woonwijk",Achtertuin,"54 m² (9,00 meter diep en 6,00 meter breed)",Gelegen op het zuiden bereikbaar via achterom,,Openbaar parkeren,1.06,37%,€ 3.816,,"Gas gestookt, eigendom",Vrijstaande stenen garage,1 auto,,,,,,,,,,,,,,,,,,407659.2607537364,True,-12659.260753736424,12659.260753736424
https://www.funda.nl/detail/koop/almere/huis-4-laagse-tussenwoning-bouwnr-20/43225053/,4-Laagse tussenwoning (Bouwnr. 20),,1362 LK,Almere,Olympiakwartier Oost (brt),595000.0,€ 4.648,Verkocht onder voorbehoud,"Eengezinswoning, tussenwoning",Nieuwbouw,Na 2020,,Plat dak,,128 m²,,,,,468 m³,6 kamers (4 slaapkamers),1 badkamer en 1 apart toilet,"Douche, toilet, en wastafel",4 woonlagen,Elektra,A++,Geen isolatie,Stadsverwarming,Stadsverwarming,,,In woonwijk,Achtertuin,,,Vrijstaande houten berging,Openbaar parkeren,125.0,,,Woningborg Garantiecertificaat,,,,,,,,,,,,,,,,,,,,,582538.1337148505,True,12461.866285149474,12461.866285149474
https://www.funda.nl/detail/koop/almere/huis-rudolf-nureyevstraat-95/89747178/,Rudolf Nureyevstraat,95.0,1326 TE,Almere,Danswijk Zuidoost,450000.0,€ 4.091,Verkocht onder voorbehoud,"Eengezinswoning, tussenwoning",Bestaande bouw,1997,,Zadeldak bedekt met pannen,,110 m²,,12 m²,8 m²,138 m²,369 m³,6 kamers (4 slaapkamers),1 badkamer en 2 aparte toiletten,"Inloopdouche, wastafel, en wastafelmeubel",2 woonlagen en een zolder,Elektra,A,Volledig geïsoleerd,Stadsverwarming,Stadsverwarming,138 m²,Volle eigendom,Beschutte ligging en in woonwijk,Achtertuin en voortuin,,,Aangebouwde houten berging,Openbaar parkeren,1.165,55%,,,,,,,,Dakterras aanwezig,,,,,,,,,,,,,,,495447.5831030841,True,-45447.58310308412,45447.58310308412
https://www.funda.nl/detail/koop/almere/huis-a1-bouwnr-11/43809589/,A1 (Bouwnr. 11),,1362 LC,Almere,Olympiakwartier Oost (brt),522660.0,€ 4.667,Verkocht onder voorbehoud,"Eengezinswoning, tussenwoning",Nieuwbouw,2025,,,,112 m²,,,,90 m²,404 m³,5 kamers (4 slaapkamers),,,3 woonlagen,,A++,,,,90 m²,,In woonwijk,,,,Vrijstaande houten berging,,125.0,,,,,,,,,,,,,,,,,,,,,,,,532242.0756886163,True,-9582.075688616256,9582.075688616256
https://www.funda.nl/detail/koop/almere/huis-3-laagse-tussenwoning-bouwnr-86/43225090/,3-Laagse tussenwoning (Bouwnr. 86),,1362 LK,Almere,Olympiakwartier Oost (brt),490000.0,€ 4.757,Verkocht onder voorbehoud,"Eengezinswoning, tussenwoning",Nieuwbouw,Na 2020,,Plat dak,,103 m²,,,,76 m²,379 m³,5 kamers (4 slaapkamers),1 badkamer en 1 apart toilet,"Douche, toilet, en wastafel",3 woonlagen,Elektra,A+++,Geen isolatie,Stadsverwarming,Stadsverwarming,76 m²,,In woonwijk,Achtertuin,,,Vrijstaande houten berging,Openbaar parkeren,125.0,,,Woningborg Garantiecertificaat,,,,,,,,,,,,,,,,,,,,,509260.07816588937,True,-19260.07816588937,19260.07816588937
https://www.funda.nl/detail/koop/almere/huis-middenhof-8/43301894/,Middenhof,8.0,1354 EC,Almere,Middenhof en Uithof,375000.0,€ 3.319,Verkocht onder voorbehoud,"Eengezinswoning, tussenwoning",Bestaande bouw,1977,,,,113 m²,,7 m²,7 m²,117 m²,373 m³,6 kamers (5 slaapkamers),,,3 woonlagen,Mechanische ventilatie,B,,Cv-ketel,Cv-ketel,117 m²,,"Aan bosrand, in bosrijke omgeving en in woonwijk",Achtertuin en voortuin,"12,00 meter diep en 5,00 meter breed",Gelegen op het westen bereikbaar via achterom,,Openbaar parkeren,845.0,37%,,,"Gas gestookt, eigendom",Vrijstaande stenen garage,1 auto,,,,,,,,,,,,,,,,,,399616.3539521039,True,-24616.353952103877,24616.353952103877
https://www.funda.nl/detail/koop/almere/huis-de-vlet-tussenwoning-bouwnr-327/43264384/,De Vlet - Tussenwoning (Bouwnr. 327),,1349 NC,Almere,Oosterwold Zuid,384000.0,€ 6.737,Verkocht onder voorbehoud,"Eengezinswoning, tussenwoning",Nieuwbouw,2026,,Plat dak,,57 m²,,,4 m²,119 m²,265 m³,3 kamers (2 slaapkamers),1 badkamer en 1 apart toilet,Douche en wastafel,2 woonlagen,Zonnepanelen,A++++,Volledig geïsoleerd,Gehele vloerverwarming en warmtepomp,,119 m²,,"Aan rustige weg, in woonwijk, landelijk gelegen en vrij uitzicht",Achtertuin,,,Vrijstaande houten berging,Openbaar parkeren,3.53,40%,€ 5.670,,,,,,,,,,,,,,,,,,,,,,377221.4900825311,True,6778.50991746888,6778.50991746888
https://www.funda.nl/detail/koop/almere/huis-marjoleinstraat-27/89762597/,Marjoleinstraat,27.0,1314 JP,Almere,Kruidenwijk Zuid,450000.0,€ 4.286,Beschikbaar,"Eengezinswoning, hoekwoning",Bestaande bouw,1984,,,,105 m²,,,12 m²,149 m²,365 m³,4 kamers (3 slaapkamers),1 badkamer en 1 apart toilet,"Inloopdouche, toilet, en wastafelmeubel",3 woonlagen en een vliering,Elektra,C,"Dakisolatie, gedeeltelijk dubbel glas en muurisolatie",Stadsverwarming,Stadsverwarming,149 m²,Volle eigendom,Aan rustige weg en in woonwijk,Achtertuin en voortuin,"161 m² (14,60 meter diep en 11,00 meter breed)",,Aangebouwde stenen berging,Op eigen terrein,840.0,34%,,,,,,,,,,,,,,,,,,,,,,,446307.0966591608,True,3692.903340839199,3692.903340839199
https://www.funda.nl/detail/koop/almere/huis-boekenrodestraat-14/43309877/,Boekenrodestraat,14.0,1333 XX,Almere,Landgoederenbuurt Oost,500000.0,€ 4.808,Beschikbaar,"Eengezinswoning, 2-onder-1-kapwoning",Bestaande bouw,1993,Gestoffeerd,Dwarskap bedekt met pannen,,104 m²,19 m²,1 m²,,271 m²,436 m³,4 kamers (3 slaapkamers),1 badkamer en 1 apart toilet,"Douche, toilet, wastafel, en wastafelmeubel",3 woonlagen,Vliering en elektra,B,Volledig geïsoleerd,Cv-ketel,Cv-ketel,19 m²,Volle eigendom,Aan rustige weg en in woonwijk,Achtertuin en voortuin,"168 m² (20,47 meter diep en 8,53 meter breed)",Gelegen op het zuidwesten,Vrijstaande houten berging,Op eigen terrein en openbaar parkeren,1.35,51%,,Energie Prestatie Advies,"Intergas kombi kompakt  (gas gestookt uit 2022, eigendom)",Aangebouwde stenen garage,1 auto,,,,,,,,,,,,,,,,,,488857.7421016573,False,11142.25789834268,11142.25789834268
https://www.funda.nl/detail/koop/almere/huis-noorderduinweide-13/43394322/,Noorderduinweide,13.0,1361 DD,Almere,Duin Noord,1000000.0,€ 5.376,Beschikbaar,"Eengezinswoning, vrijstaande woning",Bestaande bouw,2020,,Zadeldak bedekt met pannen,,186 m²,,,8 m²,243 m²,676 m³,7 kamers (6 slaapkamers),2 badkamers en 1 apart toilet,"2 dubbele wastafels, 2 inloopdouches, 2 ligbaden, 2 toiletten, en wastafelmeubel",3 woonlagen,Elektra,A,Volledig geïsoleerd,Open haard en stadsverwarming,Centrale voorziening en stadsverwarming,243 m²,Volle eigendom,Aan water en in woonwijk,"Achtertuin, voortuin en zijtuin","84 m² (7,00 meter diep en 12,00 meter breed)",Gelegen op het westen,Vrijstaande houten berging,Op eigen terrein en openbaar parkeren,1.31,60%,€ 4.986,SWK Garantiecertificaat,,,,,,,,,,,,,,,,,,,,,1062533.5830810415,True,-62533.58308104146,62533.58308104146
https://www.funda.nl/detail/koop/almere/huis-3-laagse-tussenwoning-bouwnr-10/43225043/,3-Laagse tussenwoning (Bouwnr. 10),,1362 LK,Almere,Olympiakwartier Oost (brt),580000.0,€ 4.874,Verkocht onder voorbehoud,"Eengezinswoning, tussenwoning",Nieuwbouw,Na 2020,,Plat dak,,119 m²,,,,106 m²,432 m³,5 kamers (4 slaapkamers),1 badkamer en 1 apart toilet,"Douche, toilet, en wastafel",3 woonlagen,Elektra,A+++,Geen isolatie,Stadsverwarming,Stadsverwarming,106 m²,,In woonwijk,Achtertuin,,,Vrijstaande houten berging,Openbaar parkeren,125.0,,,Woningborg Garantiecertificaat,,,,,,,,,,,,,,,,,,,,,568873.4915939297,True,11126.508406070294,11126.508406070294
https://www.funda.nl/detail/koop/almere/huis-alderneystraat-10/43370258/,Alderneystraat,10.0,1339 TM,Almere,Eilandenbuurt Noord,690000.0,€ 4.286,Verkocht onder voorbehoud,"Eengezinswoning, vrijstaande woning",Bestaande bouw,2002,Gedeeltelijk gestoffeerd,Plat dak bedekt met bitumineuze dakbedekking,,161 m²,,,25 m²,345 m²,559 m³,6 kamers (4 slaapkamers),2 badkamers en 2 aparte toiletten,"2 douches, ligbad, 2 wastafels, 2 wastafelmeubels, en toilet",3 woonlagen,"Elektrische deur, elektra en stromend water",A,Dakisolatie en muurisolatie,"Cv-ketel, gashaard en gedeeltelijke vloerverwarming",Cv-ketel,345 m²,Volle eigendom,"Aan rustige weg, aan water en in woonwijk",Voortuin en zijtuin,,Gelegen op het zuidwesten,Vrijstaande stenen berging,Op eigen terrein en openbaar parkeren,1.445,47%,€ 4.129,,"Remeha (2018, eigendom)",Parkeerplaats en vrijstaande stenen garage,1 auto,,,,"78 m² (6,00 meter diep en 13,00 meter breed)",,,,,,,,,,,,,,744513.2771191853,True,-54513.27711918531,54513.27711918531
https://www.funda.nl/detail/koop/almere/huis-lingestraat-21/89787136/,Lingestraat,21.0,1316 CP,Almere,Waterwijk Zuid,370000.0,€ 3.814,Beschikbaar,"Eengezinswoning, eindwoning",Bestaande bouw,1982,Gedeeltelijk gestoffeerd en kluswoning,Zadeldak bedekt met pannen,,97 m²,,1 m²,7 m²,126 m²,319 m³,5 kamers (4 slaapkamers),1 badkamer en 1 apart toilet,"Douche, ligbad, toilet, wastafel, en wastafelmeubel",3 woonlagen,Elektra,A,"Dakisolatie, dubbel glas, muurisolatie en vloerisolatie",Stadsverwarming,Stadsverwarming,126 m²,Volle eigendom,"Aan rustige weg, in bosrijke omgeving en in woonwijk",Achtertuin en voortuin,,,Vrijstaande houten berging,Op eigen terrein en openbaar parkeren,985.0,39%,€ 4.461,Energie Prestatie Advies,,,,,,,,,,,,,,,,,,,,,403474.550869007,True,-33474.55086900701,33474.55086900701
https://www.funda.nl/detail/koop/almere/huis-clare-lennartstraat-86/89775543/,Clare Lennartstraat,86.0,1321 DA,Almere,Literatuurwijk Noordoost,415000.0,€ 4.560,Beschikbaar,"Eengezinswoning, tussenwoning",Bestaande bouw,1999,Gestoffeerd,Zadeldak,,91 m²,,,13 m²,134 m²,321 m³,4 kamers (3 slaapkamers),1 badkamer en 1 apart toilet,"Douche, ligbad, toilet, en wastafel",2 woonlagen en een zolder,Elektra en stromend water,A+,Volledig geïsoleerd,Stadsverwarming,Stadsverwarming,134 m²,Volle eigendom,,Achtertuin en voortuin,,,Vrijstaande houten berging,Openbaar parkeren,1.52,48%,,,,,,,,,,,,,,,,,,,,,,,415156.63535562914,True,-156.6353556291433,156.6353556291433
https://www.funda.nl/detail/koop/almere/huis-burchard-de-volderstraat-113/89741264/,Burchard de Volderstraat,113.0,1349 HJ,Almere,Oosterwold Noord,950000.0,€ 6.376,Beschikbaar,"Bungalow, vrijstaande woning",Bestaande bouw,2023,,Plat dak,,149 m²,,,17 m²,1.830 m²,562 m³,5 kamers (3 slaapkamers),1 badkamer en 1 apart toilet,"Dubbele wastafel, inloopdouche, ligbad, en toilet",1 woonlaag,Elektra,A+++,Volledig geïsoleerd,"Gehele vloerverwarming, warmte terugwininstallatie en warmtepomp",Elektrische boiler,1.712 m²,Volle eigendom,"Aan rustige weg, in woonwijk en vrij uitzicht",Tuin rondom,,,,Op eigen terrein en openbaar parkeren,2.605,43%,€ 6.505,,,Vrijstaande stenen garage,1 auto,,,,,,,,,,,,,,,,,,1009359.6061314252,True,-59359.606131425244,59359.606131425244
https://www.funda.nl/detail/koop/almere/huis-polykarp-kuschstraat-13/89767867/,Polykarp Kuschstraat,13.0,1341 DT,Almere,Nobelhorst Oost,565000.0,€ 4.185,Onder bod,"Eengezinswoning, tussenwoning",Bestaande bouw,2021,,Zadeldak bedekt met pannen,,135 m²,,,7 m²,120 m²,478 m³,5 kamers (4 slaapkamers),1 badkamer en 1 apart toilet,"Ligbad, toilet, en wastafel",3 woonlagen,"Glasvezelkabel, mechanische ventilatie, rolluiken, TV kabel, en zonnepanelen",A+++,Volledig geïsoleerd,Gedeeltelijke vloerverwarming en warmtepomp,Elektrische boiler,120 m²,Volle eigendom,"Aan rustige weg, in bosrijke omgeving en in woonwijk",Achtertuin en voortuin,"45 m² (8,44 meter diep en 5,39 meter breed)",Gelegen op het westen bereikbaar via achterom,Vrijstaande houten berging,Openbaar parkeren,1.97,67%,€ 4.786,,,,,,,,,,,,,,,,,,,,,,607096.4218162494,True,-42096.42181624938,42096.42181624938
https://www.funda.nl/detail/koop/almere/huis-hoekwoning-type-a-bouwnr-13/43369201/,Hoekwoning Type A (Bouwnr. 13),,1325 VW,Almere,Laterna Magikapark,785000.0,€ 5.304,Beschikbaar,"Eengezinswoning, hoekwoning",Nieuwbouw,Na 2020,,,,148 m²,,,,286 m²,400 m³,5 kamers (4 slaapkamers),1 badkamer en 2 aparte toiletten,Inloopdouche,3 woonlagen,,A++,,Stadsverwarming,Centrale voorziening,286 m²,,Aan park,,,,Vrijstaande houten berging,,20.0,,,,,Aangebouwde stenen garage,1 auto,,,,,,,,,,,,,,,,,,703406.4754452223,True,81593.52455477766,81593.52455477766
https://www.funda.nl/detail/koop/almere/huis-3-laagse-tussenwoning-bouwnr-101/43225014/,3-Laagse tussenwoning (Bouwnr. 101),,1362 LK,Almere,Olympiakwartier Oost (brt),535000.0,€ 4.820,Verkocht onder voorbehoud,"Eengezinswoning, tussenwoning",Nieuwbouw,Na 2020,,Plat dak,,111 m²,,,,91 m²,403 m³,5 kamers (4 slaapkamers),1 badkamer en 1 apart toilet,"Douche, toilet, en wastafel",3 woonlagen,Elektra,A+++,Geen isolatie,Stadsverwarming,Stadsverwarming,91 m²,,In woonwijk,Achtertuin,,,Vrijstaande houten berging,Openbaar parkeren,125.0,,,Woningborg Garantiecertificaat,,,,,,,,,,,,,,,,,,,,,539397.6332660245,True,-4397.633266024524,4397.633266024524
https://www.funda.nl/detail/koop/almere/huis-kreeftstraat-7/89734482/,Kreeftstraat,7.0,1317 KP,Almere,Waterwijk Oost,435000.0,€ 4.065,Beschikbaar,"Eengezinswoning, tussenwoning",Bestaande bouw,1986,,,,107 m²,,10 m²,8 m²,152 m²,375 m³,5 kamers (4 slaapkamers),1 badkamer en 1 apart toilet,Douche en wastafelmeubel,3 woonlagen,Elektra,A+,Volledig geïsoleerd,Stadsverwarming,Stadsverwarming,152 m²,Volle eigendom,"Aan park, in woonwijk, open ligging en vrij uitzicht",Achtertuin,"66 m² (12,00 meter diep en 5,50 meter breed)",Gelegen op het noordoosten bereikbaar via achterom,Vrijstaande houten berging,,1.645,33%,€ 3.901,,,,,,,,,,,,,,,,,,,,,,421324.9851652658,True,13675.014834734204,13675.014834734204
https://www.funda.nl/detail/koop/almere/huis-vrijstaande-bungalow-bouwnr-342/43178111/,Vrijstaande Bungalow (Bouwnr. 342),,1349 NC,Almere,Oosterwold Zuid,642500.0,€ 6.984,Verkocht onder voorbehoud,"Bungalow, vrijstaande woning",Nieuwbouw,2026,,,,92 m²,,,,399 m²,276 m³,4 kamers (3 slaapkamers),1 badkamer en 1 apart toilet,,1 woonlaag,,Niet beschikbaar,Volledig geïsoleerd,,,,,In bosrijke omgeving,,,,,Op eigen terrein,3.53,40%,€ 5.670,,,,,,,,,,,,,,,,,,,,,,690020.0459329925,True,-47520.04593299248,47520.04593299248
https://www.funda.nl/detail/koop/almere/huis-3-laagse-tussenwoning-bouwnr-32/43225010/,3-Laagse tussenwoning (Bouwnr. 32),,1362 LK,Almere,Olympiakwartier Oost (brt),535000.0,€ 4.820,Verkocht onder voorbehoud,"Eengezinswoning, tussenwoning",Nieuwbouw,Na 2020,,Plat dak,,111 m²,,,,88 m²,403 m³,5 kamers (4 slaapkamers),1 badkamer en 1 apart toilet,"Douche, toilet, en wastafel",3 woonlagen,Elektra,A+++,Geen isolatie,Stadsverwarming,Stadsverwarming,88 m²,,In woonwijk,Achtertuin,,,Vrijstaande houten berging,Openbaar parkeren,125.0,,,Woningborg Garantiecertificaat,,,,,,,,,,,,,,,,,,,,,539397.6332660245,True,-4397.633266024524,4397.633266024524
https://www.funda.nl/detail/koop/almere/huis-townhouse-bnr-bouwnr-5/43121459/,Townhouse - Bnr (Bouwnr. 5),,1362 KJ,Almere,Europakwartier Oost (brt),599500.0,€ 4.684,Verkocht onder voorbehoud,"Eengezinswoning, tussenwoning",Nieuwbouw,Na 2020,,Plat dak,,128 m²,,,,102 m²,493 m³,5 kamers (4 slaapkamers),1 badkamer en 1 apart toilet,"Douche, toilet, en wastafel",2 woonlagen en een zolder,Glasvezelkabel en zonnepanelen,A+++,Volledig geïsoleerd,Stadsverwarming en gehele vloerverwarming,Stadsverwarming,102 m²,,In woonwijk,Achtertuin,,,Vrijstaande houten berging,Openbaar parkeren,2.27,44%,€ 4.829,SWK Garantiecertificaat,,,,,,,,,,,,,,,,,,,,,625347.3314488747,True,-25847.33144887467,25847.33144887467
https://www.funda.nl/detail/koop/almere/huis-gildemark-42/43388519/,Gildemark,42.0,1351 HD,Almere,"Brugmark, Noordmark en Gildemark",545000.0,€ 3.658,Verkocht onder voorbehoud,"Eengezinswoning, tussenwoning",Bestaande bouw,1980,,Zadeldak bedekt met pannen,,149 m²,4 m²,7 m²,,205 m²,500 m³,5 kamers (4 slaapkamers),1 badkamer en 1 apart toilet,"Inloopdouche, ligbad, toilet, en wastafelmeubel",3 woonlagen en een vliering,Elektra,A,HR-glas en volledig geïsoleerd,"Cv-ketel, pelletkachel en gedeeltelijke vloerverwarming",Cv-ketel,45 m²,Volle eigendom,Aan rustige weg en in woonwijk,Achtertuin en voortuin,"91 m² (16,00 meter diep en 5,70 meter breed)",Gelegen op het zuidwesten bereikbaar via achterom,Aangebouwde houten berging,Op eigen terrein en openbaar parkeren,505.0,31%,,,"Intergas CV en Milkuz Pellet CV (gas gestookt combiketel uit 2019, eigendom)",,,,,,,,,,,,,,,,,,,,512729.82024121966,True,32270.179758780345,32270.179758780345
https://www.funda.nl/detail/koop/almere/huis-albert-einsteinstraat-20/43326308/,Albert Einsteinstraat,20.0,1341 BZ,Almere,Nobelhorst West,629000.0,€ 4.279,Beschikbaar,"Eengezinswoning, tussenwoning",Bestaande bouw,2018,Gedeeltelijk gestoffeerd,Zadeldak bedekt met pannen,,147 m²,,,7 m²,137 m²,534 m³,6 kamers (5 slaapkamers),1 badkamer en 1 apart toilet,"Douche, toilet, wastafel, en wastafelmeubel",3 woonlagen en een vliering,Elektra,A,Geen isolatie,Cv-ketel en gedeeltelijke vloerverwarming,Cv-ketel,137 m²,Volle eigendom,"Aan rustige weg, in bosrijke omgeving en in woonwijk",Achtertuin en voortuin,"46 m² (7,60 meter diep en 6,00 meter breed)",Gelegen op het oosten bereikbaar via achterom,Vrijstaande houten berging,Openbaar parkeren,2.425,65%,€ 4.472,,"Intergas (2017, eigendom)",,,,,,,,,,,,,,,,,,,,633466.7106821865,True,-4466.710682186531,4466.710682186531
https://www.funda.nl/detail/koop/almere/huis-gaffel-28/43313750/,Gaffel,28.0,1319 BT,Almere,Noorderplassen W.-Zuid,675000.0,€ 4.412,Beschikbaar,"Eengezinswoning, tussenwoning",Bestaande bouw,2005,,Plat dak,,153 m²,,50 m²,,140 m²,541 m³,7 kamers (5 slaapkamers),1 badkamer en 1 apart toilet,"Douche, ligbad, toilet, wastafel, en wastafelmeubel",3 woonlagen,"Buitenzonwering, frans balkon, en mechanische ventilatie",A,,Stadsverwarming en gedeeltelijke vloerverwarming,Stadsverwarming,140 m²,Volle eigendom,"Aan rustige weg, aan vaarwater, aan water en in woonwijk",Voortuin en zonneterras,,Gelegen op het zuidoosten,Inpandig,Op eigen terrein,2.185,51%,€ 3.998,,,,,,,Frans balkon aanwezig,,,,,,,,,,,"57 m² (9,50 meter diep en 6,00 meter breed)",,,,582577.4420213723,True,92422.55797862774,92422.55797862774
https://www.funda.nl/detail/koop/almere/huis-multatuliweg-17/89722162/,Multatuliweg,17.0,1321 CH,Almere,Literatuurwijk Noordoost,465000.0,€ 3.908,Beschikbaar,"Eengezinswoning, hoekwoning",Bestaande bouw,1998,Gestoffeerd,Plat dak bedekt met bitumineuze dakbedekking,,119 m²,,7 m²,11 m²,170 m²,400 m³,5 kamers (4 slaapkamers),1 badkamer en 1 apart toilet,"Douche, ligbad, toilet, wastafel, en wastafelmeubel",3 woonlagen,Elektra,A,Volledig geïsoleerd,Stadsverwarming en gedeeltelijke vloerverwarming,Stadsverwarming,170 m²,Volle eigendom,Aan rustige weg en in woonwijk,Achtertuin en zijtuin,"39 m² (6,62 meter diep en 5,88 meter breed)",Gelegen op het zuidoosten bereikbaar via achterom,Vrijstaande houten berging,Openbaar parkeren,1.52,48%,,,,,,,,,,,,,,,,,,,,,,,474833.4071831738,True,-9833.407183173811,9833.407183173811
https://www.funda.nl/detail/koop/almere/huis-goofystraat-6/43093182/,Goofystraat,6.0,1336 ZE,Almere,Stripheldenbuurt Oost,1200000.0,€ 5.172,Beschikbaar,"Villa, halfvrijstaande woning",Bestaande bouw,2009,,Samengesteld dak,,232 m²,25 m²,,,422 m²,981 m³,8 kamers (6 slaapkamers),2 badkamers en 1 apart toilet,"2 douches, dubbele wastafel, ligbad, 2 toiletten, en wastafel",3 woonlagen,Elektra,Niet beschikbaar,,Cv-ketel,Cv-ketel,422 m²,Volle eigendom,"Aan rustige weg, in woonwijk en open ligging","Achtertuin, voortuin en zijtuin","120 m² (8,00 meter diep en 15,00 meter breed)",Gelegen op het noordoosten,,Op eigen terrein,980.0,50%,€ 4.574,,"Intergas ( combiketel uit 2024, eigendom)",Aangebouwde stenen garage,1 auto,,,,,,,,,,,,,,,,,,1033668.7186065901,True,166331.28139340994,166331.28139340994
https://www.funda.nl/detail/koop/almere/huis-icarusstraat-17/43378777/,Icarusstraat,17.0,1363 SH,Almere,Homeruskwartier Midden,625000.0,€ 3.811,Verkocht onder voorbehoud,"Eengezinswoning, tussenwoning",Bestaande bouw,2017,,Plat dak,,164 m²,,,6 m²,120 m²,571 m³,6 kamers (4 slaapkamers),1 badkamer en 1 apart toilet,"Inloopdouche, toilet, en wastafelmeubel",3 woonlagen,Elektra,A,Geen isolatie,Stadsverwarming,Stadsverwarming,120 m²,Volle eigendom,,Achtertuin,"55 m² (11,00 meter diep en 5,00 meter breed)",Gelegen op het zuidwesten bereikbaar via achterom,Vrijstaande houten berging,Openbaar parkeren,2.625,44%,€ 4.691,,,,,,,,,,,,,,,,,,,,,,649138.2615975102,False,-24138.261597510194,24138.261597510194
https://www.funda.nl/detail/koop/almere/huis-hoekwoning-type-a-bouwnr-01/43369209/,Hoekwoning Type A (Bouwnr. 01),,1325 VW,Almere,Laterna Magikapark,730000.0,€ 4.932,Beschikbaar,"Eengezinswoning, hoekwoning",Nieuwbouw,Na 2020,,,,148 m²,,,,163 m²,400 m³,5 kamers (4 slaapkamers),1 badkamer en 2 aparte toiletten,Inloopdouche,3 woonlagen,,A++,,Stadsverwarming,Centrale voorziening,163 m²,,Aan park,,,,Vrijstaande houten berging,,20.0,,,,,Aangebouwde stenen garage,1 auto,,,,,,,,,,,,,,,,,,703406.4754452223,True,26593.524554777658,26593.524554777658
https://www.funda.nl/detail/koop/almere/huis-gildemark-161/43311206/,Gildemark,161.0,1351 HM,Almere,"Brugmark, Noordmark en Gildemark",425000.0,€ 4.474,Beschikbaar,"Eengezinswoning, tussenwoning",Bestaande bouw,1985,Gedeeltelijk gestoffeerd,Zadeldak bedekt met pannen,,95 m²,7 m²,,,130 m²,359 m³,4 kamers (3 slaapkamers),1 badkamer en 1 apart toilet,"Inloopdouche, toilet, en wastafelmeubel",3 woonlagen,Elektra,A,"Dakisolatie, dubbel glas, muurisolatie, vloerisolatie en volledig geïsoleerd",Cv-ketel,Cv-ketel,130 m²,Volle eigendom,"Aan rustige weg, beschutte ligging en in woonwijk",Achtertuin en voortuin,"49 m² (9,10 meter diep en 5,40 meter breed)",Gelegen op het zuidwesten,Aangebouwde stenen berging,Op eigen terrein,505.0,31%,,,"Nefit ProLine HTC (gas gestookt combiketel uit 2015, eigendom)",,,,,,,,,,,,,,,,,,,,360759.98087471747,True,64240.01912528253,64240.01912528253
https://www.funda.nl/detail/koop/almere/huis-de-vlet-tussenwoning-bouwnr-318/43155625/,De Vlet - Tussenwoning (Bouwnr. 318),,1349 NC,Almere,Oosterwold Zuid,379000.0,€ 6.649,Verkocht onder voorbehoud,"Eengezinswoning, tussenwoning",Nieuwbouw,2025,,Plat dak,,57 m²,,,4 m²,104 m²,270 m³,3 kamers (2 slaapkamers),1 badkamer,Douche en wastafel,2 woonlagen,Zonnepanelen,A++++,HR-glas en volledig geïsoleerd,Gehele vloerverwarming en warmtepomp,,104 m²,,"Aan rustige weg, in woonwijk, landelijk gelegen en vrij uitzicht",Achtertuin,,,Vrijstaande houten berging,Openbaar parkeren,3.53,40%,€ 5.670,,,,,,,,,,,,,,,,,,,,,,356475.32239472313,True,22524.67760527687,22524.67760527687
https://www.funda.nl/detail/koop/almere/huis-buizerd-bouwnr-28/43132123/,Buizerd (Bouwnr. 28),,1358 EL,Almere,Overgooi (brt),1100000.0,€ 5.882,Onder optie,"Villa, vrijstaande woning",Nieuwbouw,Na 2020,,,,187 m²,,,,1.522 m²,710 m³,5 kamers (4 slaapkamers),,,2 woonlagen en een zolder,Zonnepanelen,Niet beschikbaar,Volledig geïsoleerd,,,1.522 m²,,"Aan bosrand, aan rustige weg, in bosrijke omgeving, landelijk gelegen, open ligging en vrij uitzicht",Tuin rondom,,,,Op eigen terrein,720.0,46%,€ 5.136,,,Parkeerplaats,,,,,,,,,,,,,,,,,,,1088178.0405498783,False,11821.959450121736,11821.959450121736
https://www.funda.nl/detail/koop/almere/huis-ludenbos-27/89713484/,Ludenbos,27.0,1358 EL,Almere,Overgooi (brt),1750000.0,€ 5.058,Beschikbaar,"Villa, vrijstaande woning",Bestaande bouw,2008,,Schilddak bedekt met pannen,,346 m²,,,14 m²,2.287 m²,1.283 m³,10 kamers (7 slaapkamers),2 badkamers en 1 apart toilet,"Sauna, dubbele wastafel, inloopdouche, ligbad, 2 toiletten, 2 wastafelmeubels, douche, en wastafel",5 woonlagen en een vliering,"Vliering, elektra en stromend water",A++,,"Cv-ketel, houtkachel en gedeeltelijke vloerverwarming",Cv-ketel en elektrische boiler,2.287 m²,Volle eigendom,"Aan rustige weg, beschutte ligging, in bosrijke omgeving en in woonwijk","Achtertuin, tuin rondom, voortuin en zijtuin","1.675 m² (67,00 meter diep en 25,00 meter breed)",,Vrijstaande houten berging,Op eigen terrein,720.0,46%,€ 5.136,,"INTERGAS (gas gestookt combiketel uit 2021, eigendom)","Niet aanwezig, wel mogelijk",,,,Frans balkon aanwezig,,,,,,,,,,,,,,,1518520.795414105,True,231479.20458589494,231479.20458589494
https://www.funda.nl/detail/koop/almere/huis-jesse-owensstraat-54/89562281/,Jesse Owensstraat,54.0,1361 CG,Almere,Olympiakwartier West (brt),975000.0,€ 3.809,Beschikbaar,"Eengezinswoning, tussenwoning",Bestaande bouw,2021,,,,256 m²,,,6 m²,142 m²,907 m³,9 kamers (6 slaapkamers),3 badkamers en 2 aparte toiletten,"Vloerverwarming, 2 inloopdouches, ligbad, toilet, en 2 wastafelmeubels",5 woonlagen,Elektra,A+,Geen isolatie,,Centrale voorziening,142 m²,Volle eigendom,"Aan rustige weg, in bosrijke omgeving en in woonwijk",Achtertuin en voortuin,"60 m² (0,10 meter diep en 0,06 meter breed)",Gelegen op het zuidwesten bereikbaar via achterom,Vrijstaande houten berging,Openbaar parkeren,1.455,55%,€ 4.719,,,,,,,Dakterras aanwezig,,,,,,,,,,,,,,,943463.3447383427,True,31536.655261657317,31536.655261657317
https://www.funda.nl/detail/koop/almere/huis-swingstraat-2/89712258/,Swingstraat,2.0,1326 PM,Almere,Danswijk Noordoost,460000.0,€ 4.381,Beschikbaar,"Eengezinswoning, hoekwoning",Bestaande bouw,1997,,Zadeldak bedekt met pannen,,105 m²,,,6 m²,173 m²,364 m³,4 kamers (3 slaapkamers),1 badkamer en 1 apart toilet,"Douche, toilet, en wastafel",3 woonlagen,Elektra,A,Dubbel glas en volledig geïsoleerd,Stadsverwarming en gedeeltelijke vloerverwarming,Stadsverwarming,173 m²,Volle eigendom,Aan rustige weg en in woonwijk,Achtertuin en voortuin,"78 m² (13,00 meter diep en 6,00 meter breed)",Gelegen op het noordwesten bereikbaar via achterom,Vrijstaande houten berging,Openbaar parkeren,2.16,48%,€ 4.216,,,,,€ 475.000 kosten koper,,,,,,,,,,,,,,,,,440726.3485787019,True,19273.6514212981,19273.6514212981
https://www.funda.nl/detail/koop/almere/huis-wipmolenweg-7/43189415/,Wipmolenweg,7.0,1333 GH,Almere,Molenbuurt West,400000.0,€ 3.810,Verkocht onder voorbehoud,"Eengezinswoning, tussenwoning",Bestaande bouw,1986,,Zadeldak bedekt met pannen,,105 m²,,,30 m²,172 m²,366 m³,4 kamers (3 slaapkamers),1 badkamer en 1 apart toilet,"Douche, toilet, en wastafelmeubel",3 woonlagen,Elektra,A,"Dakisolatie, grotendeels dubbelglas, muurisolatie en vloerisolatie",Cv-ketel,Cv-ketel,172 m²,Volle eigendom,In woonwijk,Achtertuin en voortuin,"67 m² (12,60 meter diep en 5,30 meter breed)",Gelegen op het noorden bereikbaar via achterom,Vrijstaande houten berging,Openbaar parkeren,1.775,52%,,,"Gas gestookt combiketel uit 2011, eigendom",,,€ 417.500 kosten koper,,,,,,,,,,,,,,,,,411187.23458327516,True,-11187.23458327516,11187.23458327516
https://www.funda.nl/detail/koop/almere/huis-veelzijdige-hoekwoning-bouwnr-24/89970591/,Veelzijdige hoekwoning (Bouwnr. 24),,1362 JG,Almere,Europakwartier Oost (brt),559500.0,€ 4.175,Onder optie,"Eengezinswoning, tussenwoning",Nieuwbouw,2024,,,,134 m²,,,,,521 m³,5 kamers (3 slaapkamers),,,3 woonlagen,,Niet beschikbaar,,,,,,,,,,,,2.27,44%,€ 4.829,,,,,,,,,,,,,,,,,,,,,,611517.006595483,True,-52017.00659548305,52017.00659548305
https://www.funda.nl/detail/koop/almere/huis-3-laagse-tussenwoning-bouwnr-96/43225004/,3-Laagse tussenwoning (Bouwnr. 96),,1362 LK,Almere,Olympiakwartier Oost (brt),535000.0,€ 4.820,Verkocht onder voorbehoud,"Eengezinswoning, tussenwoning",Nieuwbouw,Na 2020,,Plat dak,,111 m²,,,,91 m²,403 m³,5 kamers (4 slaapkamers),1 badkamer en 1 apart toilet,"Douche, toilet, en wastafel",3 woonlagen,Elektra,A+++,Geen isolatie,Stadsverwarming,Stadsverwarming,91 m²,,In woonwijk,Achtertuin,,,Vrijstaande houten berging,Openbaar parkeren,125.0,,,Woningborg Garantiecertificaat,,,,,,,,,,,,,,,,,,,,,539397.6332660245,True,-4397.633266024524,4397.633266024524
https://www.funda.nl/detail/koop/almere/huis-aletta-jacobsstraat-67/43240934/,Aletta Jacobsstraat,67.0,1349 HB,Almere,Oosterwold Noord,450000.0,€ 7.895,Beschikbaar,"Eengezinswoning, vrijstaande woning",Nieuwbouw,2026,,Samengesteld dak,,57 m²,,,,215 m²,158 m³,3 kamers (1 slaapkamer),1 badkamer,"Douche, toilet, en wastafel",2 woonlagen,"Airconditioning, glasvezelkabel, mechanische ventilatie, en zonnepanelen",A+++,Volledig geïsoleerd,Warmtepomp,Elektrische boiler,215 m² (deelperceel),Volle eigendom,"Aan rustige weg, in bosrijke omgeving, in woonwijk en landelijk gelegen",Tuin rondom,,,,Op eigen terrein,2.605,43%,€ 6.505,,,Parkeerplaats,,,,,,,,,,,,,,,,,,,453015.84978577006,True,-3015.8497857700568,3015.8497857700568
https://www.funda.nl/detail/koop/almere/huis-3-laagse-tussenwoning-bouwnr-34/43225016/,3-Laagse tussenwoning (Bouwnr. 34),,1362 LK,Almere,Olympiakwartier Oost (brt),550000.0,€ 4.741,Verkocht onder voorbehoud,"Eengezinswoning, tussenwoning",Nieuwbouw,Na 2020,,Plat dak,,116 m²,,,,94 m²,420 m³,5 kamers (4 slaapkamers),1 badkamer en 1 apart toilet,"Douche, toilet, en wastafel",3 woonlagen,Elektra,A+++,Geen isolatie,Stadsverwarming,Stadsverwarming,94 m²,,In woonwijk,Achtertuin,,,Vrijstaande houten berging,Openbaar parkeren,125.0,,,Woningborg Garantiecertificaat,,,,,,,,,,,,,,,,,,,,,557897.5873114609,True,-7897.587311460869,7897.587311460869
https://www.funda.nl/detail/koop/almere/huis-buizerd-bouwnr-36/43132922/,Buizerd (Bouwnr. 36),,1358 EL,Almere,Overgooi (brt),1115000.0,€ 5.963,Verkocht onder voorbehoud,"Villa, vrijstaande woning",Nieuwbouw,Na 2020,,,,187 m²,,,,1.512 m²,710 m³,1 kamer,,,1 woonlaag,Zonnepanelen,Niet beschikbaar,Volledig geïsoleerd,,,1.512 m²,,"Aan bosrand, aan rustige weg, in bosrijke omgeving, landelijk gelegen, open ligging en vrij uitzicht",Tuin rondom,,,,Op eigen terrein,720.0,46%,€ 5.136,,,Parkeerplaats,,,,,,,,,,,,,,,,,,,1135822.4691644656,True,-20822.469164465554,20822.469164465554
https://www.funda.nl/detail/koop/almere/huis-stamerbos-16/89336509/,Stamerbos,16.0,1358 EP,Almere,Overgooi (brt),1895000.0,€ 4.459,,"Villa, vrijstaande woning",Bestaande bouw,2012,,,,425,,,,,1.750 m³,13 kamers (6 slaapkamers),,"2 douches, 2 dubbele wastafels, 2 inloopdouches, ligbad, 2 toiletten, vloerverwarming, en 2 wastafelmeubels",,,A++,,Warmtepomp,,225 m²,Volle eigendom,,,,,,,720.0,46%,€ 5.136,,,,,,,,,,,,,,,,,,,,,,1552255.414891868,True,342744.5851081321,342744.5851081321
https://www.funda.nl/detail/koop/almere/huis-twee-onder-een-kap-bouwnr-8/89679604/,Twee-onder-één-kap (Bouwnr. 8),,1361 BS,Almere,Duin Zuid,955000.0,€ 5.335,Beschikbaar,"Eengezinswoning, 2-onder-1-kapwoning",Nieuwbouw,2026,,,,179 m²,,49 m²,5 m²,214 m²,465 m³,5 kamers (4 slaapkamers),1 badkamer en 1 apart toilet,,3 woonlagen,Elektra,A++,,Stadsverwarming,,214 m²,,,,,,Aangebouwde houten berging,Op eigen terrein,2.055,30%,€ 5.624,,,,,,,,,,,,,,,,,,,,,,955075.4543370293,False,-75.4543370292522,75.4543370292522
https://www.funda.nl/detail/koop/almere/huis-kruidnagelstraat-14/43397238/,Kruidnagelstraat,14.0,1313 ES,Almere,Kruidenwijk Midden-west,350000.0,€ 3.500,Verkocht onder voorbehoud,"Eengezinswoning, tussenwoning",Bestaande bouw,1988,,Zadeldak bedekt met pannen,,100 m²,,,7 m²,123 m²,349 m³,7 kamers (6 slaapkamers),2 badkamers en 1 apart toilet,"Douche, 2 toiletten, 2 wastafels, inloopdouche, ligbad, en wastafelmeubel",3 woonlagen,Dakraam,A,,Stadsverwarming,Stadsverwarming,123 m²,Volle eigendom,"Aan rustige weg, in bosrijke omgeving en in woonwijk",Achtertuin en voortuin,"47 m² (8,50 meter diep en 5,50 meter breed)",Gelegen op het noordoosten bereikbaar via achterom,Vrijstaande stenen berging,Openbaar parkeren,1.345,37%,€ 4.082,,,,,,,,,,,,,,,,,,,,,,397031.49940361123,True,-47031.49940361123,47031.49940361123
https://www.funda.nl/detail/koop/almere/huis-albert-einsteinstraat-52/43287044/,Albert Einsteinstraat,52.0,1341 BZ,Almere,Nobelhorst Oost,1050000.0,€ 5.440,Beschikbaar,"Eengezinswoning, vrijstaande woning",Bestaande bouw,2022,,Zadeldak bedekt met pannen,,193 m²,,,9 m²,335 m²,720 m³,8 kamers (7 slaapkamers),2 badkamers en 2 aparte toiletten,"2 douches, toilet, wastafel, dubbele wastafel, en ligbad",3 woonlagen,Elektra,A+++,"Dakisolatie, muurisolatie en vloerisolatie","Gehele vloerverwarming, warmte terugwininstallatie en warmtepomp",Centrale voorziening,28 m²,Volle eigendom,"Aan bosrand, aan rustige weg, beschutte ligging, in bosrijke omgeving en in woonwijk",Tuin rondom,,,Aangebouwde stenen berging,Op eigen terrein en openbaar parkeren,1.97,67%,€ 4.786,,,,,,,,,,,,,,,,,,,,,,1045269.6146903194,True,4730.385309680598,4730.385309680598
https://www.funda.nl/detail/koop/almere/huis-g-marconistraat-2/43395918/,G. Marconistraat,2.0,1341 BK,Almere,Nobelhorst West,682500.0,€ 5.735,Beschikbaar,"Eengezinswoning, vrijstaande woning",Bestaande bouw,2017,,Samengesteld dak bedekt met pannen,,119 m²,7 m²,27 m²,,195 m²,479 m³,5 kamers (3 slaapkamers),1 badkamer en 1 apart toilet,"Dubbele wastafel, inloopdouche, toilet, vloerverwarming, en wastafelmeubel",2 woonlagen,"Airconditioning, glasvezelkabel, en mechanische ventilatie",A,,Cv-ketel,Cv-ketel,195 m²,Volle eigendom,Aan rustige weg en in woonwijk,"Achtertuin, voortuin en zijtuin",,Gelegen op het zuidwesten,,Op eigen terrein,2.425,65%,€ 4.472,,"Intergas (gas gestookt combiketel uit 2017, eigendom)",,,,,Balkon aanwezig,"35 m² (7,00 meter diep en 5,00 meter breed)",,,,,,,,,,,,,,673091.5959043764,True,9408.404095623642,9408.404095623642
https://www.funda.nl/detail/koop/almere/huis-rosmolenstraat-3/89761378/,Rosmolenstraat,3.0,1333 AC,Almere,Molenbuurt West,350000.0,€ 4.070,Onder bod,"Eengezinswoning, tussenwoning",Bestaande bouw,1984,,Plat dak bedekt met bitumineuze dakbedekking en overig,,86 m²,,,8 m²,121 m²,290 m³,5 kamers (3 slaapkamers),1 badkamer en 1 apart toilet,"Dubbele wastafel, inloopdouche, en toilet",2 woonlagen,Elektra,A,,Cv-ketel,Cv-ketel,121 m²,,,,,,Vrijstaand kunststof,Openbaar parkeren,1.775,52%,,,"Intergas HRE (gas gestookt combiketel uit 2013, eigendom)",,,,,,,,,,,,,,,,,,,,349302.18203922006,True,697.8179607799393,697.8179607799393
https://www.funda.nl/detail/koop/almere/huis-rolling-stonesstraat-17/43375238/,Rolling Stonesstraat,17.0,1311 JR,Almere,Muziekwijk N.-Zuidwest,500000.0,€ 4.098,Beschikbaar,"Eengezinswoning, 2-onder-1-kapwoning",Bestaande bouw,1991,,Plat dak bedekt met bitumineuze dakbedekking,,122 m²,17 m²,17 m²,,176 m²,471 m³,7 kamers (4 slaapkamers),1 badkamer en 1 apart toilet,"Inloopdouche, ligbad, toilet, wastafel, en wastafelmeubel",3 woonlagen,Elektra,C,Volledig geïsoleerd,Open haard en stadsverwarming,Stadsverwarming,176 m²,Volle eigendom,"Aan park, aan rustige weg, in woonwijk en vrij uitzicht",Achtertuin,,,Vrijstaand kunststof,Op eigen terrein en openbaar parkeren,1.315,46%,€ 4.042,,,Inpandig,1 auto,,,Dakterras aanwezig,,,,,,,,,,,,,,,554999.8964256558,True,-54999.89642565581,54999.89642565581
https://www.funda.nl/detail/koop/almere/huis-europalaan-505/43991455/,Europalaan,505.0,1362 JV,Almere,Europakwartier Oost (brt),800000.0,€ 4.520,Beschikbaar,"Herenhuis, tussenwoning",Bestaande bouw,2023,,Zadeldak bedekt met bitumineuze dakbedekking en pannen,,177 m²,4 m²,,6 m²,130 m²,694 m³,6 kamers (4 slaapkamers),2 badkamers en 1 apart toilet,"Dubbele wastafel, inloopdouche, 2 toiletten, vloerverwarming, ligbad, en wastafelmeubel",4 woonlagen en een vliering,Elektra,A+++,"Dakisolatie, driedubbel glas, muurisolatie, vloerisolatie en volledig geïsoleerd",Stadsverwarming en gehele vloerverwarming,Stadsverwarming,130 m²,Volle eigendom,In woonwijk,Achtertuin en voortuin,"51 m² (10,53 meter diep en 5,45 meter breed)",Gelegen op het zuiden bereikbaar via achterom,Vrijstaande houten berging,Openbaar parkeren,2.27,44%,€ 4.829,Energie Prestatie Advies,,,,€ 850.000 kosten koper,,,,,,,,,,,,,,,,,762046.6643443845,True,37953.33565561555,37953.33565561555
https://www.funda.nl/detail/koop/almere/huis-wipmolenweg-43/43380042/,Wipmolenweg,43.0,1333 GJ,Almere,Molenbuurt West,375000.0,€ 3.505,Verkocht onder voorbehoud,"Eengezinswoning, eindwoning",Bestaande bouw,1986,,,,107 m²,,,,130 m²,378 m³,5 kamers (4 slaapkamers),,,3 woonlagen,,B,,Cv-ketel,Cv-ketel,130 m²,,,,,,,,1.775,52%,,,"Gas gestookt uit 2011, eigendom",,,,,,,,,,,,,,,,,,,,410382.47483138257,True,-35382.47483138257,35382.47483138257
https://www.funda.nl/detail/koop/almere/huis-alpacastraat-26/89784145/,Alpacastraat,26.0,1338 HP,Almere,Faunabuurt Zuidwest,485000.0,€ 3.702,Beschikbaar,"Eengezinswoning, tussenwoning",Bestaande bouw,1994,,Plat dak bedekt met bitumineuze dakbedekking,,131 m²,,23 m²,9 m²,156 m²,465 m³,5 kamers (4 slaapkamers),1 badkamer en 1 apart toilet,"Douche, toilet, en wastafelmeubel",3 woonlagen,Elektra,A+,Geen isolatie,,,156 m²,Volle eigendom,,Achtertuin en voortuin,"78 m² (13,00 meter diep en 6,00 meter breed)",Gelegen op het zuidoosten bereikbaar via achterom,Vrijstaande houten berging,Openbaar parkeren,1.41,49%,€ 3.912,,,,,,,Dakterras aanwezig,,,,,,,,,,,,,,,507614.74358319346,True,-22614.743583193456,22614.743583193456
https://www.funda.nl/detail/koop/almere/huis-hoekwoning-bouwnr-16/89679597/,Hoekwoning (Bouwnr. 16),,1361 BS,Almere,Duin Zuid,680000.0,€ 5.812,Verkocht onder voorbehoud,"Eengezinswoning, hoekwoning",Nieuwbouw,2026,,,,117 m²,,32 m²,,169 m²,304 m³,4 kamers (3 slaapkamers),1 badkamer en 1 apart toilet,,2 woonlagen,Elektra,A++,,Stadsverwarming,,169 m²,,,,,,Aangebouwde houten berging,Op eigen terrein,2.055,30%,€ 5.624,,,,,,,,,,,,,,,,,,,,,,668284.1861076542,True,11715.813892345759,11715.813892345759
https://www.funda.nl/detail/koop/almere/huis-charles-darwinstraat-9/89600277/,Charles Darwinstraat,9.0,1349 LD,Almere,Oosterwold Noord,897500.0,€ 5.905,Onder bod,"Eengezinswoning, vrijstaande woning",Bestaande bouw,2023,,Plat dak,,152 m²,,10 m²,45 m²,1.300 m²,730 m³,5 kamers (4 slaapkamers),2 badkamers,"Ligbad, wastafelmeubel, en douche",1 woonlaag,Elektra en stromend water,Niet beschikbaar,Volledig geïsoleerd,"Gehele vloerverwarming, warmte terugwininstallatie en warmtepomp",Elektrische boiler,1.300 m²,Volle eigendom,,Achtertuin en voortuin,"0,25 meter diep en 0,40 meter breed",Gelegen op het zuidwesten bereikbaar via achterom,,Op eigen terrein,2.605,43%,€ 6.505,,,Inpandig,2 auto's,,,,,,,,,,,,,,,,,,909560.2474553729,False,-12060.24745537294,12060.24745537294
https://www.funda.nl/detail/koop/almere/huis-hebatstraat-26/43350677/,Hebatstraat,26.0,1363 RD,Almere,Homeruskwartier Oost,575000.0,€ 3.833,Beschikbaar,"Herenhuis, hoekwoning",Bestaande bouw,2014,Gedeeltelijk gestoffeerd,Plat dak bedekt met bitumineuze dakbedekking,,150 m²,,,6 m²,122 m²,537 m³,5 kamers (4 slaapkamers),1 badkamer en 1 apart toilet,"Inloopdouche, toilet, en wastafel",3 woonlagen,Elektra,A+,Geen isolatie,Stadsverwarming,Stadsverwarming,122 m²,Volle eigendom,Aan rustige weg en in woonwijk,Achtertuin en voortuin,"35 m² (7,00 meter diep en 5,00 meter breed)",Gelegen op het zuiden bereikbaar via achterom,Vrijstaande houten berging,Openbaar parkeren,1.46,65%,€ 4.427,,,,,,,,,,,,,,,,,,,,,,619422.9130692098,True,-44422.91306920978,44422.91306920978
https://www.funda.nl/detail/koop/almere/huis-haarlemplein-30/43384932/,Haarlemplein,30.0,1324 RV,Almere,Stedenwijk Midden-noord,420000.0,€ 3.590,Beschikbaar,"Eengezinswoning, tussenwoning",Bestaande bouw,1982,Gedeeltelijk gestoffeerd,Zadeldak bedekt met pannen,,117 m²,6 m²,,,116 m²,453 m³,6 kamers (5 slaapkamers),1 badkamer en 1 apart toilet,"Douche, toilet, en wastafelmeubel",3 woonlagen,Elektra,A,Geen isolatie,Stadsverwarming,Stadsverwarming,116 m²,Volle eigendom,In woonwijk en vrij uitzicht,Achtertuin en voortuin,"1 m² (0,11 meter diep en 5,25 meter breed)",Gelegen op het zuiden bereikbaar via achterom,Aangebouwde stenen berging,Betaald parkeren en openbaar parkeren,1.31,46%,€ 3.658,,,,,,,,,,,,,,,,,,,,,,353502.5017574847,True,66497.49824251531,66497.49824251531
https://www.funda.nl/detail/koop/almere/huis-3-laagse-tussenwoning-bouwnr-95/43225001/,3-Laagse tussenwoning (Bouwnr. 95),,1362 LK,Almere,Olympiakwartier Oost (brt),535000.0,€ 4.820,Verkocht onder voorbehoud,"Eengezinswoning, tussenwoning",Nieuwbouw,Na 2020,,Plat dak,,111 m²,,,,91 m²,403 m³,5 kamers (4 slaapkamers),1 badkamer en 1 apart toilet,"Douche, toilet, en wastafel",3 woonlagen,Elektra,A+++,Geen isolatie,Stadsverwarming,Stadsverwarming,91 m²,,In woonwijk,Achtertuin,,,Vrijstaande houten berging,Openbaar parkeren,125.0,,,Woningborg Garantiecertificaat,,,,,,,,,,,,,,,,,,,,,539397.6332660245,True,-4397.633266024524,4397.633266024524
https://www.funda.nl/detail/koop/almere/huis-elizabeth-anscombestraat-52/43375593/,Elizabeth Anscombestraat,52.0,1349 ND,Almere,Oosterwold Zuid,499000.0,€ 4.845,Verkocht onder voorbehoud,"Eengezinswoning, tussenwoning",Bestaande bouw,2024,,Plat dak,,103 m²,,,6 m²,151 m²,361 m³,4 kamers (3 slaapkamers),1 badkamer en 1 apart toilet,"Douche, toilet, wastafel, en wastafelmeubel",2 woonlagen,"Glasvezelkabel, mechanische ventilatie, natuurlijke ventilatie, TV kabel, en zonnepanelen",A++++,,Gehele vloerverwarming,Elektrische boiler (huur),151 m²,Volle eigendom,,Achtertuin en voortuin,"76 m² (14,00 meter diep en 5,40 meter breed)",Gelegen op het zuiden bereikbaar via achterom,Vrijstaande houten berging,Op eigen terrein,3.53,40%,€ 5.670,,,,,,,,,,,,,,,,,,,,,,586019.3041347051,True,-87019.3041347051,87019.3041347051
https://www.funda.nl/detail/koop/almere/huis-pandabeerstraat-13/43383560/,Pandabeerstraat,13.0,1338 CA,Almere,Faunabuurt Noord,500000.0,€ 4.902,Beschikbaar,"Eengezinswoning, 2-onder-1-kapwoning",Bestaande bouw,1995,,Samengesteld dak bedekt met bitumineuze dakbedekking en pannen,,102 m²,16 m²,,,211 m²,417 m³,4 kamers (3 slaapkamers),1 badkamer en 1 apart toilet,"Douche, ligbad, toilet, en wastafelmeubel",2 woonlagen en een zolder,"Elektrische deur, elektra en verwarming",B,Geen isolatie,Cv-ketel,Cv-ketel,211 m²,Volle eigendom,,Achtertuin en voortuin,"81 m² (9,00 meter diep en 9,00 meter breed)",Gelegen op het zuidoosten bereikbaar via achterom,,Op eigen terrein en openbaar parkeren,1.83,43%,€ 3.983,,"Gas gestookt combiketel uit 2013, eigendom",Aangebouwde stenen garage,1 auto,,,,,,,,,,,,,,,,,,483866.8723299302,True,16133.127670069807,16133.127670069807
https://www.funda.nl/detail/koop/almere/huis-coretta-scott-kingweg-7/89601175/,Coretta Scott Kingweg,7.0,1349 GA,Almere,Oosterwold Noord,699000.0,€ 6.026,Beschikbaar,"Eengezinswoning, vrijstaande woning",Bestaande bouw,2022,Gestoffeerd,Plat dak,,116 m²,,,13 m²,1.199 m²,429 m³,4 kamers (3 slaapkamers),1 badkamer en 1 apart toilet,"Inloopdouche, toilet, vloerverwarming, wastafel, en wastafelmeubel",2 woonlagen,"Mechanische ventilatie, natuurlijke ventilatie, en zonnepanelen",A+,Volledig geïsoleerd,Gedeeltelijke vloerverwarming en warmtepomp,,1.199 m² (deelperceel),Volle eigendom,"Aan rustige weg, in bosrijke omgeving, in woonwijk, landelijk gelegen, open ligging en vrij uitzicht",Tuin rondom,,,Vrijstaande houten berging,Op eigen terrein,2.605,43%,€ 6.505,,,,,,,,,,,,,,,,,,,,,,776336.0214127519,False,-77336.02141275187,77336.02141275187
https://www.funda.nl/detail/koop/almere/huis-jarenweg-45/89745870/,Jarenweg,45.0,1335 CE,Almere,Seizoenenbuurt Oost,450000.0,€ 4.369,Onder bod,"Eengezinswoning, tussenwoning",Bestaande bouw,1997,,Zadeldak bedekt met leisteen en pannen,,103 m²,19 m²,,9 m²,189 m²,407 m³,4 kamers (3 slaapkamers),1 badkamer en 1 apart toilet,"Douche, ligbad, toilet, en wastafelmeubel",2 woonlagen en een zolder,Elektra,A,HR-glas,Cv-ketel,Cv-ketel,189 m²,Volle eigendom,"Aan rustige weg, in bosrijke omgeving, in woonwijk, open ligging en vrij uitzicht",Achtertuin en voortuin,"56 m² (7,50 meter diep en 7,50 meter breed)",Gelegen op het zuidoosten bereikbaar via achterom,Vrijstaande stenen berging,Op eigen terrein en openbaar parkeren,1.63,43%,€ 4.194,Energie Prestatie Advies,"Intergas (gas gestookt uit 2020, eigendom)",,,€ 495.000 kosten koper,,,,,,,,,,,,,,,,,445869.7904393397,True,4130.209560660296,4130.209560660296
https://www.funda.nl/detail/koop/almere/huis-vierlaags-herenhuis-bouwnr-3/89308166/,Vierlaags herenhuis (Bouwnr. 3),,1362 JT,Almere,Europakwartier Oost (brt),654000.0,€ 4.419,Onder optie,"Herenhuis, tussenwoning",Nieuwbouw,2026,,Plat dak,,148 m²,,,6 m²,105 m²,385 m³,7 kamers (6 slaapkamers),1 badkamer en 1 apart toilet,,4 woonlagen,Elektra,A+++,,,,105 m²,,,Achtertuin,"37 m² (0,10 meter diep en 0,04 meter breed)",,Vrijstaande houten berging,Openbaar parkeren,2.27,44%,€ 4.829,,,,,,,,,,,,,,,,,,,,,,657354.9326300618,True,-3354.932630061754,3354.932630061754
https://www.funda.nl/detail/koop/almere/huis-robert-hofstadterstraat-7/89767184/,Robert Hofstadterstraat,7.0,1341 ED,Almere,Nobelhorst Oost,565000.0,€ 4.484,Beschikbaar,"Eengezinswoning, tussenwoning",Bestaande bouw,2022,,Zadeldak bedekt met kunststof en pannen,,126 m²,,,6 m²,126 m²,453 m³,5 kamers (4 slaapkamers),1 badkamer en 1 apart toilet,"Dubbele wastafel, inloopdouche, toilet, vloerverwarming, en wastafelmeubel",3 woonlagen,Elektra,A+++,Volledig geïsoleerd,"Gehele vloerverwarming, warmte terugwininstallatie en warmtepomp",,126 m²,Volle eigendom,Aan rustige weg en in woonwijk,Achtertuin en voortuin,"47 m² (9,00 meter diep en 5,20 meter breed)",Gelegen op het noordoosten bereikbaar via achterom,Vrijstaande houten berging,Openbaar parkeren,1.97,67%,€ 4.786,,,,,,,,,,,,,,,,,,,,,,558453.0891519376,True,6546.910848062369,6546.910848062369
https://www.funda.nl/detail/koop/almere/huis-albaststraat-47/43310258/,Albaststraat,47.0,1339 GZ,Almere,Regenboogbuurt West,495000.0,€ 3.587,Beschikbaar,"Herenhuis, tussenwoning (drive-in woning)",Bestaande bouw,1997,,Plat dak,,138 m²,,17 m²,7 m²,167 m²,448 m³,6 kamers (4 slaapkamers),1 badkamer en 1 apart toilet,"Douche, toilet, wastafel, en wastafelmeubel",3 woonlagen,"Airconditioning, mechanische ventilatie, schuifpui, en zonnepanelen",B,,Cv-ketel,Cv-ketel,167 m²,Volle eigendom,"Aan rustige weg, in bosrijke omgeving, in woonwijk en vrij uitzicht",Achtertuin en voortuin,"78 m² (15,50 meter diep en 5,00 meter breed)",Gelegen op het noordwesten bereikbaar via achterom,Vrijstaande houten berging,Op eigen terrein en openbaar parkeren,1.81,46%,€ 3.710,,"Remeha Calenta (gas gestookt combiketel uit 2015, eigendom)",Parkeerplaats,,,,Balkon aanwezig,,,,,,,,,,,,,,,530694.9247877446,False,-35694.92478774465,35694.92478774465
https://www.funda.nl/detail/koop/almere/huis-rozemarijnstraat-8/43394275/,Rozemarijnstraat,8.0,1314 KP,Almere,Kruidenwijk Midden-oost,330000.0,€ 4.024,Verkocht onder voorbehoud,"Eengezinswoning, tussenwoning",Bestaande bouw,1987,,Plat dak bedekt met bitumineuze dakbedekking,,82 m²,,,7 m²,118 m²,292 m³,4 kamers (3 slaapkamers),1 badkamer en 1 apart toilet,"Douche, toilet, en wastafel",2 woonlagen,Mechanische ventilatie,A,,Stadsverwarming,Stadsverwarming,118 m²,Volle eigendom,"Aan rustige weg, in bosrijke omgeving en in woonwijk",Achtertuin en voortuin,"55 m² (10,00 meter diep en 5,50 meter breed)",Gelegen op het westen bereikbaar via achterom,Vrijstaande houten berging,Openbaar parkeren,1.2,39%,€ 3.966,,,,,,,,,,,,,,,,,,,,,,356002.0318940642,True,-26002.031894064217,26002.031894064217
https://www.funda.nl/detail/koop/almere/huis-demetrius-vikelaslaan-74/43305896/,Demetrius Vikelaslaan,74.0,1361 CM,Almere,Olympiakwartier West (brt),685000.0,€ 4.964,Onder bod,"Herenhuis, hoekwoning",Bestaande bouw,2021,Gedeeltelijk gestoffeerd,Zadeldak bedekt met pannen,,138 m²,,,6 m²,140 m²,492 m³,6 kamers (4 slaapkamers),1 badkamer en 1 apart toilet,"Inloopdouche, toilet, vloerverwarming, en wastafelmeubel",3 woonlagen,Elektra,A,Geen isolatie,Stadsverwarming en gedeeltelijke vloerverwarming,Stadsverwarming,140 m²,Volle eigendom,"In bosrijke omgeving, in woonwijk, open ligging en vrij uitzicht",Achtertuin en voortuin,"62 m² (11,00 meter diep en 5,60 meter breed)",Gelegen op het zuiden bereikbaar via achterom,Vrijstaande houten berging,Openbaar parkeren,1.455,55%,€ 4.719,,,,,,,,,,,,,,,,,,,,,,624579.1774408444,True,60420.82255915564,60420.82255915564
https://www.funda.nl/detail/koop/almere/huis-henry-moorestraat-76/43310412/,Henry Moorestraat,76.0,1328 LX,Almere,Tussen de Vaarten Z.- Midden oost,1000000.0,€ 3.636,Beschikbaar,"Herenhuis, vrijstaande woning",Bestaande bouw,2003,Gedeeltelijk gestoffeerd,Schilddak bedekt met pannen,,275 m²,,,15 m²,690 m²,973 m³,8 kamers (6 slaapkamers),1 badkamer en 2 aparte toiletten,"Dubbele wastafel, inloopdouche, en ligbad",3 woonlagen,"Alarminstallatie, mechanische ventilatie, rookkanaal, en zonnepanelen",A,Geen isolatie,Stadsverwarming,Stadsverwarming,690 m²,Volle eigendom,"Aan park, aan rustige weg en in woonwijk",Tuin rondom,,,Vrijstaande houten berging,Op eigen terrein,1.45,58%,€ 3.878,,,,,,,,,,,,,,,,,,,,,,1142228.3429187518,True,-142228.34291875176,142228.34291875176
https://www.funda.nl/detail/koop/almere/huis-lanzarotestraat-54/89756988/,Lanzarotestraat,54.0,1339 VB,Almere,Eilandenbuurt West,485000.0,€ 3.440,Onder bod,"Eengezinswoning, tussenwoning",Bestaande bouw,2004,,,,141 m²,,,12 m²,152 m²,481 m³,5 kamers (4 slaapkamers),1 badkamer en 1 apart toilet,"Ligbad, toilet, en wastafelmeubel",3 woonlagen,Elektra,A,Dubbel glas en volledig geïsoleerd,Cv-ketel,Cv-ketel,152 m²,Volle eigendom,In woonwijk,Achtertuin en voortuin,"73 m² (13,36 meter diep en 5,45 meter breed)",Gelegen op het zuidoosten bereikbaar via achterom,Vrijstaande houten berging,Openbaar parkeren,1.78,56%,€ 3.864,,"Remeha (gas gestookt, eigendom)",,,,,,,,,,,,,,,,,,,,504972.6544736364,True,-19972.654473636416,19972.654473636416
https://www.funda.nl/detail/koop/almere/huis-catalpastraat-56/89789576/,Catalpastraat,56.0,1326 DP,Almere,Parkwijk Noordoost,450000.0,€ 3.879,Beschikbaar,"Eengezinswoning, tussenwoning",Bestaande bouw,1994,,Zadeldak bedekt met pannen,,116 m²,,1 m²,8 m²,182 m²,416 m³,5 kamers (4 slaapkamers),1 badkamer en 1 apart toilet,"Douche, ligbad, toilet, wastafel, en wastafelmeubel",3 woonlagen,Elektra,A,Volledig geïsoleerd,Stadsverwarming,Stadsverwarming,182 m²,Volle eigendom,Aan rustige weg en in woonwijk,Achtertuin en voortuin,"100 m² (18,67 meter diep en 5,38 meter breed)",Gelegen op het zuidoosten bereikbaar via achterom,Vrijstaande houten berging,Openbaar parkeren,1.875,47%,€ 3.881,,,,,,,,,,,,,,,,,,,,,,465019.2514035383,True,-15019.251403538277,15019.251403538277
https://www.funda.nl/detail/koop/almere/huis-laan-der-voc-296/89586467/,Laan der V.O.C.,296.0,1335 TA,Almere,Oostvaardersbuurt Oost,470000.0,€ 3.219,Beschikbaar,"Eengezinswoning, tussenwoning",Bestaande bouw,2001,Gestoffeerd,Plat dak bedekt met bitumineuze dakbedekking,,146 m²,11 m²,,,123 m²,474 m³,5 kamers (4 slaapkamers),1 badkamer en 1 apart toilet,"Douche, toilet, wastafel, en wastafelmeubel",4 woonlagen,"Glasvezelkabel, mechanische ventilatie, en natuurlijke ventilatie",A,Volledig geïsoleerd,Cv-ketel,Cv-ketel,26 m²,Volle eigendom,Aan rustige weg en in woonwijk,Achtertuin en voortuin,"69 m² (10,38 meter diep en 5,00 meter breed)",Gelegen op het zuiden,,Openbaar parkeren,2.165,54%,€ 3.598,,"Gas gestookt, eigendom",,,,,,,,,,,,,,,,,,,,553889.4217416418,True,-83889.42174164183,83889.42174164183
https://www.funda.nl/detail/koop/almere/huis-de-vlet-tussenwoning-bouwnr-331/43264370/,De Vlet - Tussenwoning (Bouwnr. 331),,1349 NC,Almere,Oosterwold Zuid,384000.0,€ 6.737,Verkocht onder voorbehoud,"Eengezinswoning, tussenwoning",Nieuwbouw,2026,,Plat dak,,57 m²,,,4 m²,119 m²,265 m³,3 kamers (2 slaapkamers),1 badkamer en 1 apart toilet,Douche en wastafel,2 woonlagen,Zonnepanelen,A++++,Volledig geïsoleerd,Gehele vloerverwarming en warmtepomp,,119 m²,,"Aan rustige weg, in woonwijk, landelijk gelegen en vrij uitzicht",Achtertuin,,,Vrijstaande houten berging,Openbaar parkeren,3.53,40%,€ 5.670,,,,,,,,,,,,,,,,,,,,,,377221.4900825311,True,6778.50991746888,6778.50991746888
https://www.funda.nl/detail/koop/almere/huis-bonenkruidstraat-14/43137819/,Bonenkruidstraat,14.0,1313 DH,Almere,Kruidenwijk Noordwest,489000.0,€ 3.705,Beschikbaar,"Eengezinswoning, hoekwoning",Bestaande bouw,1989,,Zadeldak bedekt met pannen,,132 m²,,,6 m²,140 m²,441 m³,6 kamers (5 slaapkamers),1 badkamer en 1 apart toilet,"Ligbad, toilet, en wastafel",3 woonlagen,Elektra,A,"Dakisolatie, dubbel glas, muurisolatie, vloerisolatie en volledig geïsoleerd",Stadsverwarming,Stadsverwarming,140 m²,Volle eigendom,Aan rustige weg en in woonwijk,Achtertuin en voortuin,"72 m² (12,00 meter diep en 6,00 meter breed)",Gelegen op het oosten bereikbaar via achterom,Vrijstaande stenen berging,Openbaar parkeren,1.045,43%,€ 3.752,,,,,,,,,,,,,,,,,,,,,,504112.33667126554,True,-15112.33667126554,15112.33667126554
https://www.funda.nl/detail/koop/almere/huis-herenhuis-bouwnr-22/89286662/,Herenhuis (Bouwnr. 22),,1362 JG,Almere,Europakwartier Oost (brt),595000.0,€ 4.917,Beschikbaar,"Herenhuis, tussenwoning",Nieuwbouw,2025,,,,121 m²,,,6 m²,84 m²,315 m³,5 kamers (4 slaapkamers),,,3 woonlagen,,A+++,,,,84 m²,,,,,,,,2.27,44%,€ 4.829,,,,,,,,,,,,,,,,,,,,,,579789.616470864,True,15210.383529135957,15210.383529135957
https://www.funda.nl/detail/koop/almere/huis-minervasingel-18/43389445/,Minervasingel,18.0,1363 ZJ,Almere,Homeruskwartier Midden,990000.0,€ 4.648,Beschikbaar,"Bungalow, vrijstaande woning",Bestaande bouw,2011,,Plat dak bedekt met bitumineuze dakbedekking,,213 m²,,,,533 m²,828 m³,5 kamers (4 slaapkamers),2 badkamers en 1 apart toilet,"2 douches, toilet, 2 wastafels, en 2 wastafelmeubels",1 woonlaag,"Elektra, verwarming en stromend water",A,Geen isolatie,Stadsverwarming,Stadsverwarming,533 m²,Volle eigendom,"Aan park, beschutte ligging, in woonwijk en vrij uitzicht",Tuin rondom,,,Vrijstaande houten berging,Op eigen terrein en openbaar parkeren,2.625,44%,€ 4.691,,,Inpandig,1 auto,,Toegankelijk voor mensen met een beperking,,,,,,,,,,,,,,,,1149959.4207874096,True,-159959.42078740965,159959.42078740965
https://www.funda.nl/detail/koop/almere/huis-hoekwoning-bouwnr-17/89569059/,Hoekwoning (Bouwnr. 17),,1361 BS,Almere,Duin Zuid,825000.0,€ 5.255,Verkocht onder voorbehoud,"Eengezinswoning, hoekwoning",Nieuwbouw,2026,,,,157 m²,,48 m²,5 m²,177 m²,408 m³,5 kamers (4 slaapkamers),1 badkamer en 1 apart toilet,,3 woonlagen,Balansventilatie en zonnepanelen,A++,,,,177 m²,,Aan bosrand,,,,Aangebouwde houten berging,Op eigen terrein,2.055,30%,€ 5.624,Woningborg Garantiecertificaat,,,,,,,,,,,,,,,,,,,,,825503.4399155251,True,-503.4399155251449,503.4399155251449
https://www.funda.nl/detail/koop/almere/huis-herenhuis-bouwnr-14/89460273/,Herenhuis (Bouwnr. 14),,1362 JT,Almere,Europakwartier Oost (brt),625000.0,€ 4.699,Verkocht onder voorbehoud,"Herenhuis, tussenwoning",Nieuwbouw,2026,,,,133 m²,,,,120 m²,346 m³,5 kamers (4 slaapkamers),1 badkamer en 1 apart toilet,,3 woonlagen,,Niet beschikbaar,,,,120 m²,,,,,,,,2.27,44%,€ 4.829,,,,,,,,,,,,,,,,,,,,,,608492.0595688362,True,16507.940431163763,16507.940431163763
https://www.funda.nl/detail/koop/almere/huis-hendrik-ijzerbrootlaan-34/43379934/,Hendrik IJzerbrootlaan,34.0,1336 LG,Almere,Stripheldenbuurt Midden- oost,475000.0,€ 3.626,Beschikbaar,"Eengezinswoning, tussenwoning",Bestaande bouw,2006,,Plat dak bedekt met bitumineuze dakbedekking,,131 m²,,,7 m²,133 m²,463 m³,5 kamers (4 slaapkamers),1 badkamer en 1 apart toilet,"Ligbad, toilet, wastafel, en wastafelmeubel",3 woonlagen,Elektra,A,Geen isolatie,Cv-ketel,Cv-ketel,133 m²,Volle eigendom,Aan rustige weg en in woonwijk,Achtertuin,,,Vrijstaande houten berging,Openbaar parkeren,1.275,50%,€ 3.921,,"Intergas (gas gestookt uit 2006, eigendom)",,,,,,,,,,,,,,,,,,,,542225.0019585217,True,-67225.00195852167,67225.00195852167
https://www.funda.nl/detail/koop/almere/huis-schonenvaart-42/43238174/,Schonenvaart,42.0,1335 ST,Almere,Oostvaardersbuurt Noord,449000.0,€ 2.878,Verkocht onder voorbehoud,"Herenhuis, tussenwoning",Bestaande bouw,2000,,Plat dak,,156 m²,,25 m²,11 m²,164 m²,530 m³,7 kamers (5 slaapkamers),2 badkamers en 1 apart toilet,"2 douches, 2 wastafels, 2 wastafelmeubels, toilet, en zitbad",3 woonlagen,"Mechanische ventilatie, schuifpui, en zonnepanelen",A,,Cv-ketel,Cv-ketel,164 m²,Volle eigendom,"Aan rustige weg, in woonwijk en vrij uitzicht",Achtertuin en voortuin,"45 m² (9,00 meter diep en 5,00 meter breed)",Gelegen op het noordwesten,,Op eigen terrein en openbaar parkeren,1.035,52%,€ 4.140,,"HR-107 ketel ( combiketel uit 2012, eigendom)",,,,,Dakterras aanwezig,,,,,,,,,,,,,,,572731.7440412838,True,-123731.74404128385,123731.74404128385
https://www.funda.nl/detail/koop/almere/huis-3-laagse-hoekwoning-bouwnr-99/43225005/,3-Laagse hoekwoning (Bouwnr. 99),,1362 LK,Almere,Olympiakwartier Oost (brt),605000.0,€ 4.802,Verkocht onder voorbehoud,"Eengezinswoning, hoekwoning",Nieuwbouw,Na 2020,,Plat dak,,126 m²,,,,,451 m³,5 kamers (4 slaapkamers),1 badkamer en 1 apart toilet,"Douche, toilet, en wastafel",3 woonlagen,Elektra,A++,Geen isolatie,Stadsverwarming,Stadsverwarming,,,In woonwijk,Achtertuin,,,Vrijstaande houten berging,Openbaar parkeren,125.0,,,Woningborg Garantiecertificaat,,,,,,,,,,,,,,,,,,,,,601162.6163017844,True,3837.3836982155917,3837.3836982155917
https://www.funda.nl/detail/koop/almere/huis-sterduinstraat-68/43132745/,Sterduinstraat,68.0,1361 BP,Almere,Duin Noord,675000.0,€ 5.192,Verkocht onder voorbehoud,"Eengezinswoning, eindwoning",Bestaande bouw,2019,,Zadeldak bedekt met pannen,,130 m²,,,5 m²,135 m²,460 m³,5 kamers (4 slaapkamers),1 badkamer en 1 apart toilet,"Douche, dubbele wastafel, ligbad, toilet, en vloerverwarming",3 woonlagen,Elektra en stromend water,A,Volledig geïsoleerd,Stadsverwarming en gedeeltelijke vloerverwarming,Stadsverwarming,135 m²,Volle eigendom,Aan rustige weg en in woonwijk,Achtertuin en voortuin,"28 m² (5,50 meter diep en 5,00 meter breed)",Gelegen op het noordoosten bereikbaar via achterom,Vrijstaande houten berging,Op eigen terrein en openbaar parkeren,1.31,60%,€ 4.986,,,,,,,,,,,,,,,,,,,,,,644492.0336407558,True,30507.966359244194,30507.966359244194
https://www.funda.nl/detail/koop/almere/huis-sarongweg-9/43314500/,Sarongweg,9.0,1336 NJ,Almere,Indische Buurt Oost,495000.0,€ 3.960,Beschikbaar,"Eengezinswoning, tussenwoning",Bestaande bouw,2018,Gedeeltelijk gestoffeerd,Zadeldak bedekt met pannen,,125 m²,,,5 m²,126 m²,438 m³,5 kamers (4 slaapkamers),1 badkamer en 1 apart toilet,"Inloopdouche, toilet, en wastafelmeubel",3 woonlagen,Elektra,A,Geen isolatie,Cv-ketel en gedeeltelijke vloerverwarming,Cv-ketel,126 m²,Volle eigendom,"Aan rustige weg, beschutte ligging en in woonwijk",Achtertuin en voortuin,"58 m² (11,00 meter diep en 5,25 meter breed)",Gelegen op het zuidwesten bereikbaar via achterom,Vrijstaande houten berging,Openbaar parkeren,1.625,43%,€ 5.149,,"Intergas HRE (gas gestookt combiketel, eigendom)",,,,,,,,,,,,,,,,,,,,539251.250205874,True,-44251.25020587398,44251.25020587398
https://www.funda.nl/detail/koop/almere/huis-cellostraat-20/89747936/,Cellostraat,20.0,1312 JT,Almere,Muziekwijk N.-Oost,400000.0,€ 4.938,Onder bod,"Eengezinswoning, tussenwoning",Bestaande bouw,1990,,Plat dak bedekt met bitumineuze dakbedekking,,81 m²,5 m²,,16 m²,145 m²,283 m³,4 kamers (3 slaapkamers),1 badkamer en 1 apart toilet,"Douche, toilet, en wastafel",2 woonlagen,Mechanische ventilatie,A,"Dakisolatie, dubbel glas, HR-glas, muurisolatie en vloerisolatie",Cv-ketel,Cv-ketel,145 m²,,Aan rustige weg en in woonwijk,Achtertuin,"60 m² (11,07 meter diep en 5,38 meter breed)",Gelegen op het noordwesten,Inpandig,Openbaar parkeren,1.18,39%,,,Eigendom,,,,,,,,,,,,,,,,,,,,353779.58291165985,True,46220.41708834015,46220.41708834015
https://www.funda.nl/detail/koop/almere/huis-jan-wiegersstraat-48/43327110/,Jan Wiegersstraat,48.0,1328 DW,Almere,Tussen de Vaarten Z.- Noordoost,499000.0,€ 4.124,Beschikbaar,"Eengezinswoning, hoekwoning",Bestaande bouw,2001,Gedeeltelijk gestoffeerd,Samengesteld dak bedekt met bitumineuze dakbedekking en pannen,,121 m²,,1 m²,32 m²,183 m²,422 m³,4 kamers (3 slaapkamers),1 badkamer en 1 apart toilet,"Douche, dubbele wastafel, toilet, vloerverwarming, en wastafelmeubel",3 woonlagen,"Elektrische deur, elektra en stromend water",A,Geen isolatie,Stadsverwarming en gedeeltelijke vloerverwarming,Stadsverwarming,183 m²,Volle eigendom,Aan rustige weg en in woonwijk,"Achtertuin, voortuin en zijtuin","84 m² (12,00 meter diep en 7,00 meter breed)",Gelegen op het noordwesten bereikbaar via achterom,,Op eigen terrein en openbaar parkeren,2.16,50%,€ 3.809,,,Vrijstaande stenen garage,1 auto,,,,,,,,,,,,,,,,,,481110.72631151427,True,17889.27368848573,17889.27368848573
https://www.funda.nl/detail/koop/almere/huis-de-specerij-33/43237538/,De Specerij,33.0,1313 NE,Almere,Kruidenwijk Zuid,975000.0,€ 5.735,Onder bod,"Villa, vrijstaande woning",Bestaande bouw,1989,,Zadeldak bedekt met pannen,,170 m²,,25 m²,11 m²,559 m²,569 m³,5 kamers (4 slaapkamers),1 badkamer en 2 aparte toiletten,"Douche, ligbad, vloerverwarming, en wastafelmeubel",2 woonlagen,Vliering en elektra,A,"Dakisolatie, dubbel glas, muurisolatie en vloerisolatie","Houtkachel, stadsverwarming en gedeeltelijke vloerverwarming",Stadsverwarming,95 m²,Volle eigendom,"Aan bosrand, aan rustige weg en in woonwijk",Tuin rondom,,,Vrijstaande houten berging,Op eigen terrein en openbaar parkeren,840.0,34%,,,,Parkeerplaats,,,,,,,,,,,,,,,,,,,852219.8565232586,True,122780.14347674139,122780.14347674139
https://www.funda.nl/detail/koop/almere/huis-wagnerstraat-21/89777899/,Wagnerstraat,21.0,1323 CL,Almere,Muziekwijk Z.-Oost,465000.0,€ 4.227,Beschikbaar,"Eengezinswoning, tussenwoning",Bestaande bouw,1988,Gedeeltelijk gestoffeerd,Zadeldak bedekt met pannen,,110 m²,,,7 m²,119 m²,371 m³,5 kamers (4 slaapkamers),1 badkamer en 1 apart toilet,"Inloopdouche, toilet, wastafel, en wastafelmeubel",3 woonlagen,Elektra,A,Geen isolatie,Stadsverwarming,Stadsverwarming,119 m²,Volle eigendom,Aan rustige weg en in woonwijk,Achtertuin,"54 m² (10,40 meter diep en 5,20 meter breed)",Gelegen op het zuiden bereikbaar via achterom,Vrijstaande houten berging,Openbaar parkeren,2.99,35%,€ 4.128,,,,,,,,,,,,,,,,,,,,,,440261.06066858186,True,24738.939331418136,24738.939331418136
https://www.funda.nl/detail/koop/almere/huis-lofotenweg-2/43317873/,Lofotenweg,2.0,1339 SX,Almere,Eilandenbuurt Noord,625000.0,€ 3.613,Beschikbaar,"Eengezinswoning, eindwoning",Bestaande bouw,2002,Gestoffeerd,Plat dak bedekt met bitumineuze dakbedekking,,173 m²,3 m²,44 m²,10 m²,141 m²,628 m³,6 kamers (5 slaapkamers),1 badkamer en 1 apart toilet,"Dubbele wastafel, inloopdouche, toilet, vloerverwarming, en wastafelmeubel",3 woonlagen,Elektra,B,"Dakisolatie, dubbel glas, muurisolatie en vloerisolatie",Cv-ketel,Cv-ketel,141 m²,Volle eigendom,"Aan rustige weg, in bosrijke omgeving en in woonwijk",Patio/atrium en zonneterras,,Gelegen op het zuidoosten bereikbaar via achterom,Aangebouwde houten berging,Openbaar parkeren,1.445,47%,€ 4.129,Energie Prestatie Advies,"Nefit HR (gas gestookt combiketel uit 2015, eigendom)",,,,,Dakterras aanwezig,,,,,,,,,,,"40 m² (7,75 meter diep en 5,20 meter breed)",,,,563207.7643125241,True,61792.235687475884,61792.235687475884
https://www.funda.nl/detail/koop/almere/huis-dageraadstraat-58/89768928/,Dageraadstraat,58.0,1335 VP,Almere,Oostvaardersbuurt Oost,450000.0,€ 4.500,Beschikbaar,"Eengezinswoning, hoekwoning",Bestaande bouw,2001,,,,100 m²,,,7 m²,208 m²,323 m³,4 kamers (3 slaapkamers),1 badkamer en 1 apart toilet,"Douche, toilet, en wastafel",3 woonlagen en een zolder,"Dakraam, glasvezelkabel, mechanische ventilatie, en TV kabel",A,Volledig geïsoleerd,Cv-ketel,Cv-ketel,208 m²,Volle eigendom,Aan rustige weg en in woonwijk,Achtertuin,"75 m² (10,00 meter diep en 7,50 meter breed)",Gelegen op het zuidoosten bereikbaar via achterom,,Op eigen terrein en openbaar parkeren,2.165,54%,€ 3.598,,"Intergas (gas gestookt, eigendom)",Carport,,,,,,,,,,,,,,,,,,,439062.63532206824,True,10937.364677931764,10937.364677931764
https://www.funda.nl/detail/koop/almere/huis-vennemeerstraat-5/43326948/,Vennemeerstraat,5.0,1316 KB,Almere,Waterwijk West,425000.0,€ 3.571,Beschikbaar,"Eengezinswoning, tussenwoning",Bestaande bouw,1985,,Zadeldak bedekt met pannen,,119 m²,,,8 m²,179 m²,451 m³,5 kamers (4 slaapkamers),1 badkamer en 1 apart toilet,"Dubbele wastafel, inloopdouche, en toilet",3 woonlagen,Elektra,A,Volledig geïsoleerd,Stadsverwarming,Stadsverwarming,179 m²,Volle eigendom,In woonwijk,Achtertuin en voortuin,"77 m² (14,00 meter diep en 5,50 meter breed)",Gelegen op het noordwesten bereikbaar via achterom,Vrijstaande houten berging,Op eigen terrein en openbaar parkeren,1.62,42%,€ 3.779,,,Parkeerplaats,,,,,,,,,,,,,,,,,,,438973.1020564306,False,-13973.102056430595,13973.102056430595
https://www.funda.nl/detail/koop/almere/huis-jamaicastraat-27/89774458/,Jamaicastraat,27.0,1339 KM,Almere,Eilandenbuurt Oost,750000.0,€ 3.623,Beschikbaar,"Eengezinswoning, vrijstaande woning",Bestaande bouw,2001,,Plat dak bedekt met bitumineuze dakbedekking,,207 m²,,,15 m²,265 m²,738 m³,7 kamers (4 slaapkamers),1 badkamer en 1 apart toilet,"Dubbele wastafel, inloopdouche, jacuzzi, ligbad, en toilet",3 woonlagen,Elektra,A+,Volledig geïsoleerd,Cv-ketel,Cv-ketel,265 m²,Volle eigendom,Aan rustige weg en in woonwijk,Achtertuin en voortuin,"100 m² (10,91 meter diep en 9,18 meter breed)",Gelegen op het westen bereikbaar via achterom,Vrijstaande houten berging,Op eigen terrein en openbaar parkeren,1.475,41%,€ 3.838,,"Intergas hre (gas gestookt combiketel uit 2016, eigendom)",,,,,,,,,,,,,,,,,,,,874633.726356191,True,-124633.72635619098,124633.72635619098
https://www.funda.nl/detail/koop/almere/huis-staakmolenstraat-119/43304550/,Staakmolenstraat,119.0,1333 EV,Almere,Molenbuurt Oost,400000.0,€ 3.279,Beschikbaar,"Eengezinswoning, tussenwoning",Bestaande bouw,1986,,,,122 m²,,6 m²,11 m²,163 m²,420 m³,7 kamers (5 slaapkamers),1 badkamer en 1 apart toilet,"Douche, ligbad, toilet, en wastafel",3 woonlagen,Elektra,A,,,,163 m²,Volle eigendom,In woonwijk,Achtertuin en voortuin,"88 m² (17,50 meter diep en 5,00 meter breed)",Gelegen op het zuidoosten bereikbaar via achterom,Vrijstaande houten berging,,2.17,38%,€ 3.564,,,,,,,Balkon aanwezig,,,,,,,,,,,,,,,454472.9600918397,True,-54472.96009183972,54472.96009183972
https://www.funda.nl/detail/koop/almere/huis-arubapier-28/89789241/,Arubapier,28.0,1339 KC,Almere,Eilandenbuurt Zuid,549000.0,€ 2.905,Beschikbaar,"Woonboot, vrijstaande woning (waterwoning)",Bestaande bouw,2001,,,,189 m²,,25 m²,10 m²,321 m²,709 m³,5 kamers (3 slaapkamers),2 badkamers,"Douche, toilet, en wastafel",3 woonlagen,"Glasvezelkabel, schuifpui, en TV kabel",B,Dakisolatie en dubbel glas,Elektrische verwarming en pelletkachel,Elektrische boiler,54 m² (deelperceel),Zie akte,"Aan vaarwater, aan water en in woonwijk",,,,Vrijstaande houten berging,Op eigen terrein en openbaar parkeren,1.235,53%,,,,,,,,Dakterras aanwezig,,,,,,,,,,,,,,,766174.6311800149,True,-217174.63118001493,217174.63118001493
https://www.funda.nl/detail/koop/almere/huis-b2-bouwnr-1/43809581/,B2 (Bouwnr. 1),,1362 LC,Almere,Olympiakwartier Oost (brt),575040.0,€ 4.832,Verkocht onder voorbehoud,"Eengezinswoning, hoekwoning",Nieuwbouw,2025,,,,119 m²,,,,157 m²,453 m³,5 kamers (4 slaapkamers),,,3 woonlagen,,A++,,,,157 m²,,In woonwijk,,,,Vrijstaande houten berging,,125.0,,,,,,,,,,,,,,,,,,,,,,,,569080.2797415494,True,5959.720258450601,5959.720258450601
https://www.funda.nl/detail/koop/almere/huis-3-laagse-hoekwoning-bouwnr-12/43225089/,3-Laagse hoekwoning (Bouwnr. 12),,1362 LK,Almere,Olympiakwartier Oost (brt),610000.0,€ 4.692,Verkocht onder voorbehoud,"Eengezinswoning, hoekwoning",Nieuwbouw,Na 2020,,Plat dak,,130 m²,,,,,469 m³,5 kamers (4 slaapkamers),1 badkamer en 1 apart toilet,"Douche, toilet, en wastafel",3 woonlagen,Elektra,A+++,Geen isolatie,Stadsverwarming,Stadsverwarming,,,In woonwijk,Achtertuin,,,Vrijstaande houten berging,Openbaar parkeren,125.0,,,Woningborg Garantiecertificaat,,,,,,,,,,,,,,,,,,,,,620766.3635386672,True,-10766.36353866721,10766.36353866721
https://www.funda.nl/detail/koop/almere/huis-aprilstraat-5/89345768/,Aprilstraat,5.0,1335 BH,Almere,Seizoenenbuurt Oost,460000.0,€ 3.866,,"Eengezinswoning, tussenwoning",Bestaande bouw,1998,,,,119,,,,,393 m³,5 kamers (4 slaapkamers),,"Inloopdouche, toilet, wastafel, en wastafelmeubel",,,B,,Cv-ketel,,112 m²,Volle eigendom,,,,,,,1.63,43%,€ 4.194,,,,,,,,,,,,,,,,,,,,,,461859.8354598214,True,-1859.8354598213919,1859.8354598213919
https://www.funda.nl/detail/koop/almere/huis-3-laagse-tussenwoning-bouwnr-2/43225038/,3-Laagse tussenwoning (Bouwnr. 2),,1362 LK,Almere,Olympiakwartier Oost (brt),535000.0,€ 4.820,Onder optie,"Eengezinswoning, tussenwoning",Nieuwbouw,Na 2020,,Plat dak,,111 m²,,,,95 m²,403 m³,5 kamers (4 slaapkamers),1 badkamer en 1 apart toilet,"Douche, toilet, en wastafel",3 woonlagen,Elektra,A+++,Geen isolatie,Stadsverwarming,Stadsverwarming,95 m²,,In woonwijk,Achtertuin,,,Vrijstaande houten berging,Openbaar parkeren,125.0,,,Woningborg Garantiecertificaat,,,,,,,,,,,,,,,,,,,,,539397.6332660245,True,-4397.633266024524,4397.633266024524
https://www.funda.nl/detail/koop/almere/huis-achillesstraat-32/89763082/,Achillesstraat,32.0,1363 VM,Almere,Homeruskwartier Zuid,550000.0,€ 4.435,Beschikbaar,"Eengezinswoning, hoekwoning",Bestaande bouw,2010,,Zadeldak bedekt met pannen,,124 m²,,,6 m²,176 m²,491 m³,5 kamers (4 slaapkamers),1 badkamer en 1 apart toilet,"Dubbele wastafel, inloopdouche, toilet, en wastafel",3 woonlagen,Elektra,A,Volledig geïsoleerd,Stadsverwarming en gedeeltelijke vloerverwarming,Stadsverwarming,176 m²,Volle eigendom,Aan rustige weg en in woonwijk,"Achtertuin, voortuin en zijtuin","83 m² (11,95 meter diep en 6,92 meter breed)",Gelegen op het zuiden bereikbaar via achterom,Vrijstaande stenen berging,Op eigen terrein en openbaar parkeren,2.42,45%,€ 4.952,,,Parkeerplaats,,,,,,,€ 46 per maand,,,,,,,,,,,,543386.2838150343,True,6613.716184965684,6613.716184965684
https://www.funda.nl/detail/koop/almere/huis-3-laagse-tussenwoning-bouwnr-6/43225037/,3-Laagse tussenwoning (Bouwnr. 6),,1362 LK,Almere,Olympiakwartier Oost (brt),535000.0,€ 4.820,Verkocht onder voorbehoud,"Eengezinswoning, tussenwoning",Nieuwbouw,Na 2020,,Plat dak,,111 m²,,,,95 m²,403 m³,5 kamers (4 slaapkamers),1 badkamer en 1 apart toilet,"Douche, toilet, en wastafel",3 woonlagen,Elektra,A+++,Geen isolatie,Stadsverwarming,Stadsverwarming,95 m²,,In woonwijk,Achtertuin,,,Vrijstaande houten berging,Openbaar parkeren,125.0,,,Woningborg Garantiecertificaat,,,,,,,,,,,,,,,,,,,,,539397.6332660245,True,-4397.633266024524,4397.633266024524
https://www.funda.nl/detail/koop/almere/huis-klipgriend-46/43315194/,Klipgriend,46.0,1356 GC,Almere,"Klavergriend, Klippriend en Wilgengriend",450000.0,€ 3.750,Beschikbaar,"Eengezinswoning, tussenwoning",Bestaande bouw,1981,,Samengesteld dak bedekt met bitumineuze dakbedekking en pannen,,120 m²,,,7 m²,120 m²,409 m³,5 kamers (4 slaapkamers),1 badkamer en 1 apart toilet,"Douche, ligbad, toilet, en wastafelmeubel",3 woonlagen,Elektra,B,"Dubbel glas, HR-glas en volledig geïsoleerd",Cv-ketel,Cv-ketel,120 m²,Volle eigendom,In woonwijk,Achtertuin en voortuin,"51 m² (10,20 meter diep en 5,00 meter breed)",Gelegen op het noordwesten bereikbaar via achterom,Vrijstaande stenen berging,Openbaar parkeren,910.0,38%,,,"Atag (gas gestookt combiketel uit 2020, eigendom)",,,,,,,,,,,,,,,,,,,,406527.79634136765,False,43472.20365863235,43472.20365863235
https://www.funda.nl/detail/koop/almere/huis-3-laagse-tussenwoning-bouwnr-35/43225026/,3-Laagse tussenwoning (Bouwnr. 35),,1362 LK,Almere,Olympiakwartier Oost (brt),600000.0,€ 4.545,Verkocht onder voorbehoud,"Eengezinswoning, tussenwoning",Nieuwbouw,Na 2020,,Plat dak,,132 m²,,,,106 m²,471 m³,5 kamers (4 slaapkamers),1 badkamer en 1 apart toilet,"Douche, toilet, en wastafel",3 woonlagen,Elektra,A+++,Geen isolatie,Stadsverwarming,Stadsverwarming,106 m²,,In woonwijk,Achtertuin,,,Vrijstaande houten berging,Openbaar parkeren,125.0,,,Woningborg Garantiecertificaat,,,,,,,,,,,,,,,,,,,,,615360.4862297539,True,-15360.486229753937,15360.486229753937
https://www.funda.nl/detail/koop/almere/huis-agatha-christiestraat-3/43310209/,Agatha Christiestraat,3.0,1349 NH,Almere,Oosterwold Zuid,691500.0,€ 7.516,Beschikbaar,"Bungalow, vrijstaande woning",Bestaande bouw,Na 2020,,Plat dak,,92 m²,,,4 m²,398 m²,276 m³,4 kamers (3 slaapkamers),1 badkamer en 1 apart toilet,Douche en wastafel,1 woonlaag,"Glasvezelkabel, mechanische ventilatie, en zonnepanelen",A++++,Volledig geïsoleerd,,,398 m²,Volle eigendom,"Aan park, in woonwijk en vrij uitzicht",Tuin rondom,,,Vrijstaande houten berging,Op eigen terrein,3.53,40%,€ 5.670,Woningborg Garantiecertificaat,,,,,,,,,€ 70 per maand,,,,,,,,,,,,696886.1784185383,True,-5386.1784185383,5386.1784185383
https://www.funda.nl/detail/koop/almere/huis-3-laagse-hoekwoning-bouwnr-41/43225006/,3-Laagse hoekwoning (Bouwnr. 41),,1362 LK,Almere,Olympiakwartier Oost (brt),620000.0,€ 4.769,Verkocht onder voorbehoud,"Eengezinswoning, hoekwoning",Nieuwbouw,Na 2020,,Plat dak,,130 m²,,,,,469 m³,5 kamers (4 slaapkamers),1 badkamer en 1 apart toilet,"Douche, toilet, en wastafel",3 woonlagen,Elektra,A+++,Geen isolatie,Stadsverwarming,Stadsverwarming,,,In woonwijk,Achtertuin,,,Vrijstaande houten berging,Openbaar parkeren,125.0,,,Woningborg Garantiecertificaat,,,,,,,,,,,,,,,,,,,,,620766.3635386672,True,-766.3635386672104,766.3635386672104
https://www.funda.nl/detail/koop/almere/huis-goethelaan-160/89765682/,Goethelaan,160.0,1349 EG,Almere,Oosterwold Zuid,549500.0,€ 8.081,Beschikbaar,"Bungalow, 2-onder-1-kapwoning",Bestaande bouw,2026,,,,68 m²,,,,1.320 m²,290 m³,3 kamers (2 slaapkamers),1 badkamer en 1 apart toilet,"Douche, wastafel, en wastafelmeubel",1 woonlaag,,A+++,Driedubbel glas en volledig geïsoleerd,,,1.320 m²,Volle eigendom,"Aan bosrand, aan rustige weg, in woonwijk en vrij uitzicht",Tuin rondom,,,,Op eigen terrein,3.53,40%,€ 5.670,,,,,,,,,,,,,,,,,,,,,,502877.5238208849,True,46622.476179115125,46622.476179115125
https://www.funda.nl/detail/koop/almere/huis-hoekwoning-type-a-bouwnr-5/43369206/,Hoekwoning Type A (Bouwnr. 5),,1325 VW,Almere,Laterna Magikapark,775000.0,€ 5.236,Beschikbaar,"Eengezinswoning, hoekwoning",Nieuwbouw,Na 2020,,,,148 m²,,,,244 m²,400 m³,5 kamers (4 slaapkamers),1 badkamer en 2 aparte toiletten,Inloopdouche,3 woonlagen,,A++,,Stadsverwarming,Centrale voorziening,244 m²,,Aan park,,,,Vrijstaande houten berging,,20.0,,,,,Aangebouwde stenen garage,1 auto,,,,,,,,,,,,,,,,,,703406.4754452223,True,71593.52455477766,71593.52455477766
https://www.funda.nl/detail/koop/almere/huis-twee-onder-een-kap-bouwnr-7/89679603/,Twee-onder-één-kap (Bouwnr. 7),,1361 BS,Almere,Duin Zuid,960000.0,€ 5.363,Beschikbaar,"Eengezinswoning, 2-onder-1-kapwoning",Nieuwbouw,2026,,,,179 m²,,61 m²,5 m²,218 m²,465 m³,5 kamers (4 slaapkamers),1 badkamer en 1 apart toilet,,3 woonlagen,Elektra,A++,,Stadsverwarming,,218 m²,,,,,,Aangebouwde houten berging,Op eigen terrein,2.055,30%,€ 5.624,,,,,,,,,,,,,,,,,,,,,,955075.4543370293,True,4924.545662970748,4924.545662970748
https://www.funda.nl/detail/koop/almere/huis-jozef-israelslaan-84/89764997/,Jozef Israëlslaan,84.0,1318 RN,Almere,Tussen de Vaarten N.- Oost,685000.0,€ 3.806,Beschikbaar,"Eengezinswoning, geschakelde 2-onder-1-kapwoning",Bestaande bouw,2000,Dubbele bewoning mogelijk,Lessenaardak bedekt met bitumineuze dakbedekking en pannen,,180 m²,26 m²,,18 m²,241 m²,669 m³,6 kamers (5 slaapkamers),1 badkamer en 1 apart toilet,"Douche, ligbad, toilet, en wastafel",3 woonlagen,"Elektrische deur, elektra, verwarming en stromend water",A,Geen isolatie,"Houtkachel, stadsverwarming en warmte terugwininstallatie",Stadsverwarming,241 m²,Volle eigendom,Aan rustige weg en in woonwijk,Achtertuin en voortuin,"79 m² (8,90 meter diep en 8,92 meter breed)",Gelegen op het zuidoosten,,Op eigen terrein en openbaar parkeren,1.94,51%,€ 4.183,,,Inpandig,1 auto,,,,,,,,,,,,,,,,,,694722.0735055085,True,-9722.07350550848,9722.07350550848
https://www.funda.nl/detail/koop/almere/huis-klavergriend-75-a/89717502/,Klavergriend 75-A,,1356 KE,Almere,"Klavergriend, Klippriend en Wilgengriend",750000.0,€ 4.630,Verkocht onder voorbehoud,"Eengezinswoning, 2-onder-1-kapwoning",Bestaande bouw,1990,Dubbele bewoning mogelijk,Dwarskap bedekt met pannen,,162 m²,9 m²,3 m²,13 m²,511 m²,605 m³,8 kamers (5 slaapkamers),1 badkamer en 1 apart toilet,"Dubbele wastafel, inloopdouche, toilet, vloerverwarming, en wastafelmeubel",2 woonlagen,Elektra,A++,"Dakisolatie, dubbel glas, kierdichting, muurisolatie en vloerisolatie","Cv-ketel, elektrische verwarming, gedeeltelijke vloerverwarming en warmtepomp",Cv-ketel,511 m²,Volle eigendom,"Aan bosrand, aan rustige weg, in bosrijke omgeving en in woonwijk","Achtertuin, voortuin en zijtuin",,,Vrijstaande houten berging,Op eigen terrein en openbaar parkeren,910.0,38%,,Energie Prestatie Advies,"Gas gestookt, eigendom",,,,Toegankelijk voor mensen met een beperking en toegankelijk voor ouderen,,,,,,,,,,,,,,,,684572.4606164097,False,65427.53938359034,65427.53938359034
https://www.funda.nl/detail/koop/almere/huis-terschellingstraat-42/43939084/,Terschellingstraat,42.0,1339 TE,Almere,Eilandenbuurt Noord,400000.0,€ 4.598,Beschikbaar,"Eengezinswoning, tussenwoning",Bestaande bouw,2002,Gedeeltelijk gestoffeerd,Plat dak bedekt met bitumineuze dakbedekking,,87 m²,,,7 m²,144 m²,293 m³,3 kamers (2 slaapkamers),1 badkamer en 1 apart toilet,"Douche, dubbele wastafel, toilet, en wastafelmeubel",2 woonlagen,Elektra,A,Geen isolatie,Cv-ketel,Cv-ketel,144 m²,Volle eigendom,Aan rustige weg en in woonwijk,Achtertuin en voortuin,"65 m² (13,00 meter diep en 5,00 meter breed)",Gelegen op het noordoosten bereikbaar via achterom,Vrijstaande houten berging,Openbaar parkeren,1.445,47%,€ 4.129,,"Remeha (2002, eigendom)",,,,,,,,,,,,,,,,,,,,356853.449820215,True,43146.550179785,43146.550179785
https://www.funda.nl/detail/koop/almere/huis-vrijstaande-bungalow-bouwnr-348/43251793/,Vrijstaande Bungalow (Bouwnr. 348),,1349 NC,Almere,Oosterwold Zuid,730000.0,€ 7.935,Verkocht onder voorbehoud,"Bungalow, vrijstaande woning",Nieuwbouw,2026,,,,92 m²,,,,516 m²,276 m³,4 kamers (3 slaapkamers),1 badkamer en 1 apart toilet,,1 woonlaag,,Niet beschikbaar,,,,516 m²,,In bosrijke omgeving,,,,,Op eigen terrein,3.53,40%,€ 5.670,,,,,,,,,,,,,,,,,,,,,,689921.8658490449,True,40078.13415095513,40078.13415095513
https://www.funda.nl/detail/koop/almere/huis-chamoisstraat-30/43321302/,Chamoisstraat,30.0,1339 GP,Almere,Regenboogbuurt West,630000.0,€ 3.987,Beschikbaar,"Eengezinswoning, geschakelde woning",Bestaande bouw,1998,Gedeeltelijk gestoffeerd,Plat dak,,158 m²,19 m²,45 m²,4 m²,216 m²,616 m³,7 kamers (5 slaapkamers),2 badkamers en 2 aparte toiletten,"2 dubbele wastafels, ligbad, en douche",3 woonlagen,Elektra,B,Dubbel glas,Cv-ketel,Cv-ketel,216 m²,Volle eigendom,"Aan rustige weg, in woonwijk en open ligging",Achtertuin en voortuin,"74 m² (8,75 meter diep en 8,50 meter breed)",Gelegen op het zuiden,Vrijstaande houten berging,Op eigen terrein,1.81,46%,€ 3.710,,Itho Daalderop ( combiketel uit 2013),Aangebouwde stenen garage en inpandig,1 auto,,,Dakterras aanwezig en balkon aanwezig,,,,,,,,,,,,,,,631735.551338515,True,-1735.5513385150116,1735.5513385150116
https://www.funda.nl/detail/koop/almere/huis-a-roland-holststraat-85/43371007/,A. Roland Holststraat,85.0,1321 TS,Almere,Literatuurwijk Noordwest,585000.0,€ 4.034,Verkocht onder voorbehoud,"Eengezinswoning, hoekwoning",Bestaande bouw,2000,,Lessenaardak bedekt met pannen,,145 m²,,,9 m²,220 m²,478 m³,5 kamers (4 slaapkamers),1 badkamer en 1 apart toilet,"Inloopdouche, toilet, vloerverwarming, en wastafelmeubel",3 woonlagen,Elektra,A+,Geen isolatie,"Open haard, stadsverwarming en gedeeltelijke vloerverwarming",Centrale voorziening,220 m²,Volle eigendom,Aan rustige weg en in woonwijk,"Achtertuin, voortuin en zijtuin","0,09 meter diep en 0,08 meter breed",Gelegen op het oosten,Vrijstaande houten berging,Openbaar parkeren,2.025,58%,€ 3.834,,,,,,,,,,,,,,,,,,,,,,578686.6293699713,True,6313.370630028658,6313.370630028658
https://www.funda.nl/detail/koop/almere/huis-mastgatpad-34/43313059/,Mastgatpad,34.0,1316 NS,Almere,Waterwijk Midden,375000.0,€ 3.606,Beschikbaar,"Eengezinswoning, hoekwoning",Bestaande bouw,1984,,Zadeldak bedekt met pannen,,104 m²,,,10 m²,132 m²,364 m³,5 kamers (4 slaapkamers),1 badkamer en 1 apart toilet,"Douche, toilet, en wastafel",3 woonlagen,,B,Geen isolatie,Stadsverwarming,Stadsverwarming,132 m²,Volle eigendom,In woonwijk en vrij uitzicht,Achtertuin,"55 m² (10,00 meter diep en 5,50 meter breed)",Gelegen op het zuidoosten bereikbaar via achterom,Vrijstaande houten berging,Openbaar parkeren,1.75,39%,€ 4.036,,,,,,,,,,,,,,,,,,,,,,400065.1553567271,True,-25065.155356727075,25065.155356727075
https://www.funda.nl/detail/koop/almere/huis-barneveldpad-19/43366204/,Barneveldpad,19.0,1324 JJ,Almere,Stedenwijk Midden-oost,450000.0,€ 3.947,Verkocht,"Eengezinswoning, tussenwoning",Bestaande bouw,1982,,Zadeldak bedekt met pannen,,114 m²,,17 m²,6 m²,139 m²,384 m³,5 kamers (4 slaapkamers),2 badkamers en 1 apart toilet,"2 inloopdouches, 2 toiletten, 2 wastafelmeubels, en whirlpool",2 woonlagen en een zolder,Elektra,A,"Dakisolatie, HR-glas, muurisolatie en vloerisolatie",Stadsverwarming,Stadsverwarming,139 m²,,In woonwijk,Achtertuin en voortuin,"55 m² (9,97 meter diep en 5,47 meter breed)",Gelegen op het noordoosten bereikbaar via achterom,Vrijstaande stenen berging,Openbaar parkeren,2.785,29%,€ 4.012,,,,,,,,,,,,,2 april 2026,4 weken,€ 450.000 kosten koper,,,,,,,436523.47501472663,False,13476.524985273369,13476.524985273369
https://www.funda.nl/detail/koop/almere/huis-stopperknoop-27/89748919/,Stopperknoop,27.0,1319 GK,Almere,Noorderplassen W.- Noord,795000.0,€ 5.230,Beschikbaar,"Herenhuis, hoekwoning",Bestaande bouw,2010,,Plat dak bedekt met bitumineuze dakbedekking,,152 m²,,50 m²,,267 m²,592 m³,7 kamers (4 slaapkamers),2 badkamers en 2 aparte toiletten,"Dubbele wastafel, inloopdouche, ligbad, douche, toilet, en wastafel",4 woonlagen,"Airconditioning, glasvezelkabel, mechanische ventilatie, natuurlijke ventilatie, TV kabel, en zonnepanelen",A+,Volledig geïsoleerd,Stadsverwarming en gehele vloerverwarming,Stadsverwarming,267 m²,Volle eigendom,"Aan rustige weg, in woonwijk en vrij uitzicht","Achtertuin, tuin rondom en zijtuin","95 m² (10,32 meter diep en 9,25 meter breed)",Gelegen op het zuidoosten bereikbaar via achterom,,Op eigen terrein,1.245,67%,€ 5.126,,,,,,,Dakterras aanwezig,,,,,,,,,,,,,,,683756.0745547176,False,111243.92544528237,111243.92544528237
https://www.funda.nl/detail/koop/almere/huis-isadora-duncanweg-55/43309898/,Isadora Duncanweg,55.0,1326 SN,Almere,Danswijk Zuidoost,400000.0,€ 4.255,Beschikbaar,"Eengezinswoning, tussenwoning",Bestaande bouw,1997,,Zadeldak,,94 m²,,,8 m²,132 m²,339 m³,5 kamers (4 slaapkamers),1 badkamer en 1 apart toilet,Wastafel en zitbad,3 woonlagen,Elektra,A,Volledig geïsoleerd,Stadsverwarming,Stadsverwarming,132 m²,Volle eigendom,In woonwijk en open ligging,Achtertuin en voortuin,"48 m² (10,60 meter diep en 4,50 meter breed)",Gelegen op het westen bereikbaar via achterom,Vrijstaande houten berging,Openbaar parkeren,1.165,55%,,,,,,,,,,,,,,,,,,,,,,,390054.58508183656,False,9945.414918163442,9945.414918163442
https://www.funda.nl/detail/koop/almere/huis-jj-slauerhoffstraat-221/89502965/,J.J. Slauerhoffstraat,221.0,1321 RG,Almere,Literatuurwijk Midden-west,549000.0,€ 4.392,Onder bod,"Eengezinswoning, tussenwoning",Bestaande bouw,2001,,Zadeldak bedekt met pannen,,125 m²,17 m²,,7 m²,131 m²,390 m³,6 kamers (5 slaapkamers),1 badkamer en 1 apart toilet,"Dubbele wastafel, inloopdouche, en toilet",3 woonlagen en een vliering,"Glasvezelkabel, mechanische ventilatie, TV kabel, en zonnepanelen",A+++,"Dakisolatie, dubbel glas, muurisolatie en vloerisolatie",Stadsverwarming,Stadsverwarming,131 m²,Volle eigendom,In woonwijk,Achtertuin en voortuin,,,Aangebouwde houten berging,Openbaar parkeren,2.055,48%,€ 4.120,,,,,,,,,,,,,,,,,,,,,,534245.4850939014,True,14754.5149060986,14754.5149060986
https://www.funda.nl/detail/koop/almere/huis-parijsstraat-56/43313484/,Parijsstraat,56.0,1334 CR,Almere,Centrum Almere Buiten Noord,425000.0,€ 4.474,Beschikbaar,"Eengezinswoning, hoekwoning",Bestaande bouw,1986,Gedeeltelijk gestoffeerd,Plat dak bedekt met bitumineuze dakbedekking,,95 m²,,11 m²,11 m²,177 m²,326 m³,4 kamers (3 slaapkamers),1 badkamer en 1 apart toilet,"Sauna, douche, ligbad, toilet, wastafel, en wastafelmeubel",2 woonlagen,Elektra,B,Geen isolatie,Cv-ketel en gedeeltelijke vloerverwarming,Cv-ketel,46 m²,Volle eigendom,Aan rustige weg en in woonwijk,"Achtertuin, voortuin en zijtuin","75 m² (15,00 meter diep en 5,00 meter breed)",Gelegen op het noordoosten bereikbaar via achterom,Vrijstaande stenen berging,Openbaar parkeren,1.56,25%,€ 3.790,,"Intergas (2015, eigendom)",,,,,,,,,,,,,,,,,,,,392493.06151569507,True,32506.938484304934,32506.938484304934
https://www.funda.nl/detail/koop/almere/huis-wm-dudokstraat-10/43240554/,W.M. Dudokstraat,10.0,1333 LR,Almere,Bedrijventerrein Bouwmeesterbuurt,650000.0,€ 4.887,Beschikbaar,"Herenhuis, 2-onder-1-kapwoning",Bestaande bouw,2007,Dubbele bewoning mogelijk en gedeeltelijk gestoffeerd,Samengesteld dak bedekt met bitumineuze dakbedekking en pannen,,133 m²,46 m²,,9 m²,462 m²,564 m³,5 kamers (3 slaapkamers),1 badkamer en 1 apart toilet,"Douche, ligbad, toilet, en wastafel",2 woonlagen,"Glasvezelkabel, mechanische ventilatie, schuifpui, en TV kabel",A,Geen isolatie,Cv-ketel en gedeeltelijke vloerverwarming,Cv-ketel,462 m²,Volle eigendom,In woonwijk en vrij uitzicht,Achtertuin en voortuin,"180 m² (15,00 meter diep en 12,00 meter breed)",Gelegen op het noordoosten,Vrijstaande houten berging,Op eigen terrein en openbaar parkeren,50.0,25%,,,"Intergas (gas gestookt uit 2013, eigendom)",Parkeerplaats,,,,,,,,,,,,,,,,,,"46 m², aangebouwd",640216.2399273185,True,9783.76007268147,9783.76007268147
https://www.funda.nl/detail/koop/almere/huis-hermesstraat-19/89732599/,Hermesstraat,19.0,1363 TP,Almere,Homeruskwartier Midden,675000.0,€ 4.412,Beschikbaar,"Eengezinswoning, vrijstaande woning",Bestaande bouw,2011,Gestoffeerd,Zadeldak bedekt met pannen,,153 m²,,,6 m²,144 m²,549 m³,4 kamers (3 slaapkamers),1 badkamer en 1 apart toilet,"Inloopdouche, ligbad, toilet, wastafel, en wastafelmeubel",3 woonlagen,Elektra,A,Volledig geïsoleerd,Open haard en stadsverwarming,Stadsverwarming,144 m²,Volle eigendom,Aan rustige weg en in woonwijk,Achtertuin en zijtuin,"55 m² (8,50 meter diep en 6,50 meter breed)",Gelegen op het zuidoosten bereikbaar via achterom,Vrijstaande houten berging,Openbaar parkeren,2.625,44%,€ 4.691,,,,,,,,,,,,,,,,,,,,,,776164.6532548062,True,-101164.65325480618,101164.65325480618
https://www.funda.nl/detail/koop/almere/huis-kruidnagelstraat-23/89750250/,Kruidnagelstraat,23.0,1313 ET,Almere,Kruidenwijk Midden-west,495000.0,€ 3.929,Verkocht onder voorbehoud,"Eengezinswoning, tussenwoning",Bestaande bouw,1986,Gedeeltelijk gestoffeerd,Zadeldak bedekt met pannen,,126 m²,,,5 m²,136 m²,490 m³,6 kamers (5 slaapkamers),2 badkamers en 1 apart toilet,"2 douches, 2 wastafels, ligbad, toilet, wastafelmeubel, en whirlpool",3 woonlagen,Elektra,A,Geen isolatie,Stadsverwarming,Stadsverwarming,136 m²,Volle eigendom,Aan rustige weg en in woonwijk,Achtertuin en voortuin,"50 m² (9,00 meter diep en 5,50 meter breed)",Gelegen op het zuidwesten bereikbaar via achterom,Vrijstaande houten berging,Op eigen terrein en openbaar parkeren,1.345,37%,€ 4.082,,,,,,,,,,,,,,,,,,,,,,462841.3402468369,True,32158.659753163112,32158.659753163112
https://www.funda.nl/detail/koop/almere/huis-helmstok-33/89743996/,Helmstok,33.0,1319 CK,Almere,Noorderplassen W.-Zuid,635000.0,€ 4.019,Verkocht onder voorbehoud,"Eengezinswoning, hoekwoning",Bestaande bouw,2007,,,,158 m²,,,7 m²,,561 m³,6 kamers (5 slaapkamers),2 badkamers en 1 apart toilet,"2 douches, dubbele wastafel, ligbad, 2 toiletten, en 2 wastafelmeubels",3 woonlagen,Elektra,A+,Dubbel glas en volledig geïsoleerd,Stadsverwarming,Stadsverwarming,,Volle eigendom,"Aan rustige weg, aan vaarwater, in woonwijk, open ligging en vrij uitzicht",Achtertuin en voortuin,"60 m² (9,33 meter diep en 6,39 meter breed)",Gelegen op het zuidwesten bereikbaar via achterom,Vrijstaande stenen berging,Op afgesloten terrein en op eigen terrein,2.185,51%,€ 3.998,,,,,,,,,,€ 209 per maand,,,,,,,,,,,,656220.2412760172,True,-21220.241276017157,21220.241276017157
https://www.funda.nl/detail/koop/almere/huis-vrijstaande-bungalow-bouwnr-337/43251703/,Vrijstaande Bungalow (Bouwnr. 337),,1349 NC,Almere,Oosterwold Zuid,691500.0,€ 7.516,Beschikbaar,"Bungalow, vrijstaande woning",Nieuwbouw,2026,,,,92 m²,,,,398 m²,276 m³,4 kamers (3 slaapkamers),1 badkamer en 1 apart toilet,,1 woonlaag,,Niet beschikbaar,,,,398 m²,,In bosrijke omgeving,,,,,Op eigen terrein,3.53,40%,€ 5.670,,,,,,,,,,,,,,,,,,,,,,689921.8658490449,False,1578.1341509551276,1578.1341509551276
https://www.funda.nl/detail/koop/almere/huis-buizerd-bouwnr-32/43132928/,Buizerd (Bouwnr. 32),,1358 EL,Almere,Overgooi (brt),1145000.0,€ 6.123,Verkocht onder voorbehoud,"Villa, vrijstaande woning",Nieuwbouw,Na 2020,,,,187 m²,,,,1.663 m²,710 m³,1 kamer,,,1 woonlaag,Zonnepanelen,Niet beschikbaar,Volledig geïsoleerd,,,1.663 m²,,"Aan bosrand, aan rustige weg, in bosrijke omgeving, landelijk gelegen, open ligging en vrij uitzicht",Tuin rondom,,,,Op eigen terrein,720.0,46%,€ 5.136,,,Parkeerplaats,,,,,,,,,,,,,,,,,,,1135822.4691644656,True,9177.530835534446,9177.530835534446
https://www.funda.nl/detail/koop/almere/huis-vergulde-draakstraat-33/43180179/,Vergulde Draakstraat,33.0,1335 WL,Almere,Oostvaardersbuurt Oost,1495000.0,€ 3.863,Beschikbaar,"Villa, vrijstaande woning",Bestaande bouw,2003,,Samengesteld dak bedekt met pannen,,387 m²,38 m²,9 m²,,977 m²,1.407 m³,8 kamers (5 slaapkamers),1 apart toilet,Sauna,2 woonlagen en een zolder,"Elektrische deur, elektra, verwarming en stromend water",A,Volledig geïsoleerd,"Cv-ketel, gashaard en gedeeltelijke vloerverwarming",Cv-ketel,977 m²,Volle eigendom,"Aan rustige weg, aan water en in woonwijk","Achtertuin, tuin rondom, voortuin en zijtuin","384 m² (16,00 meter diep en 24,00 meter breed)",Gelegen op het zuidwesten,,Op eigen terrein,2.165,54%,€ 3.598,Politiekeurmerk,"Atag (gas gestookt combiketel uit 2025, eigendom)",Aangebouwde stenen garage,2 auto's,,,,,,,,,,,,,,,,,,1369789.6528017172,False,125210.34719828283,125210.34719828283
https://www.funda.nl/detail/koop/almere/huis-boxtelplein-23/43363633/,Boxtelplein,23.0,1324 XH,Almere,Stedenwijk Zuid,475000.0,€ 3.299,Onder bod,"Eengezinswoning, tussenwoning",Bestaande bouw,1983,,Zadeldak bedekt met pannen,,144 m²,,,11 m²,136 m²,509 m³,5 kamers (4 slaapkamers),2 badkamers en 1 apart toilet,"Dubbele wastafel, inloopdouche, ligbad, 2 toiletten, vloerverwarming, 2 wastafelmeubels, douche, en wastafel",3 woonlagen,"Balansventilatie, frans balkon, glasvezelkabel, mechanische ventilatie, en natuurlijke ventilatie",A,,Stadsverwarming,Stadsverwarming,136 m²,Volle eigendom,"Aan rustige weg, in centrum, in woonwijk en vrij uitzicht",Achtertuin en voortuin,"1 m² (0,12 meter diep en 5,50 meter breed)",Gelegen op het zuiden bereikbaar via achterom,Vrijstaande houten berging,Op eigen terrein,2.22,38%,€ 3.744,,,,,,,Frans balkon aanwezig,,,,,,,,,,,,,,,437539.0349671849,True,37460.96503281512,37460.96503281512
https://www.funda.nl/detail/koop/almere/huis-hofmark-240/89728825/,Hofmark,240.0,1355 HT,Almere,"Hofmark, Redemark en Sportmark",345000.0,€ 2.974,Onder bod,"Eengezinswoning, hoekwoning",Bestaande bouw,1978,Gestoffeerd,Zadeldak bedekt met bitumineuze dakbedekking,,116 m²,,,7 m²,123 m²,405 m³,5 kamers (4 slaapkamers),1 badkamer en 1 apart toilet,"Douche, ligbad, toilet, en wastafel",3 woonlagen,Elektra,C,Dubbel glas en volledig geïsoleerd,Cv-ketel,Cv-ketel,123 m²,Volle eigendom,Aan rustige weg en in woonwijk,Achtertuin,"63 m² (11,90 meter diep en 5,30 meter breed)",Gelegen op het westen bereikbaar via achterom,Vrijstaande stenen berging,Openbaar parkeren,1.39,38%,€ 3.688,,,,,,,,,,,,,,,,,,,,,,410124.49066211545,True,-65124.49066211545,65124.49066211545
https://www.funda.nl/detail/koop/almere/huis-mantegnaplantsoen-16/43355980/,Mantegnaplantsoen,16.0,1328 VK,Almere,Tussen de Vaarten Z.- Zuidoost,425000.0,€ 5.000,Beschikbaar,"Eengezinswoning, tussenwoning",Bestaande bouw,2003,Gedeeltelijk gestoffeerd,Plat dak bedekt met bitumineuze dakbedekking,,85 m²,,,6 m²,104 m²,286 m³,3 kamers (2 slaapkamers),1 badkamer en 1 apart toilet,"Douche, toilet, en wastafelmeubel",2 woonlagen,Mechanische ventilatie,A,Dubbel glas,Stadsverwarming,Stadsverwarming,104 m²,Volle eigendom,"In woonwijk, open ligging en vrij uitzicht",Achtertuin en voortuin,"33 m² (7,50 meter diep en 4,37 meter breed)",Gelegen op het zuidoosten bereikbaar via achterom,Vrijstaande houten berging,Openbaar parkeren,1.495,42%,€ 4.229,,,,,,,,,,,,,,,,,,,,,,364135.60490621557,True,60864.395093784435,60864.395093784435
https://www.funda.nl/detail/koop/almere/huis-kolkgriend-59/43319595/,Kolkgriend,59.0,1356 BD,Almere,Kolkgriend en Oostgriend,395000.0,€ 3.465,Beschikbaar,"Eengezinswoning, tussenwoning",Bestaande bouw,1980,,Samengesteld dak bedekt met bitumineuze dakbedekking en pannen,,114 m²,,3 m²,23 m²,151 m²,380 m³,5 kamers (4 slaapkamers),1 badkamer en 1 apart toilet,"Bidet, douche, dubbele wastafel, toilet, en wastafelmeubel",3 woonlagen,Buitenzonwering,C,,Cv-ketel,Cv-ketel en elektrische boiler,151 m²,Volle eigendom,"Aan rustige weg, in bosrijke omgeving, in woonwijk en open ligging",Achtertuin en voortuin,"66 m² (11,00 meter diep en 6,00 meter breed)",Gelegen op het zuidoosten bereikbaar via achterom,Vrijstaande stenen berging,Openbaar parkeren,880.0,37%,€ 3.814,,"Gas gestookt combiketel uit 2023, eigendom",Carport,,,,Balkon aanwezig,,,,,,,,,,,,,,,408672.46012323204,True,-13672.460123232042,13672.460123232042
https://www.funda.nl/detail/koop/almere/huis-dionysusstraat-86/43231800/,Dionysusstraat,86.0,1363 TN,Almere,Homeruskwartier Midden,450000.0,€ 5.294,Onder bod,"Eengezinswoning, halfvrijstaande woning",Bestaande bouw,2019,,Plat dak bedekt met bitumineuze dakbedekking,,85 m²,,32 m²,,68 m²,305 m³,4 kamers (3 slaapkamers),1 badkamer en 1 apart toilet,"Inloopdouche, ligbad, toilet, wastafel, en wastafelmeubel",2 woonlagen,"Mechanische ventilatie, natuurlijke ventilatie, schuifpui, TV kabel, en zonnepanelen",A+,Volledig geïsoleerd,Stadsverwarming en gedeeltelijke vloerverwarming,Stadsverwarming,68 m²,Volle eigendom,In woonwijk,Achtertuin,"21 m² (3,50 meter diep en 6,00 meter breed)",Gelegen op het zuidwesten,,Openbaar parkeren,2.625,44%,€ 4.691,,,,,,,,,,,,,,,,,,,,,,512943.6466750954,True,-62943.64667509543,62943.64667509543
https://www.funda.nl/detail/koop/almere/huis-frans-halsweg-5/43378164/,Frans Halsweg,5.0,1318 NW,Almere,Tussen de Vaarten N.- Oost,450000.0,€ 4.018,Beschikbaar,"Eengezinswoning, hoekwoning",Bestaande bouw,2000,Gedeeltelijk gestoffeerd,Lessenaardak,,112 m²,,,27 m²,205 m²,397 m³,4 kamers (3 slaapkamers),1 badkamer en 1 apart toilet,"Douche, toilet, wastafel, en wastafelmeubel",2 woonlagen en een zolder,Elektra,A,"Dakisolatie, dubbel glas, HR-glas, muurisolatie, vloerisolatie en volledig geïsoleerd",Stadsverwarming,Centrale voorziening,205 m²,Volle eigendom,Aan rustige weg en in woonwijk,"Achtertuin, voortuin en zijtuin","110 m² (11,00 meter diep en 10,00 meter breed)",Gelegen op het noordwesten bereikbaar via achterom,Vrijstaande houten berging,Op eigen terrein en openbaar parkeren,1.94,51%,€ 4.183,,,Parkeerplaats,,,,,,,,,,,,,,,,,,,469561.6497859333,True,-19561.649785933318,19561.649785933318
https://www.funda.nl/detail/koop/almere/huis-smaragdhof-21/43310641/,Smaragdhof,21.0,1339 HR,Almere,Regenboogbuurt Zuid,510000.0,€ 3.091,Beschikbaar,"Eengezinswoning, tussenwoning",Bestaande bouw,1997,Gedeeltelijk gestoffeerd,Lessenaardak,,165 m²,,,,253 m²,585 m³,6 kamers (3 slaapkamers),1 badkamer en 1 apart toilet,"Ligbad, toilet, en wastafel",2 woonlagen en een zolder,Elektra en verwarming,A,Dakisolatie,Cv-ketel,Cv-ketel,253 m²,Volle eigendom,Aan rustige weg en in woonwijk,Achtertuin en voortuin,"100 m² (10,50 meter diep en 9,50 meter breed)",Gelegen op het noordoosten,Inpandig,Op eigen terrein en openbaar parkeren,1.07,47%,€ 3.634,Energie Prestatie Advies,"Gas gestookt combiketel uit 2016, eigendom",,,,,,,,,,,,,,,,,,,,625959.6185157117,True,-115959.61851571174,115959.61851571174
https://www.funda.nl/detail/koop/almere/huis-de-vlet-tussenwoning-bouwnr-320/43155621/,De Vlet - Tussenwoning (Bouwnr. 320),,1349 NC,Almere,Oosterwold Zuid,379000.0,€ 6.649,Verkocht onder voorbehoud,"Eengezinswoning, tussenwoning",Nieuwbouw,2025,,Plat dak,,57 m²,,,4 m²,104 m²,270 m³,3 kamers (2 slaapkamers),1 badkamer,Douche en wastafel,2 woonlagen,Zonnepanelen,A++++,HR-glas en volledig geïsoleerd,Gehele vloerverwarming en warmtepomp,,104 m²,,"Aan rustige weg, in woonwijk, landelijk gelegen en vrij uitzicht",Achtertuin,,,Vrijstaande houten berging,Openbaar parkeren,3.53,40%,€ 5.670,,,,,,,,,,,,,,,,,,,,,,356475.32239472313,True,22524.67760527687,22524.67760527687
https://www.funda.nl/detail/koop/almere/huis-4-laagse-tussenwoning-bouwnr-18/43225046/,4-Laagse tussenwoning (Bouwnr. 18),,1362 LK,Almere,Olympiakwartier Oost (brt),595000.0,€ 4.648,Onder optie,"Eengezinswoning, tussenwoning",Nieuwbouw,Na 2020,,Plat dak,,128 m²,,,,,468 m³,6 kamers (4 slaapkamers),1 badkamer en 1 apart toilet,"Douche, toilet, en wastafel",4 woonlagen,Elektra,A++,Geen isolatie,Stadsverwarming,Stadsverwarming,,,In woonwijk,Achtertuin,,,Vrijstaande houten berging,Openbaar parkeren,125.0,,,Woningborg Garantiecertificaat,,,,,,,,,,,,,,,,,,,,,582538.1337148505,True,12461.866285149474,12461.866285149474
https://www.funda.nl/detail/koop/almere/huis-john-fernhoutstraat-42/43242217/,John Fernhoutstraat,42.0,1325 PE,Almere,Filmwijk Midden,500000.0,€ 3.876,Beschikbaar,"Eengezinswoning, hoekwoning",Bestaande bouw,1995,,,,129 m²,,17 m²,9 m²,147 m²,456 m³,4 kamers (3 slaapkamers),1 badkamer en 1 apart toilet,"Douche, toilet, en wastafelmeubel",3 woonlagen,Elektra,A,"Dakisolatie, dubbel glas, HR-glas, muurisolatie en vloerisolatie",Stadsverwarming,,147 m²,Volle eigendom,In woonwijk,Achtertuin en voortuin,"72 m² (12,00 meter diep en 6,00 meter breed)",Gelegen op het zuiden bereikbaar via achterom,Vrijstaande houten berging,,1.95,48%,€ 4.045,,,,,,,Dakterras aanwezig,,,,,,,,,,,,,,,522604.4238239872,True,-22604.423823987192,22604.423823987192
https://www.funda.nl/detail/koop/almere/huis-quickstepstraat-53/89753789/,Quickstepstraat,53.0,1326 PW,Almere,Danswijk Noordoost,439500.0,€ 3.822,Beschikbaar,"Eengezinswoning, tussenwoning",Bestaande bouw,1997,,Zadeldak,,115 m²,,20 m²,7 m²,138 m²,409 m³,5 kamers (4 slaapkamers),1 badkamer,"Ligbad, toilet, en wastafel",2 woonlagen en een zolder,Elektra,Niet beschikbaar,,Stadsverwarming,Stadsverwarming,138 m²,Volle eigendom,,Achtertuin en voortuin,,Gelegen op het zuidoosten,Vrijstaande houten berging,Openbaar parkeren,2.16,48%,€ 4.216,,,,,,,,,,,,"75 m² (0,15 meter diep en 0,05 meter breed)",,,,,,,,,,442410.9799095706,True,-2910.9799095705966,2910.9799095705966
https://www.funda.nl/detail/koop/almere/huis-esdoornplantsoen-116/89767209/,Esdoornplantsoen,116.0,1326 CA,Almere,Parkwijk Noordoost,575000.0,€ 4.078,Beschikbaar,"Eengezinswoning, 2-onder-1-kapwoning",Bestaande bouw,1995,Gestoffeerd,Zadeldak bedekt met pannen,,141 m²,16 m²,2 m²,7 m²,264 m²,535 m³,5 kamers (4 slaapkamers),1 badkamer en 1 apart toilet,"Dubbele wastafel, inloopdouche, toilet, en wastafelmeubel",3 woonlagen,Elektra,A,Dubbel glas en volledig geïsoleerd,Stadsverwarming,Stadsverwarming,264 m²,Volle eigendom,Aan rustige weg en in woonwijk,Achtertuin en voortuin,"108 m² (12,00 meter diep en 9,00 meter breed)",Gelegen op het westen bereikbaar via achterom,Vrijstaande houten berging,Op eigen terrein en openbaar parkeren,1.875,47%,€ 3.881,,,Aangebouwde stenen garage,1 auto,,,,,,,,,,,,,,,,,,613033.7229237253,True,-38033.72292372526,38033.72292372526
https://www.funda.nl/detail/koop/almere/huis-james-stewartstraat-65/89630998/,James Stewartstraat,65.0,1325 JB,Almere,Filmwijk Bouwrai Zuid,585000.0,€ 4.062,Verkocht onder voorbehoud,"Eengezinswoning, hoekwoning",Bestaande bouw,1992,,Plat dak bedekt met bitumineuze dakbedekking,,144 m²,,31 m²,4 m²,256 m²,472 m³,5 kamers (3 slaapkamers),2 badkamers en 1 apart toilet,"2 inloopdouches, 2 wastafelmeubels, en toilet",3 woonlagen,Elektra,A+,HR-glas en volledig geïsoleerd,Stadsverwarming,Stadsverwarming,256 m²,Volle eigendom,"Aan park, aan rustige weg, in woonwijk en vrij uitzicht",Achtertuin en voortuin,,,Vrijstaande houten berging,Betaald parkeren en op eigen terrein,1.535,30%,€ 4.162,,,,,,,Dakterras aanwezig en balkon aanwezig,,,,,,,,,,,,,,,594090.796969118,True,-9090.796969117946,9090.796969117946
https://www.funda.nl/detail/koop/almere/huis-tussenwoning-bouwnr-10/89679592/,Tussenwoning (Bouwnr. 10),,1361 BS,Almere,Duin Zuid,785000.0,€ 4.937,Beschikbaar,"Eengezinswoning, tussenwoning",Nieuwbouw,2026,,,,159 m²,,41 m²,5 m²,149 m²,413 m³,5 kamers (4 slaapkamers),1 badkamer en 1 apart toilet,,3 woonlagen,Elektra,A++,,Stadsverwarming,,149 m²,,,,,,Aangebouwde houten berging,Op eigen terrein,2.055,30%,€ 5.624,,,,,,,,,,,,,,,,,,,,,,802194.3465336578,True,-17194.34653365775,17194.34653365775
https://www.funda.nl/detail/koop/almere/huis-trommelstraat-62/89426177/,Trommelstraat,62.0,1312 WH,Almere,Muziekwijk N.-Noordwest,450000.0,€ 4.206,Onder bod,"Eengezinswoning, tussenwoning",Bestaande bouw,1992,,,,107 m²,,15 m²,6 m²,125 m²,355 m³,5 kamers (4 slaapkamers),,,2 woonlagen,,A++,,,,125 m²,,,Achtertuin en voortuin,,,,,1.185,46%,€ 3.799,,,,,,,,,,,,,,,,,,,,,,468572.32850202324,True,-18572.328502023243,18572.328502023243
https://www.funda.nl/detail/koop/almere/huis-elvis-presleystraat-50/43300402/,Elvis Presleystraat,50.0,1311 HS,Almere,Muziekwijk N.-Zuidwest,465000.0,€ 3.750,Beschikbaar,"Eengezinswoning, tussenwoning",Bestaande bouw,1992,,Lessenaardak bedekt met pannen,,124 m²,,16 m²,11 m²,148 m²,440 m³,5 kamers (4 slaapkamers),2 badkamers,"Bidet, douche, 2 toiletten, wastafelmeubel, ligbad, en wastafel",3 woonlagen,Elektra,A,Geen isolatie,Stadsverwarming,Stadsverwarming,148 m²,Volle eigendom,Aan rustige weg en in woonwijk,Achtertuin en voortuin,"11,00 meter diep en 5,50 meter breed",Gelegen op het noordoosten bereikbaar via achterom,Vrijstaande houten berging,Openbaar parkeren,1.315,46%,€ 4.042,,,,,,,Dakterras aanwezig,,,,,,,,,,,,,,,463896.16535978875,True,1103.834640211251,1103.834640211251
https://www.funda.nl/detail/koop/almere/huis-3-laagse-tussenwoning-bouwnr-3/43225022/,3-Laagse tussenwoning (Bouwnr. 3),,1362 LK,Almere,Olympiakwartier Oost (brt),535000.0,€ 4.820,Verkocht onder voorbehoud,"Eengezinswoning, tussenwoning",Nieuwbouw,Na 2020,,Plat dak,,111 m²,,,,95 m²,403 m³,5 kamers (4 slaapkamers),1 badkamer en 1 apart toilet,"Douche, toilet, en wastafel",3 woonlagen,Elektra,A+++,Geen isolatie,Stadsverwarming,Stadsverwarming,95 m²,,In woonwijk,Achtertuin,,,Vrijstaande houten berging,Openbaar parkeren,125.0,,,Woningborg Garantiecertificaat,,,,,,,,,,,,,,,,,,,,,539397.6332660245,False,-4397.633266024524,4397.633266024524
https://www.funda.nl/detail/koop/almere/huis-hoekwoning-type-a-bouwnr-10/43369205/,Hoekwoning Type A (Bouwnr. 10),,1325 VW,Almere,Laterna Magikapark,765000.0,€ 5.169,Beschikbaar,"Eengezinswoning, hoekwoning",Nieuwbouw,Na 2020,,,,148 m²,,,,204 m²,400 m³,5 kamers (4 slaapkamers),1 badkamer en 2 aparte toiletten,Inloopdouche,3 woonlagen,,A++,,Stadsverwarming,Centrale voorziening,204 m²,,Aan park,,,,Vrijstaande houten berging,,20.0,,,,,Aangebouwde stenen garage,1 auto,,,,,,,,,,,,,,,,,,703406.4754452223,True,61593.52455477766,61593.52455477766
https://www.funda.nl/detail/koop/almere/huis-accordeonstraat-47/43232634/,Accordeonstraat,47.0,1312 HB,Almere,Muziekwijk N.-Oost,430000.0,€ 4.674,Onder bod,"Eengezinswoning, tussenwoning",Bestaande bouw,1990,,Plat dak bedekt met bitumineuze dakbedekking,,92 m²,,8 m²,7 m²,149 m²,327 m³,5 kamers (3 slaapkamers),1 badkamer,"Douche, toilet, en wastafelmeubel",2 woonlagen,Elektra,A,"Dakisolatie, dubbel glas, muurisolatie en vloerisolatie",Stadsverwarming,Stadsverwarming,149 m²,Volle eigendom,,Achtertuin en voortuin,"80 m² (15,00 meter diep en 5,30 meter breed)",Gelegen op het noordwesten bereikbaar via achterom,Aangebouwde stenen berging,,1.18,39%,,,,,,,,,,,,,,,,,,,,,,,369349.71983847814,True,60650.28016152186,60650.28016152186
https://www.funda.nl/detail/koop/almere/huis-veelzijdige-hoekwoning-bouwnr-23/89970581/,Veelzijdige hoekwoning (Bouwnr. 23),,1362 JG,Almere,Europakwartier Oost (brt),627175.0,€ 4.266,Verkocht onder voorbehoud,"Eengezinswoning, tussenwoning",Nieuwbouw,2024,,,,147 m²,,,,63 m²,558 m³,5 kamers (3 slaapkamers),,,3 woonlagen,,Niet beschikbaar,,,,63 m²,,,,,,,,2.27,44%,€ 4.829,,,,,,,,,,,,,,,,,,,,,,654675.1714974626,True,-27500.17149746255,27500.17149746255
https://www.funda.nl/detail/koop/almere/huis-kruidnagelstraat-1/89767512/,Kruidnagelstraat,1.0,1313 ET,Almere,Kruidenwijk Midden-west,425000.0,€ 5.060,Verkocht onder voorbehoud,"Eengezinswoning, hoekwoning",Bestaande bouw,1987,,,,84 m²,38 m²,,,168 m²,439 m³,5 kamers (4 slaapkamers),1 badkamer en 1 apart toilet,"Douche, toilet, en wastafel",3 woonlagen,Elektra,B,,Stadsverwarming,Stadsverwarming,168 m²,Volle eigendom,Aan rustige weg en in woonwijk,Achtertuin en voortuin,"45 m² (9,00 meter diep en 5,00 meter breed)",Gelegen op het oosten bereikbaar via achterom,,Op eigen terrein en openbaar parkeren,1.345,37%,€ 4.082,,,Aangebouwde stenen garage,1 auto,,,,,,,,,,,,,,,,,,344338.16410336713,True,80661.83589663287,80661.83589663287
https://www.funda.nl/detail/koop/almere/huis-slufterplantsoen-79/43155876/,Slufterplantsoen,79.0,1316 KS,Almere,Waterwijk West,490000.0,€ 3.920,Beschikbaar,"Eengezinswoning, hoekwoning",Bestaande bouw,1985,Gedeeltelijk gestoffeerd,Zadeldak bedekt met pannen,,125 m²,,28 m²,18 m²,212 m²,440 m³,4 kamers (3 slaapkamers),1 badkamer en 1 apart toilet,"Douche, ligbad, toilet, vloerverwarming, en wastafel",3 woonlagen,Elektra,A++,"Dakisolatie, dubbel glas, muurisolatie en vloerisolatie",Stadsverwarming en gedeeltelijke vloerverwarming,Stadsverwarming,212 m²,Volle eigendom,,"Achtertuin, voortuin en zijtuin","89 m² (11,75 meter diep en 7,60 meter breed)",Gelegen op het zuidwesten bereikbaar via achterom,Vrijstaande houten berging,Op eigen terrein en openbaar parkeren,1.62,42%,€ 3.779,Energie Prestatie Advies,,,,,,,,,,,,,,,,,,,,,490837.65155281697,True,-837.6515528169693,837.6515528169693
https://www.funda.nl/detail/koop/almere/huis-oeverwalhof-32/43322953/,Oeverwalhof,32.0,1349 JE,Almere,Oosterwold Zuid,575000.0,€ 6.928,Beschikbaar,"Bungalow, tussenwoning",Bestaande bouw,2021,,Lessenaardak bedekt met overig,,83 m²,,,,36.205 m²,361 m³,2 kamers (1 slaapkamer),1 badkamer en 1 apart toilet,"Inloopdouche, vloerverwarming, wastafel, en wastafelmeubel",1 woonlaag,"Glasvezelkabel, mechanische ventilatie, schuifpui, en zonnepanelen",A++++,Volledig geïsoleerd,"Gehele vloerverwarming, warmte terugwininstallatie en warmtepomp",,36.205 m²,Mandelig,,Achtertuin,"70 m² (7,00 meter diep en 10,00 meter breed)",Gelegen op het zuidwesten,,Op eigen terrein,3.53,40%,€ 5.670,,,,,,,,,,€ 148 per maand,,,,,,,,,,,,522646.1577255069,True,52353.84227449307,52353.84227449307
https://www.funda.nl/detail/koop/almere/huis-indigohof-24/89781064/,Indigohof,24.0,1339 HS,Almere,Regenboogbuurt Zuid,535000.0,€ 3.302,Beschikbaar,"Eengezinswoning, hoekwoning",Bestaande bouw,1997,,Plat dak bedekt met bitumineuze dakbedekking,,162 m²,,,5 m²,329 m²,545 m³,9 kamers (7 slaapkamers),1 badkamer en 1 apart toilet,"Douche, ligbad, toilet, en wastafel",2 woonlagen,Buitenzonwering en mechanische ventilatie,B,Dakisolatie en muurisolatie,Cv-ketel en gehele vloerverwarming,Cv-ketel,329 m²,Volle eigendom,In woonwijk,Achtertuin en voortuin,,,,Op eigen terrein,1.07,47%,€ 3.634,,Remeha caliente ( combiketel uit 2015),,,,,,,,,,,,,,,,,,,,611464.6782087943,True,-76464.67820879433,76464.67820879433
https://www.funda.nl/detail/koop/almere/huis-pastinaakstraat-14/43367044/,Pastinaakstraat,14.0,1313 GG,Almere,Kruidenwijk Midden-west,350000.0,€ 4.118,Verkocht onder voorbehoud,"Eengezinswoning, tussenwoning",Bestaande bouw,1990,,,,85 m²,,2 m²,7 m²,125 m²,315 m³,3 kamers (2 slaapkamers),,,2 woonlagen,"Glasvezelkabel, mechanische ventilatie, en zonnepanelen",A+,,Stadsverwarming,Stadsverwarming,125 m²,,Aan bosrand,Achtertuin,"7,00 meter diep en 5,00 meter breed",Gelegen op het zuiden bereikbaar via achterom,,Openbaar parkeren,1.345,37%,€ 4.082,,,Vrijstaande houten garage,1 auto,,,,,,,,,,,,,,,,,,375414.38778287836,True,-25414.38778287836,25414.38778287836
https://www.funda.nl/detail/koop/almere/huis-3-laagse-tussenwoning-bouwnr-91/43225002/,3-Laagse tussenwoning (Bouwnr. 91),,1362 LK,Almere,Olympiakwartier Oost (brt),550000.0,€ 4.741,Verkocht onder voorbehoud,"Eengezinswoning, tussenwoning",Nieuwbouw,Na 2020,,Plat dak,,116 m²,,,,91 m²,420 m³,5 kamers (4 slaapkamers),1 badkamer en 1 apart toilet,"Douche, toilet, en wastafel",3 woonlagen,Elektra,A+++,Geen isolatie,Stadsverwarming,Stadsverwarming,91 m²,,In woonwijk,Achtertuin,,,Vrijstaande houten berging,Openbaar parkeren,125.0,,,Woningborg Garantiecertificaat,,,,,,,,,,,,,,,,,,,,,557897.5873114609,True,-7897.587311460869,7897.587311460869
https://www.funda.nl/detail/koop/almere/huis-clare-lennartstraat-16/43328846/,Clare Lennartstraat,16.0,1321 CX,Almere,Literatuurwijk Noordoost,515000.0,€ 4.478,Beschikbaar,"Eengezinswoning, hoekwoning",Bestaande bouw,1999,,Plat dak,,115 m²,,,14 m²,288 m²,445 m³,4 kamers (3 slaapkamers),1 badkamer en 1 apart toilet,"Inloopdouche, ligbad, toilet, wastafel, en wastafelmeubel",2 woonlagen en een zolder,Elektra,A,HR-glas en volledig geïsoleerd,Stadsverwarming en gehele vloerverwarming,Stadsverwarming,288 m²,Volle eigendom,Aan rustige weg en in woonwijk,"Achtertuin, voortuin en zijtuin","132 m² (11,00 meter diep en 12,00 meter breed)",Gelegen op het noordwesten bereikbaar via achterom,Vrijstaande houten berging,Op eigen terrein en openbaar parkeren,1.52,48%,,Energie Prestatie Advies,,,,,,,,,,,,,,,,,,,,,500185.79962553864,True,14814.200374461361,14814.200374461361
https://www.funda.nl/detail/koop/almere/huis-laura-bassihof-58/43394172/,Laura Bassihof,58.0,1349 BD,Almere,Oosterwold Zuid,550000.0,€ 5.500,Verkocht onder voorbehoud,"Eengezinswoning, hoekwoning",Bestaande bouw,2020,,Plat dak,,100 m²,,,6 m²,254 m²,354 m³,4 kamers (3 slaapkamers),1 badkamer en 1 apart toilet,"Douche, toilet, wastafel, en wastafelmeubel",2 woonlagen,Balansventilatie,A++++,Volledig geïsoleerd,Gehele vloerverwarming,,254 m²,Volle eigendom,"Aan rustige weg, in woonwijk, landelijk gelegen en vrij uitzicht","Achtertuin, voortuin en zijtuin","142 m² (16,00 meter diep en 8,87 meter breed)",Gelegen op het zuidoosten bereikbaar via achterom,Vrijstaande houten berging,Op eigen terrein,3.53,40%,€ 5.670,,,,,,,,,,€ 65 per maand,,,,,,,,,,,,580751.4550455554,True,-30751.45504555537,30751.45504555537
https://www.funda.nl/detail/koop/almere/huis-quickstepstraat-66/43397401/,Quickstepstraat,66.0,1326 PT,Almere,Danswijk Noordoost,475000.0,€ 4.241,Beschikbaar,"Eengezinswoning, tussenwoning",Bestaande bouw,1997,Gedeeltelijk gestoffeerd,Zadeldak bedekt met pannen,,112 m²,,,8 m²,151 m²,382 m³,5 kamers (4 slaapkamers),1 badkamer en 1 apart toilet,"Douche, dubbele wastafel, toilet, en wastafelmeubel",3 woonlagen,Elektra,A,Volledig geïsoleerd,Stadsverwarming,Stadsverwarming,151 m²,Volle eigendom,Aan rustige weg en in woonwijk,Achtertuin en voortuin,"69 m² (12,50 meter diep en 5,50 meter breed)",Gelegen op het noordwesten bereikbaar via achterom,Vrijstaande stenen berging,Openbaar parkeren,2.16,48%,€ 4.216,,,,,,,,,,,,,,,,,,,,,,444762.6072533804,True,30237.39274661959,30237.39274661959
https://www.funda.nl/detail/koop/almere/huis-mitrastraat-2/89766766/,Mitrastraat,2.0,1363 XH,Almere,Homeruskwartier Zuid,650000.0,€ 4.037,Beschikbaar,"Eengezinswoning, hoekwoning",Bestaande bouw,2012,Gedeeltelijk gestoffeerd,Samengesteld dak bedekt met bitumineuze dakbedekking en pannen,,161 m²,,,5 m²,165 m²,565 m³,6 kamers (5 slaapkamers),1 badkamer en 1 apart toilet,"Dubbele wastafel, inloopdouche, ligbad, toilet, en wastafelmeubel",3 woonlagen,Elektra,A,Geen isolatie,Stadsverwarming en gedeeltelijke vloerverwarming,Stadsverwarming,12 m²,Volle eigendom,Aan rustige weg en in woonwijk,Achtertuin,"69 m² (8,66 meter diep en 5,70 meter breed)",Gelegen op het zuidwesten bereikbaar via achterom,Vrijstaande houten berging,Op eigen terrein en openbaar parkeren,2.42,45%,€ 4.952,,,,,,,,,,,,,,,,,,,,,,639315.1098054564,True,10684.890194543637,10684.890194543637
https://www.funda.nl/detail/koop/almere/huis-hollywoodlaan-48/89734860/,Hollywoodlaan,48.0,1325 HS,Almere,Filmwijk Bouwrai Zuid,445000.0,€ 4.890,Beschikbaar,"Eengezinswoning, tussenwoning",Bestaande bouw,1992,,Plat dak bedekt met bitumineuze dakbedekking,,91 m²,,,5 m²,145 m²,340 m³,3 kamers (2 slaapkamers),1 apart toilet,,2 woonlagen,Elektra,A,"Dakisolatie, dubbel glas, muurisolatie, vloerisolatie en volledig geïsoleerd",Stadsverwarming,Centrale voorziening,145 m²,Volle eigendom,Aan rustige weg en in woonwijk,"Achtertuin, voortuin en zonneterras","84 m² (14,00 meter diep en 6,00 meter breed)",Gelegen op het zuiden bereikbaar via achterom,Vrijstaande houten berging,Openbaar parkeren,1.535,30%,€ 4.162,,,,,€ 475.000 kosten koper,,,,,,,,,,,,,,,,,391883.6314161502,True,53116.368583849806,53116.368583849806
https://www.funda.nl/detail/koop/almere/huis-agatha-christiestraat-1/43329628/,Agatha Christiestraat,1.0,1349 NH,Almere,Oosterwold Zuid,681500.0,€ 7.408,Beschikbaar,"Bungalow, vrijstaande woning",Bestaande bouw,Na 2020,,Plat dak,,92 m²,,,4 m²,360 m²,276 m³,4 kamers (3 slaapkamers),1 badkamer en 1 apart toilet,Douche en wastafel,1 woonlaag,,A++++,Volledig geïsoleerd,,,360 m²,Volle eigendom,"Aan park, in woonwijk en vrij uitzicht",Tuin rondom,,,Vrijstaande houten berging,Op eigen terrein,3.53,40%,€ 5.670,Woningborg Garantiecertificaat,,,,,,,,,€ 70 per maand,,,,,,,,,,,,696886.1784185383,True,-15386.1784185383,15386.1784185383
https://www.funda.nl/detail/koop/almere/huis-prieelvogelweg-2/43306843/,Prieelvogelweg,2.0,1349 CG,Almere,Oosterwold Noord,1095000.0,€ 6.366,Beschikbaar,"Eengezinswoning, vrijstaande woning",Bestaande bouw,,,Zadeldak bedekt met pannen,,172 m²,10 m²,,,1.875 m²,794 m³,8 kamers (5 slaapkamers),1 badkamer en 1 apart toilet,"Inloopdouche, toilet, en wastafel",2 woonlagen en een vliering,Elektra en stromend water,B,,Cv-ketel,Cv-ketel,1.875 m²,Volle eigendom,Open ligging,"Achtertuin, tuin rondom en voortuin","450 m² (30,00 meter diep en 15,00 meter breed)",Gelegen op het noordoosten bereikbaar via achterom,Inpandig,Op eigen terrein,2.605,43%,€ 6.505,,,,,,,,,,,,,,,,1991-2000,,,,,,990336.0950954627,False,104663.90490453725,104663.90490453725
https://www.funda.nl/detail/koop/almere/huis-sleutelbloemstraat-4/89760729/,Sleutelbloemstraat,4.0,1338 TG,Almere,Bloemenbuurt Noord,395000.0,€ 3.726,Onder bod,"Eengezinswoning, tussenwoning",Bestaande bouw,1988,Gestoffeerd,Zadeldak bedekt met pannen,,106 m²,,,6 m²,145 m²,361 m³,5 kamers (4 slaapkamers),1 badkamer en 1 apart toilet,"Inloopdouche, ligbad, toilet, wastafel, en wastafelmeubel",3 woonlagen,Elektra,B,Volledig geïsoleerd,Cv-ketel,Cv-ketel,145 m²,Volle eigendom,Aan rustige weg en in woonwijk,Achtertuin en voortuin,"14,00 meter diep en 5,00 meter breed",Gelegen op het zuidoosten bereikbaar via achterom,Vrijstaande stenen berging,Openbaar parkeren,1.265,37%,€ 3.781,,"Remeha Avanta ( combiketel uit 2009, eigendom)",,,,,,,,,,,,,,,,,,,,409325.87145800435,True,-14325.871458004345,14325.871458004345
https://www.funda.nl/detail/koop/almere/huis-menkemaborgstraat-8/43317420/,Menkemaborgstraat,8.0,1333 VG,Almere,Landgoederenbuurt Noord,395000.0,€ 3.591,Beschikbaar,"Eengezinswoning, tussenwoning",Bestaande bouw,1992,Gedeeltelijk gestoffeerd en kluswoning,Dwarskap bedekt met pannen,,110 m²,,,5 m²,139 m²,375 m³,5 kamers (4 slaapkamers),1 badkamer,"Douche, toilet, en wastafel",3 woonlagen,Elektra,B,Geen isolatie,Cv-ketel,Cv-ketel,139 m²,Volle eigendom,Aan rustige weg en in woonwijk,Achtertuin en voortuin,"59 m² (11,00 meter diep en 5,40 meter breed)",Gelegen op het noordoosten bereikbaar via achterom,Vrijstaande houten berging,Openbaar parkeren,1.415,45%,€ 3.724,,"Combiketel, eigendom",,,,,,,,,,,,,,,,,,,,393149.8269355097,True,1850.1730644903146,1850.1730644903146
https://www.funda.nl/detail/koop/almere/huis-paulus-potterstraat-89/89739471/,Paulus Potterstraat,89.0,1318 PL,Almere,Tussen de Vaarten N.- Oost,425000.0,€ 3.728,Onder bod,"Eengezinswoning, tussenwoning",Bestaande bouw,2000,,,,114 m²,,,7 m²,142 m²,402 m³,5 kamers (4 slaapkamers),,,1 woonlaag,,A,,,,142 m²,,,,,,,,1.94,51%,€ 4.183,,,,,,,,,,,,,,,,,,,,,,460856.5155560634,True,-35856.51555606339,35856.51555606339
https://www.funda.nl/detail/koop/almere/huis-hebridenstraat-56/43387213/,Hebridenstraat,56.0,1339 SC,Almere,Eilandenbuurt Noord,600000.0,€ 4.412,Beschikbaar,"Eengezinswoning, hoekwoning",Bestaande bouw,2003,,,,136 m²,43 m²,34 m²,9 m²,231 m²,605 m³,7 kamers (4 slaapkamers),1 badkamer en 2 aparte toiletten,Douche,3 woonlagen,"Mechanische ventilatie, rolluiken, TV kabel, en zonnepanelen",A+,HR-glas en volledig geïsoleerd,Cv-ketel en gedeeltelijke vloerverwarming,Cv-ketel,231 m²,Volle eigendom,In woonwijk en vrij uitzicht,Achtertuin en voortuin,"62 m² (10,00 meter diep en 6,20 meter breed)",Gelegen op het zuidoosten bereikbaar via achterom,,Openbaar parkeren,1.445,47%,€ 4.129,,,Parkeerplaats,,,,Dakterras aanwezig en balkon aanwezig,,,,,,,,,,,,,,,535708.1229391501,False,64291.87706084992,64291.87706084992
https://www.funda.nl/detail/koop/almere/huis-lahemaalaan-160/89762950/,Lahemaalaan,160.0,1362 JT,Almere,Europakwartier Oost (brt),650000.0,€ 4.610,Onder bod,"Eengezinswoning, tussenwoning",Bestaande bouw,2023,,Plat dak bedekt met bitumineuze dakbedekking,,141 m²,,,6 m²,122 m²,533 m³,5 kamers (4 slaapkamers),1 badkamer en 1 apart toilet,"Douche, dubbele wastafel, toilet, en vloerverwarming",3 woonlagen,Elektra,A+++,"Dakisolatie, muurisolatie, vloerisolatie en volledig geïsoleerd","Stadsverwarming, gehele vloerverwarming en warmte terugwininstallatie",Stadsverwarming,122 m²,Volle eigendom,Aan rustige weg en in woonwijk,Achtertuin en voortuin,"58 m² (10,50 meter diep en 5,50 meter breed)",Gelegen op het zuidoosten bereikbaar via achterom,Vrijstaande houten berging,Openbaar parkeren,2.27,44%,€ 4.829,,,,,,,Balkon aanwezig,,,,,,,,,,,,,,,630910.4108680574,True,19089.5891319426,19089.5891319426
https://www.funda.nl/detail/koop/almere/huis-de-dol-bouwnr-335/43275598/,De Dol (Bouwnr. 335),,1349 NC,Almere,Oosterwold Zuid,325000.0,€ 7.386,Verkocht onder voorbehoud,"Eengezinswoning, tussenwoning",Nieuwbouw,2026,,Plat dak,,44 m²,,,,197 m²,132 m³,2 kamers (1 slaapkamer),1 badkamer en 1 apart toilet,Douche en wastafel,2 woonlagen,,A++++,Volledig geïsoleerd,Gehele vloerverwarming en warmtepomp,,197 m²,,,Achtertuin,,,Vrijstaande houten berging,Openbaar parkeren,3.53,40%,€ 5.670,,,,,,,,,,,,,,,,,,,,,,309642.598161197,True,15357.401838803024,15357.401838803024
https://www.funda.nl/detail/koop/almere/huis-jasmijnstraat-27/89743390/,Jasmijnstraat,27.0,1338 ZS,Almere,Bloemenbuurt Oost,450000.0,€ 3.814,Verkocht onder voorbehoud,"Eengezinswoning, geschakelde 2-onder-1-kapwoning",Bestaande bouw,1990,Kluswoning,Zadeldak bedekt met pannen,,118 m²,26 m²,2 m²,5 m²,246 m²,513 m³,4 kamers (3 slaapkamers),1 badkamer en 1 apart toilet,"Douche, ligbad, toilet, en wastafelmeubel",3 woonlagen,Mechanische ventilatie en natuurlijke ventilatie,B,"Dakisolatie, dubbel glas, muurisolatie en vloerisolatie",Cv-ketel,Cv-ketel,246 m²,Volle eigendom,"Aan rustige weg, aan water, in woonwijk en vrij uitzicht",Achtertuin en voortuin,"97 m² (11,03 meter diep en 8,75 meter breed)",Gelegen op het noordwesten bereikbaar via achterom,Vrijstaande houten berging,Op eigen terrein en openbaar parkeren,1.23,44%,€ 3.707,Energie Prestatie Advies,"Remeha Tzerra ace Matic 28C (gas gestookt combiketel uit 2023, eigendom)",Inpandig,1 auto,,,,,,,,,,,,,,,,,,515736.42652118485,True,-65736.42652118485,65736.42652118485
https://www.funda.nl/detail/koop/almere/huis-mimosastraat-1/43387470/,Mimosastraat,1.0,1338 ZK,Almere,Bloemenbuurt Oost,495000.0,€ 3.960,Onder bod,"Eengezinswoning, 2-onder-1-kapwoning",Bestaande bouw,1990,,Zadeldak bedekt met pannen,,125 m²,8 m²,,7 m²,238 m²,474 m³,6 kamers (3 slaapkamers),1 badkamer en 1 apart toilet,"Dubbele wastafel, inloopdouche, toilet, en wastafelmeubel",2 woonlagen,"Elektrische deur, elektra en stromend water",A,Muurisolatie,Cv-ketel,,238 m²,Volle eigendom,,Achtertuin,,,Vrijstaande houten berging,Op eigen terrein en parkeergarage,1.23,44%,€ 3.707,,"HR-107 (gas gestookt combiketel uit 2022, eigendom)",Inpandig,1 auto,,,Dakterras aanwezig,,,,,,,,,,,,,,,562959.4191561696,True,-67959.41915616964,67959.41915616964
https://www.funda.nl/detail/koop/almere/huis-poeziestraat-376/89674464/,Poëziestraat,376.0,1321 DP,Almere,Literatuurwijk Noordwest,645000.0,€ 3.274,Beschikbaar,"Eengezinswoning, geschakelde woning",Bestaande bouw,2001,,Plat dak bedekt met bitumineuze dakbedekking,,197 m²,19 m²,37 m²,,,701 m³,7 kamers (6 slaapkamers),1 badkamer en 1 apart toilet,"Douche, ligbad, en toilet",4 woonlagen,Elektra,A,Dubbel glas en volledig geïsoleerd,Stadsverwarming,Stadsverwarming,,Volle eigendom,Aan rustige weg en in woonwijk,,,,,Openbaar parkeren,2.025,58%,€ 3.834,,,Inpandig,1 auto,,,Balkon aanwezig,,,€ 33 per maand,,,,,,,,,,,,641044.7265282354,True,3955.273471764638,3955.273471764638
https://www.funda.nl/detail/koop/almere/huis-woudlaar-48/43384450/,Woudlaar,48.0,1359 KM,Almere,De Laren Noord,990000.0,€ 6.429,Beschikbaar,"Villa, vrijstaande woning",Bestaande bouw,2019,Gedeeltelijk gestoffeerd,Zadeldak bedekt met pannen,,154 m²,37 m²,,28 m²,347 m²,696 m³,7 kamers (4 slaapkamers),1 badkamer en 1 apart toilet,"Douche, ligbad, toilet, en wastafelmeubel",3 woonlagen,Elektra,Niet beschikbaar,Volledig geïsoleerd,"Cv-ketel, gashaard en gedeeltelijke vloerverwarming",Cv-ketel,347 m²,Volle eigendom,"Beschutte ligging, in bosrijke omgeving, in woonwijk en vrij uitzicht","Achtertuin, tuin rondom, voortuin en zijtuin","150 m² (10,00 meter diep en 15,00 meter breed)",Gelegen op het zuidwesten,Inpandig,Op eigen terrein en openbaar parkeren,730.0,67%,€ 4.399,,"Intergas (gas gestookt combiketel uit 2019, eigendom)",Parkeerplaats,,,,,,,,,,,,,,,,,,,825537.316328056,True,164462.68367194396,164462.68367194396
https://www.funda.nl/detail/koop/almere/huis-lampjestraat-1/89675126/,Lampjestraat,1.0,1336 ZB,Almere,Stripheldenbuurt Oost,775000.0,€ 4.454,Verkocht onder voorbehoud,"Villa, vrijstaande woning",Bestaande bouw,2009,,Zadeldak bedekt met bitumineuze dakbedekking en pannen,,174 m²,,24 m²,18 m²,479 m²,594 m³,8 kamers (7 slaapkamers),2 badkamers en 1 apart toilet,,3 woonlagen,Dakraam,A,Dubbel glas en volledig geïsoleerd,Cv-ketel,Cv-ketel,479 m²,Volle eigendom,Aan rustige weg en in woonwijk,Achtertuin,"342 m² (19,00 meter diep en 18,00 meter breed)",Gelegen op het noordoosten bereikbaar via achterom,,Op eigen terrein,980.0,50%,€ 4.574,,"Intergas (gas gestookt combiketel uit 2009, eigendom)",,,,,,,,,,,,,,,,,,,,872399.471894051,True,-97399.47189405095,97399.47189405095
https://www.funda.nl/detail/koop/almere/huis-hoekwoning-type-a-bouwnr-11/43369207/,Hoekwoning Type A (Bouwnr. 11),,1325 VW,Almere,Laterna Magikapark,775000.0,€ 5.236,Beschikbaar,"Eengezinswoning, hoekwoning",Nieuwbouw,Na 2020,,,,148 m²,,,,247 m²,400 m³,5 kamers (4 slaapkamers),1 badkamer en 2 aparte toiletten,Inloopdouche,3 woonlagen,,A++,,Stadsverwarming,Centrale voorziening,247 m²,,Aan park,,,,Vrijstaande houten berging,,20.0,,,,,Aangebouwde stenen garage,1 auto,,,,,,,,,,,,,,,,,,703406.4754452223,True,71593.52455477766,71593.52455477766
https://www.funda.nl/detail/koop/almere/huis-3-laagse-tussenwoning-bouwnr-38/43225027/,3-Laagse tussenwoning (Bouwnr. 38),,1362 LK,Almere,Olympiakwartier Oost (brt),535000.0,€ 4.820,Verkocht onder voorbehoud,"Eengezinswoning, tussenwoning",Nieuwbouw,Na 2020,,Plat dak,,111 m²,,,,94 m²,403 m³,5 kamers (4 slaapkamers),1 badkamer en 1 apart toilet,"Douche, toilet, en wastafel",3 woonlagen,Elektra,A+++,Geen isolatie,Stadsverwarming,Stadsverwarming,94 m²,,In woonwijk,Achtertuin,,,Vrijstaande houten berging,Openbaar parkeren,125.0,,,Woningborg Garantiecertificaat,,,,,,,,,,,,,,,,,,,,,539397.6332660245,True,-4397.633266024524,4397.633266024524
https://www.funda.nl/detail/koop/almere/huis-adriaan-van-ostadestraat-42/89771359/,Adriaan van Ostadestraat,42.0,1318 LM,Almere,Tussen de Vaarten N.- West,425000.0,€ 4.048,Beschikbaar,"Eengezinswoning, tussenwoning",Bestaande bouw,2000,Gestoffeerd,Zadeldak bedekt met pannen,,105 m²,,1 m²,7 m²,130 m²,363 m³,5 kamers (4 slaapkamers),1 badkamer en 1 apart toilet,"Douche, ligbad, toilet, wastafel, en wastafelmeubel",3 woonlagen,Elektra,A,Geen isolatie,Stadsverwarming,Stadsverwarming,130 m²,Volle eigendom,Aan rustige weg en in woonwijk,Achtertuin en voortuin,"50 m² (10,00 meter diep en 5,00 meter breed)",Gelegen op het zuidoosten bereikbaar via achterom,Vrijstaande houten berging,Op eigen terrein en openbaar parkeren,1.515,46%,,,,,,,,,,,,,,,,,,,,,,,411930.3780551707,True,13069.621944829298,13069.621944829298
https://www.funda.nl/detail/koop/almere/huis-vrijstaande-bungalow-bouwnr-344/43178124/,Vrijstaande Bungalow (Bouwnr. 344),,1349 NC,Almere,Oosterwold Zuid,662500.0,€ 7.201,Verkocht onder voorbehoud,"Bungalow, vrijstaande woning",Nieuwbouw,2026,,,,92 m²,,,,701 m²,276 m³,4 kamers (3 slaapkamers),1 badkamer en 1 apart toilet,,1 woonlaag,,Niet beschikbaar,,,,,,,,,,,Op eigen terrein,3.53,40%,€ 5.670,,,,,,,,,,,,,,,,,,,,,,679590.8789761701,True,-17090.87897617009,17090.87897617009
https://www.funda.nl/detail/koop/almere/huis-4-laagse-tussenwoning-bouwnr-21/43225040/,4-Laagse tussenwoning (Bouwnr. 21),,1362 LK,Almere,Olympiakwartier Oost (brt),595000.0,€ 4.648,Verkocht onder voorbehoud,"Eengezinswoning, tussenwoning",Nieuwbouw,Na 2020,,Plat dak,,128 m²,,,,,468 m³,6 kamers (4 slaapkamers),1 badkamer en 1 apart toilet,"Douche, toilet, en wastafel",4 woonlagen,Elektra,A++,Geen isolatie,Stadsverwarming,Stadsverwarming,,,In woonwijk,Achtertuin,,,Vrijstaande houten berging,Openbaar parkeren,125.0,,,Woningborg Garantiecertificaat,,,,,,,,,,,,,,,,,,,,,582538.1337148505,True,12461.866285149474,12461.866285149474
https://www.funda.nl/detail/koop/almere/huis-3-laagse-tussenwoning-bouwnr-92/43225009/,3-Laagse tussenwoning (Bouwnr. 92),,1362 LK,Almere,Olympiakwartier Oost (brt),550000.0,€ 4.741,Verkocht onder voorbehoud,"Eengezinswoning, tussenwoning",Nieuwbouw,Na 2020,,Plat dak,,116 m²,,,,91 m²,420 m³,5 kamers (4 slaapkamers),1 badkamer en 1 apart toilet,"Douche, toilet, en wastafel",3 woonlagen,Elektra,A+++,Geen isolatie,Stadsverwarming,Stadsverwarming,91 m²,,In woonwijk,Achtertuin,,,Vrijstaande houten berging,Openbaar parkeren,125.0,,,Woningborg Garantiecertificaat,,,,,,,,,,,,,,,,,,,,,557897.5873114609,True,-7897.587311460869,7897.587311460869
https://www.funda.nl/detail/koop/almere/huis-hofmark-292/43383286/,Hofmark,292.0,1355 HX,Almere,"Hofmark, Redemark en Sportmark",390000.0,€ 3.391,Beschikbaar,"Eengezinswoning, hoekwoning",Bestaande bouw,1978,,Dwarskap bedekt met pannen,,115 m²,,,7 m²,134 m²,386 m³,5 kamers (4 slaapkamers),1 badkamer en 1 apart toilet,"Douche, dubbele wastafel, en toilet",3 woonlagen,Elektra,C,"Dakisolatie, gedeeltelijk dubbel glas en muurisolatie",Cv-ketel,Cv-ketel,134 m²,Volle eigendom,Aan rustige weg en in woonwijk,Achtertuin en voortuin,,,Vrijstaande stenen berging,Openbaar parkeren,1.39,38%,€ 3.688,,"Nefit (2023, lease)",,,,,,,,,,,,,,,,,,,,416891.4847257391,True,-26891.48472573911,26891.48472573911
https://www.funda.nl/detail/koop/almere/huis-anna-maria-van-schurmanlaan-84/89627465/,Anna Maria van Schurmanlaan,84.0,1349 BC,Almere,Oosterwold Zuid,485000.0,€ 5.160,Verkocht onder voorbehoud,"Eengezinswoning, tussenwoning",Bestaande bouw,2022,,Plat dak,,94 m²,,,6 m²,134 m²,330 m³,4 kamers (3 slaapkamers),1 badkamer en 1 apart toilet,"Douche, toilet, vloerverwarming, en wastafelmeubel",2 woonlagen,Elektra,A++++,Volledig geïsoleerd,"Gehele vloerverwarming, warmte terugwininstallatie en warmtepomp",,134 m²,Volle eigendom,Aan rustige weg en in woonwijk,Achtertuin,"67 m² (12,90 meter diep en 5,20 meter breed)",Gelegen op het zuidoosten bereikbaar via achterom,Vrijstaande houten berging,Op eigen terrein,3.53,40%,€ 5.670,,,Parkeerplaats,,€ 495.000 kosten koper,,,,,,,,,,,,,,,,,532460.1029676569,True,-47460.102967656916,47460.102967656916
https://www.funda.nl/detail/koop/almere/huis-jamaicastraat-25/43224968/,Jamaicastraat,25.0,1339 KM,Almere,Eilandenbuurt Oost,635000.0,€ 3.547,Beschikbaar,"Eengezinswoning, hoekwoning",Bestaande bouw,2001,Gedeeltelijk gestoffeerd,Plat dak bedekt met bitumineuze dakbedekking,,179 m²,11 m²,,,268 m²,680 m³,5 kamers (4 slaapkamers),1 badkamer en 1 apart toilet,"Douche, dubbele wastafel, ligbad, en toilet",2 woonlagen,Elektra,A,Geen isolatie,Cv-ketel en gashaard,Cv-ketel,268 m²,Volle eigendom,Aan rustige weg en in woonwijk,Achtertuin en voortuin,"117 m² (13,00 meter diep en 9,00 meter breed)",Gelegen op het oosten bereikbaar via achterom,Aangebouwde houten berging,Op eigen terrein en openbaar parkeren,1.475,41%,€ 3.838,,"Remeha avant (2026, eigendom)",Parkeerplaats,,,,Frans balkon aanwezig,,,,,,,,,,,,,,,636098.8233289954,True,-1098.8233289953787,1098.8233289953787
https://www.funda.nl/detail/koop/almere/huis-cezannestraat-109/89717949/,Cézannestraat,109.0,1328 PC,Almere,Tussen de Vaarten Z.- Zuidwest,630000.0,€ 3.424,Beschikbaar,"Eengezinswoning, tussenwoning",Bestaande bouw,2003,,Plat dak bedekt met bitumineuze dakbedekking,,184 m²,,,29 m²,239 m²,589 m³,10 kamers (4 slaapkamers),2 badkamers en 2 aparte toiletten,"2 inloopdouches, vloerverwarming, 2 wastafels, 2 wastafelmeubels, douche, ligbad, en toilet",3 woonlagen,Elektra,A,,Stadsverwarming,Stadsverwarming,239 m²,Volle eigendom,,Achtertuin,"84 m² (12,00 meter diep en 7,00 meter breed)",Gelegen op het zuidoosten bereikbaar via achterom,,Openbaar parkeren,2.305,43%,€ 3.742,,,Vrijstaande stenen garage,2 auto's,,,,,,,,,,,,,,,,,,700433.184993268,True,-70433.18499326799,70433.18499326799
https://www.funda.nl/detail/koop/almere/huis-sperwer-bouwnr-31/43132932/,Sperwer (Bouwnr. 31),,1358 EL,Almere,Overgooi (brt),1135000.0,€ 5.761,Verkocht onder voorbehoud,"Villa, vrijstaande woning",Nieuwbouw,Na 2020,,,,197 m²,,,,1.568 m²,741 m³,1 kamer,,,1 woonlaag,Zonnepanelen,Niet beschikbaar,Volledig geïsoleerd,,,1.568 m²,,"Aan bosrand, aan rustige weg, in bosrijke omgeving, landelijk gelegen, open ligging en vrij uitzicht",,,,,Op eigen terrein,720.0,46%,€ 5.136,,,Parkeerplaats,,,,,,,,,,,,,,,,,,,1150030.0301381077,True,-15030.030138107715,15030.030138107715
https://www.funda.nl/detail/koop/almere/huis-speulderbos-38/89785303/,Speulderbos,38.0,1358 BB,Almere,Overgooi (brt),1050000.0,€ 7.143,Beschikbaar,"Villa, vrijstaande woning",Bestaande bouw,2023,,Zadeldak,,147 m²,6 m²,,43 m²,1.849 m²,508 m³,5 kamers (4 slaapkamers),1 badkamer en 2 aparte toiletten,"Dubbele wastafel, inloopdouche, en ligbad",2 woonlagen en een vliering,Elektrische deur en elektra,A+++,Volledig geïsoleerd,"Gehele vloerverwarming, warmte terugwininstallatie en warmtepomp",Elektrische boiler,1.849 m²,Volle eigendom,"Aan bosrand, in bosrijke omgeving, in woonwijk, open ligging en vrij uitzicht",Tuin rondom,,,Vrijstaande houten berging,Op eigen terrein en openbaar parkeren,720.0,46%,€ 5.136,,,Vrijstaande houten garage,1 auto,,,,,,,,,,,,,,,,,,969531.5468638408,True,80468.45313615922,80468.45313615922
https://www.funda.nl/detail/koop/almere/huis-zomerspelenstraat-56/89693122/,Zomerspelenstraat,56.0,1361 CA,Almere,Olympiakwartier West (brt),600000.0,€ 5.882,Verkocht onder voorbehoud,"Eengezinswoning, vrijstaande woning",Bestaande bouw,2023,,Zadeldak bedekt met pannen,,102 m²,,,,104 m²,380 m³,4 kamers (3 slaapkamers),1 badkamer en 1 apart toilet,"Inloopdouche, ligbad, toilet, en wastafelmeubel",2 woonlagen,"Balansventilatie, frans balkon, en glasvezelkabel",A,Volledig geïsoleerd,Stadsverwarming en gehele vloerverwarming,Centrale voorziening,104 m²,Volle eigendom,Aan rustige weg en in woonwijk,Voortuin en zonneterras,,Gelegen op het westen,,Openbaar parkeren,1.455,55%,€ 4.719,,,,,,,Frans balkon aanwezig,,,,,,,,,,,"22 m² (3,13 meter diep en 6,96 meter breed)",,,,601636.2372250591,True,-1636.2372250590706,1636.2372250590706
https://www.funda.nl/detail/koop/almere/huis-hoekwoning-type-a-bouwnr-9/43369208/,Hoekwoning Type A (Bouwnr. 9),,1325 VW,Almere,Laterna Magikapark,770000.0,€ 5.203,Beschikbaar,"Eengezinswoning, hoekwoning",Nieuwbouw,Na 2020,,,,148 m²,,,,233 m²,400 m³,5 kamers (4 slaapkamers),1 badkamer en 2 aparte toiletten,Inloopdouche,3 woonlagen,,A++,,Stadsverwarming,Centrale voorziening,233 m²,,Aan park,,,,Vrijstaande houten berging,,20.0,,,,,Aangebouwde stenen garage,1 auto,,,,,,,,,,,,,,,,,,703406.4754452223,True,66593.52455477766,66593.52455477766
https://www.funda.nl/detail/koop/almere/huis-a1-bouwnr-14/43809578/,A1 (Bouwnr. 14),,1362 LC,Almere,Olympiakwartier Oost (brt),522660.0,€ 4.667,Verkocht onder voorbehoud,"Eengezinswoning, tussenwoning",Nieuwbouw,2025,,,,112 m²,,,,90 m²,404 m³,5 kamers (4 slaapkamers),,,3 woonlagen,,A++,,,,90 m²,,In woonwijk,,,,Vrijstaande houten berging,,125.0,,,,,,,,,,,,,,,,,,,,,,,,532242.0756886163,True,-9582.075688616256,9582.075688616256
https://www.funda.nl/detail/koop/almere/huis-warehouse-bouwnr-bnr-4/43000826/,Warehouse - (Bouwnr. Bnr 4),,1362 KJ,Almere,Europakwartier Oost (brt),632500.0,€ 4.756,Onder optie,"Eengezinswoning, tussenwoning",Nieuwbouw,Na 2020,,,,133 m²,,,,94 m²,589 m³,1 kamer,,,1 woonlaag,Glasvezelkabel en zonnepanelen,A+++,Volledig geïsoleerd,Stadsverwarming en gehele vloerverwarming,Stadsverwarming,94 m²,,,,,,Vrijstaande houten berging,,2.27,44%,€ 4.829,SWK Garantiecertificaat,,,,,,,,,,,,,,,,,,,,,657265.6875363125,True,-24765.6875363125,24765.6875363125
https://www.funda.nl/detail/koop/almere/huis-herenhuis-bouwnr-19/89460277/,Herenhuis (Bouwnr. 19),,1362 JT,Almere,Europakwartier Oost (brt),637906.0,€ 4.725,Onder optie,"Herenhuis, tussenwoning",Nieuwbouw,2026,,,,135 m²,,,6 m²,120 m²,351 m³,5 kamers (4 slaapkamers),1 badkamer en 1 apart toilet,,3 woonlagen,Zonnepanelen,A+++,,,,120 m²,,,,,,Vrijstaande houten berging,Openbaar parkeren,2.27,44%,€ 4.829,Woningborg Garantiecertificaat,,,,,,,,,,,,,,,,,,,,,631310.5186513381,True,6595.481348661939,6595.481348661939
https://www.funda.nl/detail/koop/almere/huis-fugaplantsoen-7/89750944/,Fugaplantsoen,7.0,1312 SH,Almere,Muziekwijk N.-Noord,475000.0,€ 3.493,Beschikbaar,"Eengezinswoning, hoekwoning",Bestaande bouw,1992,Gestoffeerd,Dwarskap bedekt met pannen,,136 m²,,,6 m²,124 m²,478 m³,5 kamers (4 slaapkamers),1 badkamer en 1 apart toilet,"Dubbele wastafel, inloopdouche, ligbad, toilet, en wastafelmeubel",3 woonlagen,Elektra,A,Dubbel glas en volledig geïsoleerd,Houtkachel en stadsverwarming,Stadsverwarming,124 m²,Volle eigendom,Aan rustige weg en in woonwijk,Achtertuin en voortuin,"48 m² (8,00 meter diep en 6,00 meter breed)",Gelegen op het zuidwesten bereikbaar via achterom,Vrijstaande stenen berging,Openbaar parkeren,1.605,45%,€ 4.170,,,,,,,,,,,,,,,,,,,,,,527283.336440264,True,-52283.336440264015,52283.336440264015
https://www.funda.nl/detail/koop/almere/huis-harpstraat-82/89758077/,Harpstraat,82.0,1312 KP,Almere,Muziekwijk N.-Midden,399500.0,€ 4.645,Verkocht onder voorbehoud,"Eengezinswoning, tussenwoning",Bestaande bouw,1991,,Plat dak bedekt met bitumineuze dakbedekking,,86 m²,,,7 m²,138 m²,295 m³,4 kamers (3 slaapkamers),1 badkamer en 1 apart toilet,"Douche, toilet, en wastafelmeubel",2 woonlagen,Elektra,A,"Dakisolatie, HR-glas, muurisolatie, vloerisolatie en volledig geïsoleerd",Stadsverwarming,Stadsverwarming,138 m²,Volle eigendom,,Achtertuin en voortuin,"88 m² (16,00 meter diep en 5,50 meter breed)",Gelegen op het westen bereikbaar via achterom,Vrijstaande houten berging,Openbaar parkeren,1.775,40%,€ 4.345,,,,,,Toegankelijk voor ouderen,,,,,,,,,,,,,,,,387482.5017397105,True,12017.498260289489,12017.498260289489
https://www.funda.nl/detail/koop/almere/huis-saint-saensgracht-15/43274891/,Saint-Saensgracht,15.0,1323 CX,Almere,Muziekwijk Z.-Oost,435000.0,€ 3.850,Beschikbaar,"Eengezinswoning, tussenwoning",Bestaande bouw,1989,,Zadeldak bedekt met pannen,,113 m²,,,5 m²,113 m²,385 m³,3 kamers (2 slaapkamers),1 badkamer en 1 apart toilet,"Douche, toilet, en wastafel",3 woonlagen,Elektra,A,Geen isolatie,Stadsverwarming,Centrale voorziening,113 m²,Volle eigendom,"Aan rustige weg, in woonwijk en vrij uitzicht",Achtertuin en voortuin,"49 m² (9,00 meter diep en 5,40 meter breed)",Gelegen op het zuidoosten bereikbaar via achterom,Vrijstaande stenen berging,Openbaar parkeren,2.99,35%,€ 4.128,,,,,,,,,,,,,,,,,,,,,,451936.55354186497,True,-16936.553541864967,16936.553541864967
https://www.funda.nl/detail/koop/almere/huis-buitenplaats-oosterwold-73/43397755/,Buitenplaats Oosterwold,73.0,1349 CP,Almere,Oosterwold Zuid,1100000.0,€ 5.046,Beschikbaar,"Villa, vrijstaande woning",Bestaande bouw,2018,,Zadeldak,,218 m²,33 m²,159 m²,,2.514 m²,1.234 m³,3 kamers (2 slaapkamers),2 badkamers en 1 apart toilet,"Dubbele wastafel, 2 inloopdouches, ligbad, 2 toiletten, vloerverwarming, urinoir, en wastafel",2 woonlagen,"Airconditioning, glasvezelkabel, mechanische ventilatie, en zonnepanelen",A+,Volledig geïsoleerd,Gehele vloerverwarming en warmtepomp,Elektrische boiler en zonneboiler,2.514 m²,Volle eigendom,Aan rustige weg en vrij uitzicht,Tuin rondom,,,,Op eigen terrein,3.53,40%,€ 5.670,,,,,,,,,,,,,,,,,,,,,,1243219.1051372306,True,-143219.1051372306,143219.1051372306
https://www.funda.nl/detail/koop/almere/huis-a1-bouwnr-15/43809576/,A1 (Bouwnr. 15),,1362 LC,Almere,Olympiakwartier Oost (brt),522660.0,€ 4.667,Verkocht onder voorbehoud,"Eengezinswoning, tussenwoning",Nieuwbouw,2025,,,,112 m²,,,,90 m²,404 m³,5 kamers (4 slaapkamers),,,3 woonlagen,,A++,,,,90 m²,,In woonwijk,,,,Vrijstaande houten berging,,125.0,,,,,,,,,,,,,,,,,,,,,,,,532242.0756886163,True,-9582.075688616256,9582.075688616256
https://www.funda.nl/detail/koop/almere/huis-james-cookroute-134/43039793/,James Cookroute,134.0,1363 KG,Almere,Columbuskwartier Zuid,400000.0,€ 4.348,Beschikbaar,"Eengezinswoning, tussenwoning",Bestaande bouw,2009,,Plat dak bedekt met bitumineuze dakbedekking,,92 m²,,,6 m²,,324 m³,3 kamers (1 slaapkamer),1 badkamer en 1 apart toilet,Douche en wastafel,2 woonlagen,"Mechanische ventilatie, TV kabel, en zonnepanelen",A+,Volledig geïsoleerd,Stadsverwarming,Centrale voorziening,1 m²,Volle eigendom,Aan rustige weg en in woonwijk,Achtertuin,"25 m² (7,00 meter diep en 3,60 meter breed)",Gelegen op het noordoosten bereikbaar via achterom,Vrijstaande houten berging,,1.375,44%,€ 5.595,,,Parkeerplaats,,,,,,,€ 33 per maand,,,,,,,,,,,,412862.3242764299,False,-12862.324276429892,12862.324276429892
https://www.funda.nl/detail/koop/almere/huis-twee-onder-een-kap-bouwnr-5/89679601/,Twee-onder-één-kap (Bouwnr. 5),,1361 BS,Almere,Duin Zuid,960000.0,€ 5.363,Beschikbaar,"Eengezinswoning, 2-onder-1-kapwoning",Nieuwbouw,2026,,,,179 m²,,49 m²,5 m²,195 m²,465 m³,5 kamers (4 slaapkamers),1 badkamer en 1 apart toilet,,3 woonlagen,Elektra,A++,,Stadsverwarming,,195 m²,,,,,,Aangebouwde houten berging,Op eigen terrein,2.055,30%,€ 5.624,,,,,,,,,,,,,,,,,,,,,,955075.4543370293,True,4924.545662970748,4924.545662970748
https://www.funda.nl/detail/koop/almere/huis-vijverbos-20/43237506/,Vijverbos,20.0,1358 EH,Almere,Overgooi (brt),3600000.0,€ 3.917,Beschikbaar,"Villa, vrijstaande woning",Bestaande bouw,2009,,Plat dak bedekt met bitumineuze dakbedekking,,919 m²,2 m²,89 m²,,2.797 m²,3.440 m³,15 kamers (8 slaapkamers),4 badkamers en 2 aparte toiletten,"Bidet, 4 douches, toilet, 3 wastafels, dubbele wastafel, en ligbad",2 woonlagen,"Elektra, verwarming en stromend water",A,"Dakisolatie, dubbel glas, muurisolatie, vloerisolatie en volledig geïsoleerd","Cv-ketel, open haard, gedeeltelijke vloerverwarming en warmtepomp",Cv-ketel,2.797 m²,Volle eigendom,"Beschutte ligging, in bosrijke omgeving en in woonwijk","Achtertuin, tuin rondom, voortuin en zijtuin",,,Vrijstaande stenen berging,Op eigen terrein,720.0,46%,€ 5.136,,"Daalderop (gas gestookt uit 2024, eigendom)",Carport en parkeerplaats,,,,Dakterras aanwezig,,,,,,,,,,,,,,,1386003.0864266162,True,2213996.913573384,2213996.913573384
https://www.funda.nl/detail/koop/almere/huis-grietpad-4/89716626/,Grietpad,4.0,1317 JJ,Almere,Waterwijk Oost,385000.0,€ 4.812,Verkocht onder voorbehoud,"Eengezinswoning, tussenwoning",Bestaande bouw,1984,Gedeeltelijk gestoffeerd,Samengesteld dak bedekt met bitumineuze dakbedekking en pannen,,80 m²,,,7 m²,145 m²,261 m³,3 kamers (2 slaapkamers),1 badkamer en 1 apart toilet,"Douche, inloopdouche, toilet, wastafel, en wastafelmeubel",2 woonlagen,Elektra,A,Geen isolatie,Stadsverwarming,Stadsverwarming,145 m²,Volle eigendom,Beschutte ligging en in woonwijk,Achtertuin,"78 m² (12,05 meter diep en 6,50 meter breed)",Gelegen op het zuiden bereikbaar via achterom,Vrijstaande stenen berging,Openbaar parkeren,1.645,33%,€ 3.901,Bouwkundige Keuring,,,,,,,,,,,,,,,,,,,,,350255.1484470653,True,34744.85155293468,34744.85155293468
https://www.funda.nl/detail/koop/almere/huis-laan-der-voc-89/43312756/,Laan der V.O.C.,89.0,1335 TK,Almere,Oostvaardersbuurt Oost,450000.0,€ 4.091,Beschikbaar,"Eengezinswoning, tussenwoning",Bestaande bouw,2001,,Lessenaardak bedekt met pannen,,110 m²,,1 m²,9 m²,143 m²,389 m³,5 kamers (4 slaapkamers),1 badkamer en 1 apart toilet,"Douche, dubbele wastafel, toilet, en vloerverwarming",3 woonlagen,Elektra,A,Dubbel glas en volledig geïsoleerd,"Cv-ketel, gashaard en gedeeltelijke vloerverwarming",Cv-ketel,143 m²,Volle eigendom,Aan rustige weg en in woonwijk,Achtertuin en voortuin,"53 m² (10,50 meter diep en 5,00 meter breed)",Gelegen op het noordwesten bereikbaar via achterom,Vrijstaande houten berging,Op eigen terrein en openbaar parkeren,2.165,54%,€ 3.598,,"Remeha (gas gestookt combiketel uit 2013, eigendom)",Carport,,,,,,,,,,,,,,,,,,,442323.2945800423,True,7676.705419957696,7676.705419957696
https://www.funda.nl/detail/koop/almere/huis-gigantenstraat-8/89575164/,Gigantenstraat,8.0,1363 TB,Almere,Homeruskwartier Noord,1470000.0,€ 3.612,Beschikbaar,"Villa, vrijstaande woning",Bestaande bouw,2015,Gemeubileerd,Plat dak bedekt met bitumineuze dakbedekking,,407 m²,34 m²,131 m²,4 m²,718 m²,1.635 m³,8 kamers (7 slaapkamers),2 badkamers en 2 aparte toiletten,"Sauna, 2 dubbele wastafels, 2 inloopdouches, jacuzzi, stoomcabine, 2 toiletten, vloerverwarming, en 2 wastafelmeubels",2 woonlagen en een kelder,"Elektrische deur, elektra, verwarming en stromend water",A++,Volledig geïsoleerd,"Cv-ketel, elektrische verwarming en gehele vloerverwarming",,718 m²,Volle eigendom,Aan rustige weg en beschutte ligging,Tuin rondom,,,Vrijstaande houten berging,Op eigen terrein en openbaar parkeren,1.53,56%,€ 4.380,Politiekeurmerk,,Inpandig en parkeerplaats,1 auto,€ 1.595.000 kosten koper,,Balkon aanwezig,,,,,,,,,,,,,,,1560135.525227034,True,-90135.525227034,90135.525227034
https://www.funda.nl/detail/koop/almere/huis-gulstraat-11/89712629/,Gulstraat,11.0,1317 NS,Almere,Waterwijk Noord,459000.0,€ 3.400,Onder bod,"Eengezinswoning, tussenwoning",Bestaande bouw,1988,,Zadeldak bedekt met pannen,,135 m²,,,6 m²,159 m²,454 m³,5 kamers (4 slaapkamers),1 badkamer,"Inloopdouche, toilet, en wastafelmeubel",3 woonlagen,Elektra,A,,Stadsverwarming,Stadsverwarming,159 m²,Volle eigendom,,Achtertuin,"77 m² (0,12 meter diep en 0,06 meter breed)",Gelegen op het zuidwesten bereikbaar via achterom,Vrijstaande houten berging,Openbaar parkeren,1.48,39%,,,,,,,,,,,,,,,,,,,,,,,462375.6424316476,False,-3375.642431647575,3375.642431647575
https://www.funda.nl/detail/koop/almere/huis-hennahof-5/43354887/,Hennahof,5.0,1339 EB,Almere,Regenboogbuurt West,400000.0,€ 3.604,Beschikbaar,"Eengezinswoning, tussenwoning",Bestaande bouw,1996,,Plat dak bedekt met bitumineuze dakbedekking,,111 m²,7 m²,20 m²,,106 m²,405 m³,4 kamers (3 slaapkamers),1 badkamer en 1 apart toilet,"Douche, toilet, en wastafelmeubel",2 woonlagen,Vliering en elektra,A+,Volledig geïsoleerd,Cv-ketel,Centrale voorziening,106 m²,Volle eigendom,"Aan rustige weg, in woonwijk en vrij uitzicht",Achtertuin en zonneterras,"35 m² (5,90 meter diep en 5,90 meter breed)",Gelegen op het zuidwesten bereikbaar via achterom,Aangebouwde stenen berging,Openbaar parkeren,1.81,46%,€ 3.710,,"Remeha Avanta Ace 24C (gas gestookt combiketel uit 2021, huur)",,,,,,,,,,,,,,,,,,,,449413.6711222257,True,-49413.6711222257,49413.6711222257
https://www.funda.nl/detail/koop/almere/huis-de-vlet-tussenwoning-bouwnr-332/43264377/,De Vlet - Tussenwoning (Bouwnr. 332),,1349 NC,Almere,Oosterwold Zuid,384000.0,€ 6.737,Verkocht onder voorbehoud,"Eengezinswoning, tussenwoning",Nieuwbouw,2026,,Plat dak,,57 m²,,,4 m²,119 m²,265 m³,3 kamers (2 slaapkamers),1 badkamer en 1 apart toilet,Douche en wastafel,2 woonlagen,Zonnepanelen,A++++,Volledig geïsoleerd,Gehele vloerverwarming en warmtepomp,,119 m²,,"Aan rustige weg, in woonwijk, landelijk gelegen en vrij uitzicht",Achtertuin,,,Vrijstaande houten berging,Openbaar parkeren,3.53,40%,€ 5.670,,,,,,,,,,,,,,,,,,,,,,377221.4900825311,True,6778.50991746888,6778.50991746888
https://www.funda.nl/detail/koop/almere/huis-leemwierde-30/43310952/,Leemwierde,30.0,1353 LE,Almere,Kornwierde en Leemwierde,350000.0,€ 4.430,Beschikbaar,"Eengezinswoning, tussenwoning",Bestaande bouw,1983,,,,79 m²,,,7 m²,144 m²,272 m³,4 kamers (3 slaapkamers),,,2 woonlagen,Glasvezelkabel en mechanische ventilatie,A,,Cv-ketel,Cv-ketel,144 m²,,"Aan bosrand, aan rustige weg, in bosrijke omgeving en in woonwijk",Achtertuin,"12,00 meter diep en 6,00 meter breed",Gelegen op het westen bereikbaar via achterom,,Openbaar parkeren,1.06,37%,€ 3.816,,"Gas gestookt, eigendom",Vrijstaande stenen garage,1 auto,,,,,,,,,,,,,,,,,,334810.7153056451,True,15189.284694354923,15189.284694354923
https://www.funda.nl/detail/koop/almere/huis-danny-kayestraat-26/89789609/,Danny Kayestraat,26.0,1325 GG,Almere,Filmwijk Bouwrai Noord,550000.0,€ 4.867,Beschikbaar,"Eengezinswoning, tussenwoning",Bestaande bouw,1992,,Zadeldak,,113 m²,,,5 m²,138 m²,400 m³,5 kamers (4 slaapkamers),1 apart toilet,,2 woonlagen,,A,"Dakisolatie, dubbel glas en muurisolatie",Stadsverwarming,,138 m²,Volle eigendom,In woonwijk,Achtertuin en voortuin,"70 m² (14,00 meter diep en 5,00 meter breed)",Gelegen op het zuidwesten bereikbaar via achterom,,,1.37,40%,€ 4.562,,,,,,,,,,,,,,,,,,,,,,441369.26333640935,True,108630.73666359065,108630.73666359065
https://www.funda.nl/detail/koop/almere/huis-prismastraat-48/89665308/,Prismastraat,48.0,1339 AM,Almere,Regenboogbuurt West,410000.0,€ 4.824,Verkocht onder voorbehoud,"Eengezinswoning, tussenwoning",Bestaande bouw,1996,,Plat dak,,85 m²,41 m²,,,131 m²,397 m³,4 kamers (3 slaapkamers),1 badkamer en 1 apart toilet,"Douche, ligbad, en toilet",2 woonlagen en een kelder,"Elektrische deur, elektra en stromend water",B,Dubbel glas en muurisolatie,Cv-ketel,Cv-ketel,131 m²,Volle eigendom,Aan rustige weg,Achtertuin,"55 m² (11,50 meter diep en 4,80 meter breed)",Gelegen op het zuidwesten bereikbaar via achterom,Inpandig,Op eigen terrein en openbaar parkeren,1.81,46%,€ 3.710,,Nefit Easy ( combiketel),Inpandig,1 auto,,,,,,,,,,,,,,,,,,366388.5924234366,True,43611.40757656342,43611.40757656342
https://www.funda.nl/detail/koop/almere/huis-woestduijnstraat-25/43209576/,Woestduijnstraat,25.0,1335 TR,Almere,Oostvaardersbuurt Oost,450000.0,€ 3.689,Verkocht onder voorbehoud,"Eengezinswoning, tussenwoning",Bestaande bouw,2001,Gedeeltelijk gestoffeerd,Lessenaardak bedekt met bitumineuze dakbedekking,,122 m²,,12 m²,7 m²,140 m²,410 m³,6 kamers (3 slaapkamers),1 badkamer,"Dubbele wastafel, inloopdouche, toilet, en wastafelmeubel",3 woonlagen en een vliering,"Glasvezelkabel, mechanische ventilatie, TV kabel, en zonnepanelen",A,"Dakisolatie, dubbel glas, muurisolatie, vloerisolatie en volledig geïsoleerd",Cv-ketel,Cv-ketel,140 m²,Volle eigendom,Aan rustige weg en in woonwijk,Achtertuin en voortuin,"31 m² (6,00 meter diep en 5,12 meter breed)",Gelegen op het noordwesten bereikbaar via achterom,Vrijstaande houten berging,Op eigen terrein en openbaar parkeren,2.165,54%,€ 3.598,,"Gas gestookt combiketel uit 2012, eigendom",Carport en parkeerplaats,,,,,,,,,,,,,,,,,,,454054.29452851595,True,-4054.2945285159512,4054.2945285159512
https://www.funda.nl/detail/koop/almere/huis-haydnplantsoen-82/89759862/,Haydnplantsoen,82.0,1323 EH,Almere,Muziekwijk Z.-Oost,450000.0,€ 4.054,Onder bod,"Eengezinswoning, tussenwoning",Bestaande bouw,1987,,Zadeldak bedekt met pannen,,111 m²,,,21 m²,144 m²,364 m³,4 kamers (3 slaapkamers),1 badkamer en 1 apart toilet,"Douche, wastafel, en wastafelmeubel",2 woonlagen en een zolder,Elektra,A,Dubbel glas,Stadsverwarming,Stadsverwarming,144 m²,Volle eigendom,"Aan park, in woonwijk en vrij uitzicht",Achtertuin en voortuin,"58 m² (11,50 meter diep en 5,00 meter breed)",Gelegen op het oosten,Vrijstaande stenen berging,Openbaar parkeren,2.99,35%,€ 4.128,Energie Prestatie Advies,,,,,,,,,,,,,,,,,,,,,467283.6839339767,True,-17283.68393397669,17283.68393397669
https://www.funda.nl/detail/koop/almere/huis-swingstraat-61/89771293/,Swingstraat,61.0,1326 PR,Almere,Danswijk Noordoost,450000.0,€ 4.167,Beschikbaar,"Eengezinswoning, tussenwoning",Bestaande bouw,1997,,Zadeldak bedekt met pannen,,108 m²,,8 m²,7 m²,131 m²,350 m³,5 kamers (4 slaapkamers),1 badkamer en 1 apart toilet,Inloopdouche en wastafelmeubel,3 woonlagen en een vliering,Elektra,A+,Volledig geïsoleerd,Stadsverwarming,Stadsverwarming,131 m²,Volle eigendom,In woonwijk,Achtertuin,"59 m² (11,00 meter diep en 5,40 meter breed)",Gelegen op het zuidoosten bereikbaar via achterom,Vrijstaande houten berging,Openbaar parkeren,2.16,48%,€ 4.216,,,,,,,,,,,,,,,,,,,,,,453629.205481432,True,-3629.205481432029,3629.205481432029
https://www.funda.nl/detail/koop/almere/huis-jamaicastraat-33/43246203/,Jamaicastraat,33.0,1339 KM,Almere,Eilandenbuurt Oost,550000.0,€ 3.901,Beschikbaar,"Eengezinswoning, geschakelde woning",Bestaande bouw,2001,Gedeeltelijk gestoffeerd,Plat dak bedekt met bitumineuze dakbedekking,,141 m²,,20 m²,9 m²,268 m²,525 m³,4 kamers (3 slaapkamers),1 badkamer en 1 apart toilet,"Dubbele wastafel, inloopdouche, en toilet",2 woonlagen,Elektra,B,Volledig geïsoleerd,Cv-ketel,Cv-ketel,268 m²,Volle eigendom,Aan rustige weg en in woonwijk,Achtertuin en voortuin,"117 m² (13,00 meter diep en 9,00 meter breed)",Gelegen op het oosten,Vrijstaande houten berging,Op eigen terrein,1.475,41%,€ 3.838,,"Itho (gas gestookt combiketel, eigendom)",Parkeerplaats,,,,,,,,,,,,,,,,,,,528581.7594372057,True,21418.240562794264,21418.240562794264
https://www.funda.nl/detail/koop/almere/huis-wodanstraat-16/89628862/,Wodanstraat,16.0,1363 WC,Almere,Homeruskwartier Zuid,645000.0,€ 4.962,Beschikbaar,"Eengezinswoning, tussenwoning",Bestaande bouw,2011,,Zadeldak bedekt met pannen,,130 m²,,,,126 m²,510 m³,6 kamers (5 slaapkamers),1 badkamer en 1 apart toilet,"Douche, ligbad, toilet, wastafel, en wastafelmeubel",3 woonlagen,Mechanische ventilatie en zonnepanelen,A++,"Dubbel glas, HR-glas en volledig geïsoleerd",Stadsverwarming en gedeeltelijke vloerverwarming,Stadsverwarming,126 m²,Volle eigendom,"Aan park, aan rustige weg en in woonwijk",Achtertuin en voortuin,,,Aangebouwde stenen berging,Op eigen terrein en openbaar parkeren,2.42,45%,€ 4.952,,,,,,,,,,,,,,,,,,,,,,568690.3347582866,True,76309.6652417134,76309.6652417134
https://www.funda.nl/detail/koop/almere/huis-kimwierde-222/43247610/,Kimwierde,222.0,1353 EA,Almere,"Hoekwierde, Kimwierde en Zandwierde",435000.0,€ 4.265,Onder bod,"Eengezinswoning, tussenwoning",Bestaande bouw,1983,,Plat dak bedekt met bitumineuze dakbedekking,,102 m²,,,8 m²,127 m²,324 m³,4 kamers (3 slaapkamers),1 badkamer en 1 apart toilet,"Ligbad, toilet, en wastafelmeubel",2 woonlagen,Elektra,A,Dubbel glas en vloerisolatie,Cv-ketel,Cv-ketel,127 m²,Volle eigendom,"Aan rustige weg, in woonwijk en vrij uitzicht",Achtertuin,"0,13 meter diep en 0,05 meter breed",Gelegen op het zuiden bereikbaar via achterom,Vrijstaande stenen berging,Openbaar parkeren,1.57,32%,,,"HR 107 (gas gestookt combiketel, eigendom)",,,,,,,,,,,,,,,,,,,,400205.54585970123,True,34794.45414029877,34794.45414029877
https://www.funda.nl/detail/koop/almere/huis-lastdragerstraat-72/89756297/,Lastdragerstraat,72.0,1335 VD,Almere,Oostvaardersbuurt Oost,447500.0,€ 3.761,Onder bod,"Eengezinswoning, tussenwoning",Bestaande bouw,2001,,,,119 m²,,,7 m²,140 m²,394 m³,5 kamers (4 slaapkamers),1 badkamer en 1 apart toilet,"Douche, toilet, en wastafelmeubel",3 woonlagen,Elektra,A,Dubbel glas en volledig geïsoleerd,Cv-ketel,Cv-ketel,140 m²,Volle eigendom,Aan rustige weg en in woonwijk,Achtertuin en voortuin,"44 m² (8,88 meter diep en 5,00 meter breed)",Gelegen op het zuidoosten bereikbaar via achterom,Vrijstaande houten berging,Op eigen terrein,2.165,54%,€ 3.598,,"Gas gestookt combiketel, eigendom",,,,,,,,,,,,,,,,,,,,473033.62662793696,True,-25533.62662793696,25533.62662793696
https://www.funda.nl/detail/koop/almere/huis-smaragdhof-24/43305966/,Smaragdhof,24.0,1339 HP,Almere,Regenboogbuurt Zuid,450000.0,€ 4.054,Beschikbaar,"Eengezinswoning, tussenwoning",Bestaande bouw,1997,,Lessenaardak bedekt met bitumineuze dakbedekking,,111 m²,,,7 m²,162 m²,419 m³,4 kamers (3 slaapkamers),1 badkamer en 1 apart toilet,"Douche, ligbad, toilet, wastafel, en wastafelmeubel",2 woonlagen,Elektra,A,Geen isolatie,Cv-ketel en gedeeltelijke vloerverwarming,Cv-ketel,162 m²,Volle eigendom,Aan rustige weg en in woonwijk,Achtertuin en voortuin,"56 m² (10,00 meter diep en 5,62 meter breed)",Gelegen op het zuidwesten,Vrijstaande houten berging,Openbaar parkeren,1.07,47%,€ 3.634,,"Remeha Tzerra M (gas gestookt combiketel uit 2017, eigendom)",,,,,,,,,,,,,,,,,,,,457739.89491777495,True,-7739.8949177749455,7739.8949177749455
https://www.funda.nl/detail/koop/almere/huis-annie-bosstraat-38/43397460/,Annie Bosstraat,38.0,1325 ND,Almere,Filmwijk Midden,525000.0,€ 4.038,Beschikbaar,"Eengezinswoning, hoekwoning",Bestaande bouw,1995,Gedeeltelijk gestoffeerd,Zadeldak bedekt met pannen,,130 m²,,1 m²,15 m²,153 m²,441 m³,5 kamers (4 slaapkamers),2 badkamers en 2 aparte toiletten,"Douche, dubbele wastafel, toilet, 2 wastafelmeubels, inloopdouche, en wastafel",3 woonlagen,"Dakraam, glasvezelkabel, mechanische ventilatie, TV kabel, en zonnepanelen",A+,Volledig geïsoleerd,Stadsverwarming,Stadsverwarming,153 m²,Volle eigendom,Aan rustige weg en in woonwijk,Achtertuin en voortuin,"42 m² (7,40 meter diep en 5,70 meter breed)",Gelegen op het noordoosten bereikbaar via achterom,,Openbaar parkeren,1.95,48%,€ 4.045,,,"Niet aanwezig, wel mogelijk",,,,,,,,,,,,,,,,,,,545097.1668141859,False,-20097.16681418591,20097.16681418591
https://www.funda.nl/detail/koop/almere/huis-kiel-20/43351595/,Kiel,20.0,1319 CL,Almere,Noorderplassen W.-Zuid,575000.0,€ 3.571,Beschikbaar,"Eengezinswoning, eindwoning",Bestaande bouw,2004,,Plat dak bedekt met bitumineuze dakbedekking,,161 m²,,22 m²,10 m²,158 m²,535 m³,6 kamers (5 slaapkamers),1 badkamer en 2 aparte toiletten,"Douche, dubbele wastafel, ligbad, en wastafelmeubel",3 woonlagen,Elektra,A,Geen isolatie,Stadsverwarming en gedeeltelijke vloerverwarming,Stadsverwarming,158 m²,Volle eigendom,Aan rustige weg en in woonwijk,Achtertuin en voortuin,"60 m² (10,00 meter diep en 6,00 meter breed)",Gelegen op het zuiden bereikbaar via achterom,Vrijstaande stenen berging,Op eigen terrein en openbaar parkeren,2.185,51%,€ 3.998,,,Parkeerplaats,,,,Dakterras aanwezig,,,,,,,,,,,,,,,677858.0468210048,True,-102858.04682100483,102858.04682100483
https://www.funda.nl/detail/koop/almere/huis-vrijstaande-bungalow-bouwnr-338/43251792/,Vrijstaande Bungalow (Bouwnr. 338),,1349 NC,Almere,Oosterwold Zuid,681500.0,€ 7.408,Verkocht onder voorbehoud,"Bungalow, vrijstaande woning",Nieuwbouw,2026,,,,92 m²,,,,340 m²,276 m³,4 kamers (3 slaapkamers),1 badkamer en 1 apart toilet,,1 woonlaag,,Niet beschikbaar,,,,340 m²,,In bosrijke omgeving,,,,,Op eigen terrein,3.53,40%,€ 5.670,,,,,,,,,,,,,,,,,,,,,,689921.8658490449,True,-8421.865849044872,8421.865849044872
https://www.funda.nl/detail/koop/almere/huis-fokkeboom-42/43363737/,Fokkeboom,42.0,1319 BK,Almere,Noorderplassen W.-Zuid,659500.0,€ 4.644,Beschikbaar,"Eengezinswoning, hoekwoning",Bestaande bouw,2004,Gedeeltelijk gestoffeerd,Plat dak bedekt met bitumineuze dakbedekking,,142 m²,3 m²,72 m²,313 m²,295 m²,532 m³,4 kamers (3 slaapkamers),1 badkamer en 2 aparte toiletten,"Douche, dubbele wastafel, en wastafelmeubel",3 woonlagen,Elektra en verwarming,A,Volledig geïsoleerd,Stadsverwarming en warmtepomp,Stadsverwarming,295 m²,Volle eigendom,"Aan rustige weg, aan vaarwater, in woonwijk en vrij uitzicht",Voortuin en zonneterras,,Gelegen op het oosten,Inpandig,Op eigen terrein,2.185,51%,€ 3.998,,,,,,,Dakterras aanwezig,,,,,,,,,,,"21 m² (4,90 meter diep en 4,27 meter breed)",,,,614460.803051273,True,45039.19694872701,45039.19694872701
https://www.funda.nl/detail/koop/almere/huis-tweekapper-bouwnr-13/89569049/,Tweekapper (Bouwnr. 13),,1361 BS,Almere,Duin Zuid,965000.0,€ 5.391,Beschikbaar,"Eengezinswoning, 2-onder-1-kapwoning",Nieuwbouw,2026,,,,179 m²,,49 m²,5 m²,233 m²,465 m³,5 kamers (4 slaapkamers),1 badkamer en 1 apart toilet,,3 woonlagen,Balansventilatie en zonnepanelen,A++,,Stadsverwarming,,233 m²,,Aan bosrand,,,,Aangebouwde houten berging,Op eigen terrein,2.055,30%,€ 5.624,Woningborg Garantiecertificaat,,,,,,,,,,,,,,,,,,,,,973319.9035506513,True,-8319.903550651274,8319.903550651274
https://www.funda.nl/detail/koop/almere/huis-zwinpad-1/43376623/,Zwinpad,1.0,1317 CK,Almere,Waterwijk West,400000.0,€ 3.810,Onder bod,"Eengezinswoning, eindwoning",Bestaande bouw,1983,,Zadeldak bedekt met pannen,,105 m²,4 m²,,6 m²,126 m²,378 m³,5 kamers (4 slaapkamers),1 badkamer en 1 apart toilet,"Dubbele wastafel, inloopdouche, toilet, en wastafelmeubel",2 woonlagen en een zolder,Elektra,B,"Dakisolatie, dubbel glas, muurisolatie en vloerisolatie",Stadsverwarming,Stadsverwarming,126 m²,Volle eigendom,,Achtertuin en voortuin,"55 m² (10,00 meter diep en 5,50 meter breed)",Gelegen op het zuidoosten bereikbaar via achterom,Aangebouwde stenen berging,Openbaar parkeren,1.62,42%,€ 3.779,,,,,,,,,,,,,,,,,,,,,,410725.1438195001,False,-10725.14381950011,10725.14381950011
https://www.funda.nl/detail/koop/almere/huis-anna-pavlovastraat-30/43368236/,Anna Pavlovastraat,30.0,1326 TK,Almere,Danswijk Zuidoost,419500.0,€ 3.746,Verkocht onder voorbehoud,"Eengezinswoning, tussenwoning",Bestaande bouw,1998,,Zadeldak bedekt met pannen,,112 m²,,1 m²,8 m²,133 m²,377 m³,5 kamers (4 slaapkamers),1 badkamer en 1 apart toilet,"Douche, ligbad, toilet, wastafel, en wastafelmeubel",3 woonlagen,"Dakraam, glasvezelkabel, mechanische ventilatie, natuurlijke ventilatie, TV kabel, en zonnepanelen",A,"Dakisolatie, dubbel glas, muurisolatie, vloerisolatie en volledig geïsoleerd",Stadsverwarming,Stadsverwarming,133 m²,Volle eigendom,In woonwijk,Achtertuin en voortuin,"66 m² (11,00 meter diep en 6,00 meter breed)",Gelegen op het zuidoosten bereikbaar via achterom,Vrijstaande houten berging,Openbaar parkeren,1.165,55%,,,,,,,,,,,,,,,,,,,,,,,453390.0067611136,True,-33890.00676111359,33890.00676111359
https://www.funda.nl/detail/koop/almere/huis-topzeil-18/43387705/,Topzeil,18.0,1319 EJ,Almere,Noorderplassen W.-West,539000.0,€ 3.934,Beschikbaar,"Herenhuis, tussenwoning",Bestaande bouw,2012,Gedeeltelijk gestoffeerd,Plat dak bedekt met bitumineuze dakbedekking,,137 m²,,15 m²,6 m²,96 m²,478 m³,5 kamers (4 slaapkamers),1 badkamer en 1 apart toilet,"Inloopdouche, ligbad, en toilet",3 woonlagen,Elektra,A,Geen isolatie,Stadsverwarming,Stadsverwarming,96 m²,Volle eigendom,"Aan rustige weg, in woonwijk en vrij uitzicht",Achtertuin,"28 m² (4,70 meter diep en 6,00 meter breed)",Gelegen op het noorden bereikbaar via achterom,Vrijstaande houten berging,Openbaar parkeren,1.62,71%,€ 4.496,,,,,,,Dakterras aanwezig,,,,,,,,,,,,,,,562397.9700602541,True,-23397.970060254098,23397.970060254098
https://www.funda.nl/detail/koop/almere/huis-jan-hanlostraat-18/89764622/,Jan Hanlostraat,18.0,1321 ST,Almere,Literatuurwijk Midden-west,595000.0,€ 4.103,Verkocht onder voorbehoud,"Eengezinswoning, geschakelde woning",Bestaande bouw,2001,,Plat dak bedekt met bitumineuze dakbedekking,,145 m²,,,8 m²,219 m²,497 m³,6 kamers (4 slaapkamers),1 badkamer,"Douche, dubbele wastafel, ligbad, en toilet",2 woonlagen,"Airconditioning, glasvezelkabel, mechanische ventilatie, rolluiken, en zonnepanelen",A+,Volledig geïsoleerd,Stadsverwarming en gedeeltelijke vloerverwarming,Stadsverwarming,219 m²,Volle eigendom,In woonwijk en open ligging,Achtertuin en voortuin,"69 m² (9,32 meter diep en 7,44 meter breed)",Gelegen op het noordwesten,Vrijstaande houten berging,Op eigen terrein en openbaar parkeren,2.055,48%,€ 4.120,,,,,,,,,,,,,,,,,,,,,,536365.0563238454,True,58634.943676154595,58634.943676154595
https://www.funda.nl/detail/koop/almere/huis-hoekwoning-bouwnr-4/89679590/,Hoekwoning (Bouwnr. 4),,1361 BS,Almere,Duin Zuid,675000.0,€ 5.769,Verkocht onder voorbehoud,"Eengezinswoning, hoekwoning",Nieuwbouw,2026,,,,117 m²,,25 m²,5 m²,246 m²,304 m³,4 kamers (3 slaapkamers),1 badkamer en 1 apart toilet,,2 woonlagen,Elektra,A++,,Stadsverwarming,,246 m²,,,,,,Aangebouwde houten berging,Op eigen terrein,2.055,30%,€ 5.624,Woningborg Garantiecertificaat,,,,,,,,,,,,,,,,,,,,,668284.1861076542,True,6715.813892345759,6715.813892345759
https://www.funda.nl/detail/koop/almere/huis-tussenwoning-type-b-bouwnr-7/43369214/,Tussenwoning Type B (Bouwnr. 7),,1325 VW,Almere,Laterna Magikapark,645000.0,€ 4.813,Beschikbaar,"Eengezinswoning, tussenwoning",Nieuwbouw,Na 2020,,,,134 m²,,,,147 m²,350 m³,5 kamers (4 slaapkamers),1 badkamer en 2 aparte toiletten,Inloopdouche,3 woonlagen,,A+++,,,,147 m²,,Aan park,,,,Vrijstaande houten berging,,20.0,,,,,,,,,,,,,,,,,,,,,,,,646212.1965524415,True,-1212.1965524414554,1212.1965524414554
https://www.funda.nl/detail/koop/almere/huis-daniel-stalpaertstraat-23/89725389/,Daniël Stalpaertstraat,23.0,1333 NA,Almere,Bouwmeesterbuurt West,445000.0,€ 4.083,Beschikbaar,"Eengezinswoning, tussenwoning",Bestaande bouw,1988,Gedeeltelijk gestoffeerd,Zadeldak bedekt met pannen,,109 m²,3 m²,12 m²,,146 m²,401 m³,5 kamers (4 slaapkamers),1 badkamer en 1 apart toilet,"Inloopdouche, toilet, wastafel, en wastafelmeubel",2 woonlagen en een zolder,Elektra,A,Geen isolatie,Cv-ketel,Cv-ketel,146 m²,Volle eigendom,"Aan park, aan rustige weg, aan water, in woonwijk, open ligging en vrij uitzicht",Achtertuin,"57 m² (10,55 meter diep en 5,37 meter breed)",Gelegen op het zuidwesten,Aangebouwde stenen berging,Openbaar parkeren,950.0,43%,,,"Intergas CW 4 - HRE (gas gestookt combiketel uit 2025, eigendom)",,,,,,,,,,,,,,,,,,,,439189.9147891924,True,5810.0852108076215,5810.0852108076215
https://www.funda.nl/detail/koop/almere/huis-rozenwerf-128/43394595/,Rozenwerf,128.0,1355 AM,Almere,Rozenwerf en Tuinderswerf,350000.0,€ 3.723,Beschikbaar,"Eengezinswoning, tussenwoning",Bestaande bouw,1977,,,,94 m²,,,8 m²,137 m²,311 m³,4 kamers (3 slaapkamers),,,2 woonlagen,Glasvezelkabel en mechanische ventilatie,A,,Cv-ketel,Cv-ketel,137 m²,,"Aan bosrand, aan rustige weg en in woonwijk",,,,,,575.0,35%,€ 4.226,,"Gas gestookt, eigendom",Vrijstaande stenen garage,1 auto,,,,,,,,,,,,,,,,,,362420.3675870347,True,-12420.367587034707,12420.367587034707
https://www.funda.nl/detail/koop/almere/huis-galjoenstraat-13/89766374/,Galjoenstraat,13.0,1335 SR,Almere,Oostvaardersbuurt Noord,665000.0,€ 4.618,Beschikbaar,"Eengezinswoning, 2-onder-1-kapwoning",Bestaande bouw,1999,Gedeeltelijk gestoffeerd,Plat dak bedekt met bitumineuze dakbedekking,,144 m²,,8 m²,19 m²,263 m²,485 m³,5 kamers (4 slaapkamers),2 badkamers en 1 apart toilet,"2 douches, dubbele wastafel, ligbad, 2 toiletten, wastafelmeubel, en wastafel",3 woonlagen,Elektra,B,Geen isolatie,"Cv-ketel, gaskachels, gedeeltelijke vloerverwarming en warmte terugwininstallatie",Cv-ketel,263 m²,Volle eigendom,"Aan rustige weg, in bosrijke omgeving en in woonwijk","Achtertuin, voortuin en zijtuin","116 m² (12,60 meter diep en 9,24 meter breed)",Gelegen op het noordoosten,,Op eigen terrein en openbaar parkeren,1.035,52%,€ 4.140,,"Vaillant (gas gestookt combiketel uit 2021, huur)",Vrijstaande stenen garage,1 auto,,,Balkon aanwezig,,,,,,,,,,,,,,,648186.1788838127,True,16813.82111618726,16813.82111618726
https://www.funda.nl/detail/koop/almere/huis-korenbloemweg-27/43371879/,Korenbloemweg,27.0,1338 SR,Almere,Bloemenbuurt Noord,490000.0,€ 4.579,Verkocht onder voorbehoud,"Bungalow, geschakelde woning (semi-bungalow)",Bestaande bouw,1996,,,,107 m²,,,7 m²,168 m²,372 m³,4 kamers (3 slaapkamers),1 badkamer en 1 apart toilet,"Inloopdouche, wastafel, en wastafelmeubel",2 woonlagen,Buitenzonwering en rolluiken,A,,Cv-ketel,Cv-ketel,168 m²,Volle eigendom,"Aan rustige weg, in bosrijke omgeving en in woonwijk",Achtertuin en voortuin,"65 m² (10,00 meter diep en 7,00 meter breed)",Gelegen op het noordoosten,Vrijstaande houten berging,Openbaar parkeren,1.265,37%,€ 3.781,,Eigendom,,,,,,,,,,,,,,,,,,,,492223.36580499954,False,-2223.365804999543,2223.365804999543
https://www.funda.nl/detail/koop/almere/huis-oeverwalweg-117/43314684/,Oeverwalweg,117.0,1349 JC,Almere,Oosterwold Zuid,775000.0,€ 6.568,Beschikbaar,"Eengezinswoning, vrijstaande woning",Bestaande bouw,2022,,Zadeldak bedekt met pannen,,118 m²,,20 m²,11 m²,1.144 m²,410 m³,3 kamers (3 slaapkamers),1 badkamer en 1 apart toilet,"Douche, toilet, wastafel, en wastafelmeubel",2 woonlagen,Elektra,A+++,,Warmtepomp,,1.144 m² (deelperceel),,"Aan rustige weg, in woonwijk en vrij uitzicht",Tuin rondom,,,Vrijstaande houten berging,Op eigen terrein,3.53,40%,€ 5.670,,,,,,,,,,,,,,,,,,,,,,784003.8454243855,True,-9003.845424385509,9003.845424385509
https://www.funda.nl/detail/koop/almere/huis-herenhuis-bouwnr-11/89460261/,Herenhuis (Bouwnr. 11),,1362 JT,Almere,Europakwartier Oost (brt),699126.0,€ 4.923,Onder optie,"Herenhuis, hoekwoning",Nieuwbouw,2026,,,,142 m²,,,6 m²,153 m²,369 m³,5 kamers (4 slaapkamers),1 badkamer en 1 apart toilet,,3 woonlagen,Zonnepanelen,A+++,,,,153 m²,,,,,,Vrijstaande houten berging,Openbaar parkeren,2.27,44%,€ 4.829,Woningborg Garantiecertificaat,,,,,,,,,,,,,,,,,,,,,668386.833566827,True,30739.166433173,30739.166433173
https://www.funda.nl/detail/koop/almere/huis-a1-bouwnr-10/43809568/,A1 (Bouwnr. 10),,1362 LC,Almere,Olympiakwartier Oost (brt),522660.0,€ 4.667,Verkocht onder voorbehoud,"Eengezinswoning, tussenwoning",Nieuwbouw,2025,,,,112 m²,,,,90 m²,404 m³,5 kamers (4 slaapkamers),,,3 woonlagen,,A++,,,,90 m²,,In woonwijk,,,,Vrijstaande houten berging,,125.0,,,,,,,,,,,,,,,,,,,,,,,,532242.0756886163,True,-9582.075688616256,9582.075688616256
https://www.funda.nl/detail/koop/almere/huis-gipskruidweg-98/43225147/,Gipskruidweg,98.0,1313 CV,Almere,Kruidenwijk Noord- midden,420000.0,€ 3.443,Beschikbaar,"Eengezinswoning, tussenwoning",Bestaande bouw,1987,,Zadeldak bedekt met pannen,,122 m²,,,4 m²,136 m²,420 m³,5 kamers (4 slaapkamers),1 badkamer en 1 apart toilet,"Douche, toilet, en wastafel",3 woonlagen,Elektra,A,Geen isolatie,Stadsverwarming,Centrale voorziening,136 m²,Volle eigendom,Aan rustige weg en in woonwijk,Achtertuin en voortuin,"59 m² (11,00 meter diep en 5,40 meter breed)",Gelegen op het noordoosten bereikbaar via achterom,Vrijstaande houten berging,Openbaar parkeren,1.555,39%,€ 3.819,,,,,,,,,,,,,,,,,,,,,,448135.2436229953,True,-28135.243622995273,28135.243622995273
https://www.funda.nl/detail/koop/almere/huis-alex-bennostraat-3/43228961/,Alex Bennostraat,3.0,1325 PB,Almere,Filmwijk Midden,1200000.0,€ 4.781,Beschikbaar,"Eengezinswoning, vrijstaande woning",Bestaande bouw,1996,,Plat dak,,251 m²,,96 m²,7 m²,976 m²,838 m³,7 kamers (6 slaapkamers),1 badkamer en 2 aparte toiletten,"Douche, ligbad, en wastafelmeubel",3 woonlagen,Glasvezelkabel en zonnepanelen,A,Dubbel glas en volledig geïsoleerd,Stadsverwarming,Stadsverwarming,976 m²,Volle eigendom,"Aan vaarwater, aan water en in woonwijk",Tuin rondom,,,Vrijstaand kunststof,Op eigen terrein en openbaar parkeren,1.95,48%,€ 4.045,,,,,,,Dakterras aanwezig en balkon aanwezig,,,,,,,,,,,,,,,1074289.3342614714,True,125710.6657385286,125710.6657385286
https://www.funda.nl/detail/koop/almere/huis-tempo-doeloestraat-172/43305397/,Tempo Doeloestraat,172.0,1336 NB,Almere,Indische Buurt Oost,365000.0,€ 4.244,Onder bod,"Eengezinswoning, tussenwoning",Bestaande bouw,2014,,Plat dak bedekt met bitumineuze dakbedekking,,86 m²,,13 m²,6 m²,86 m²,301 m³,4 kamers (3 slaapkamers),1 badkamer en 1 apart toilet,"Inloopdouche, toilet, wastafel, en wastafelmeubel",3 woonlagen,Elektra,A,Volledig geïsoleerd,Cv-ketel en warmte terugwininstallatie,Cv-ketel,86 m²,Volle eigendom,,Voortuin,,,Aangebouwde houten berging,Op eigen terrein,1.625,43%,€ 5.149,,"Intergas HRE (gas gestookt combiketel uit 2014, eigendom)",,,,,Dakterras aanwezig,,,,,"45 m² (7,50 meter diep en 6,00 meter breed)",,,,,,,,,,397595.6643772782,False,-32595.664377278183,32595.664377278183
https://www.funda.nl/detail/koop/almere/huis-schaakveld-44/43122193/,Schaakveld,44.0,1359 HN,Almere,De Velden Noord,1180000.0,€ 6.592,Beschikbaar,"Eengezinswoning, vrijstaande woning",Bestaande bouw,1999,Gedeeltelijk gestoffeerd,Zadeldak bedekt met pannen,,179 m²,32 m²,23 m²,18 m²,791 m²,754 m³,5 kamers (4 slaapkamers),2 badkamers en 2 aparte toiletten,"2 douches, toilet, wastafel, dubbele wastafel, en ligbad",2 woonlagen,"Elektrische deur, elektra, verwarming en stromend water",A,"Dakisolatie, muurisolatie, vloerisolatie en volledig geïsoleerd",Cv-ketel,Cv-ketel,791 m²,Volle eigendom,"Aan bosrand, aan rustige weg, beschutte ligging en in woonwijk","Achtertuin, tuin rondom, voortuin en zijtuin","450 m² (16,98 meter diep en 26,49 meter breed)",Gelegen op het zuidoosten,,Op eigen terrein,510.0,42%,,,"Nefit HR combi (gas gestookt combiketel uit 2012, eigendom)",Aangebouwde stenen garage,1 auto,,,,,,,,,,,,,,,,,,962603.7961556829,True,217396.20384431712,217396.20384431712
https://www.funda.nl/detail/koop/almere/huis-middachtenlaan-76/89603194/,Middachtenlaan,76.0,1333 XR,Almere,Landgoederenbuurt Oost,550000.0,€ 3.767,Verkocht onder voorbehoud,"Eengezinswoning, tussenwoning",Bestaande bouw,1992,,Samengesteld dak bedekt met pannen,,146 m²,,,,150 m²,517 m³,6 kamers (5 slaapkamers),1 badkamer en 1 apart toilet,"Douche, dubbele wastafel, en inloopdouche",3 woonlagen,Elektra,A,"Dakisolatie, dubbel glas, muurisolatie en vloerisolatie",Gaskachels en gedeeltelijke vloerverwarming,Elektrische boiler,150 m²,Volle eigendom,Aan rustige weg en in woonwijk,Achtertuin,,,Vrijstaande houten berging,Openbaar parkeren,1.35,51%,,,,,,€ 575.000 kosten koper,,,,,,,,,,,,,,,,,542265.5300058835,True,7734.469994116458,7734.469994116458
https://www.funda.nl/detail/koop/almere/huis-texelstraat-33/89765145/,Texelstraat,33.0,1339 TH,Almere,Eilandenbuurt Noord,395000.0,€ 4.489,Beschikbaar,"Eengezinswoning, tussenwoning",Bestaande bouw,2002,,Plat dak bedekt met bitumineuze dakbedekking,,88 m²,,,7 m²,144 m²,246 m³,4 kamers (3 slaapkamers),1 badkamer en 1 apart toilet,"Douche, toilet, wastafel, en wastafelmeubel",2 woonlagen,"Glasvezelkabel, mechanische ventilatie, natuurlijke ventilatie, en zonnepanelen",A++,,Elektrische verwarming,,144 m²,Volle eigendom,Aan rustige weg en in woonwijk,Achtertuin,"67 m² (13,72 meter diep en 4,86 meter breed)",Gelegen op het zuidwesten,Vrijstaande houten berging,Openbaar parkeren,1.445,47%,€ 4.129,,,,,,,,,,,,,,,,,,,,,,367803.5814764108,True,27196.418523589207,27196.418523589207
https://www.funda.nl/detail/koop/almere/huis-velsenpad-38/43370687/,Velsenpad,38.0,1324 RB,Almere,Stedenwijk Midden-noord,400000.0,€ 3.361,Verkocht,"Eengezinswoning, tussenwoning",Bestaande bouw,1981,Gedeeltelijk gestoffeerd,Zadeldak bedekt met pannen,,119 m²,7 m²,11 m²,,113 m²,424 m³,6 kamers (4 slaapkamers),1 badkamer en 1 apart toilet,"Douche, toilet, en wastafelmeubel",3 woonlagen,Elektra,A,Geen isolatie,Stadsverwarming,Stadsverwarming,113 m²,Volle eigendom,In woonwijk,Achtertuin en voortuin,"66 m² (12,00 meter diep en 5,50 meter breed)",Gelegen op het zuidwesten bereikbaar via achterom,Aangebouwde stenen berging,Openbaar parkeren,1.31,46%,€ 3.658,,,,,,,,,,,,,28 maart 2026,14 dagen,€ 400.000 kosten koper,,,,,,,428325.83066416025,True,-28325.830664160254,28325.830664160254
https://www.funda.nl/detail/koop/almere/huis-korhoenlaan-20/43130326/,Korhoenlaan,20.0,1343 AA,Almere,Vogelhorst Noord,1250000.0,€ 6.158,Beschikbaar,"Villa, vrijstaande woning",Bestaande bouw,1991,,Plat dak bedekt met bitumineuze dakbedekking,,203 m²,4 m²,1 m²,24 m²,1.757 m²,810 m³,7 kamers (4 slaapkamers),2 badkamers en 2 aparte toiletten,"2 douches, toilet, wastafel, dubbele wastafel, en ligbad",2 woonlagen,Elektra,B,Geen isolatie,Cv-ketel en open haard,Cv-ketel,702 m²,Volle eigendom,"Aan bosrand, aan rustige weg, in woonwijk en vrij uitzicht","Achtertuin, voortuin en zijtuin","1.000 m² (20,00 meter diep en 50,00 meter breed)",Gelegen op het zuidwesten bereikbaar via achterom,Vrijstaande houten berging,Openbaar parkeren,565.0,29%,€ 5.158,,"Combi (gas gestookt combiketel uit 2024, huur)",Parkeerplaats,,,,,,,,,,,,,,,,,,,1004847.5452846767,True,245152.45471532329,245152.45471532329
https://www.funda.nl/detail/koop/almere/huis-olle-kapoenstraat-11/89509696/,Olle Kapoenstraat,11.0,1336 GR,Almere,Stripheldenbuurt Midden- west,445000.0,€ 4.083,Beschikbaar,"Eengezinswoning, tussenwoning",Bestaande bouw,,,Zadeldak bedekt met pannen,,109 m²,,20 m²,9 m²,144 m²,388 m³,5 kamers (4 slaapkamers),,,3 woonlagen,Elektra,A,,Cv-ketel,Cv-ketel,144 m²,Volle eigendom,In woonwijk,Achtertuin,"44 m² (0,08 meter diep en 0,05 meter breed)",Gelegen op het noordoosten bereikbaar via achterom,Vrijstaande stenen berging,Openbaar parkeren,1.46,55%,€ 3.969,Politiekeurmerk,"Intergas (gas gestookt uit 2023, eigendom)",,,€ 475.000 kosten koper,,,,,,,,,,,2001-2010,,,,,,446383.4520873826,True,-1383.4520873826114,1383.4520873826114
https://www.funda.nl/detail/koop/almere/huis-hennahof-25/89670438/,Hennahof,25.0,1339 EC,Almere,Regenboogbuurt West,385000.0,€ 3.532,Verkocht onder voorbehoud,"Eengezinswoning, tussenwoning",Bestaande bouw,1996,Gestoffeerd,Plat dak bedekt met bitumineuze dakbedekking,,109 m²,8 m²,21 m²,,106 m²,360 m³,4 kamers (3 slaapkamers),1 badkamer en 1 apart toilet,"Douche, dubbele wastafel, en toilet",2 woonlagen,Mechanische ventilatie en TV kabel,A,Dubbel glas en volledig geïsoleerd,Cv-ketel,Cv-ketel,106 m²,Volle eigendom,"Aan park, aan rustige weg, aan water, in woonwijk en vrij uitzicht",Achtertuin,,,Aangebouwde stenen berging,Openbaar parkeren,1.81,46%,€ 3.710,,,,,,,,,,,,,,,,,,,,,,477833.140042903,True,-92833.14004290302,92833.14004290302
https://www.funda.nl/detail/koop/almere/huis-cissy-van-marxveldtstraat-30/89735143/,Cissy van Marxveldtstraat,30.0,1321 JT,Almere,Literatuurwijk Zuid,660000.0,€ 4.177,Beschikbaar,"Eengezinswoning, 2-onder-1-kapwoning",Bestaande bouw,1999,,Plat dak bedekt met bitumineuze dakbedekking en kunststof,,158 m²,9 m²,5 m²,,235 m²,558 m³,6 kamers (4 slaapkamers),1 badkamer en 1 apart toilet,"Douche, dubbele wastafel, inloopdouche, toilet, en wastafelmeubel",2 woonlagen,"Buitenzonwering, glasvezelkabel, mechanische ventilatie, natuurlijke ventilatie, schuifpui, TV kabel, en zonnepanelen",A+,"Dubbel glas, HR-glas en volledig geïsoleerd",Houtkachel en stadsverwarming,Stadsverwarming,235 m²,Volle eigendom,"Aan rustige weg, beschutte ligging en in woonwijk",Achtertuin en voortuin,"10,00 meter diep en 9,65 meter breed",Gelegen op het noordwesten,Aangebouwde stenen berging,Op eigen terrein en openbaar parkeren,2.07,55%,€ 3.990,,,,,,,,,,,,,,,,,,,,,,684834.4156787039,True,-24834.415678703925,24834.415678703925
https://www.funda.nl/detail/koop/almere/huis-ruslandkade-34/43399827/,Ruslandkade,34.0,1362 KK,Almere,Europakwartier Oost (brt),750000.0,€ 4.808,Beschikbaar,"Eengezinswoning, hoekwoning",Bestaande bouw,2023,,Zadeldak bedekt met pannen,,156 m²,,,6 m²,146 m²,634 m³,5 kamers (4 slaapkamers),1 badkamer en 1 apart toilet,"Douche, dubbele wastafel, en toilet",3 woonlagen,Elektra,A++,Volledig geïsoleerd,Stadsverwarming en gehele vloerverwarming,Stadsverwarming,146 m²,Volle eigendom,Aan rustige weg en in woonwijk,Achtertuin en voortuin,"50 m² (8,80 meter diep en 5,70 meter breed)",Gelegen op het westen bereikbaar via achterom,Vrijstaande houten berging,Openbaar parkeren,2.27,44%,€ 4.829,,,,,,,,,,,,,,,,,,,,,,686825.7285183645,True,63174.271481635515,63174.271481635515
https://www.funda.nl/detail/koop/almere/huis-achtknoop-6/43297502/,Achtknoop,6.0,1319 GL,Almere,Noorderplassen W.- Noord,875000.0,€ 4.944,Beschikbaar,"Eengezinswoning, 2-onder-1-kapwoning",Bestaande bouw,2013,,Dwarskap bedekt met pannen,,177 m²,10 m²,,,288 m²,658 m³,5 kamers (4 slaapkamers),1 badkamer en 1 apart toilet,"Douche, toilet, en wastafel",3 woonlagen,Elektra,A++,Volledig geïsoleerd,Stadsverwarming en gedeeltelijke vloerverwarming,,288 m²,Volle eigendom,"Aan rustige weg, in bosrijke omgeving, in woonwijk en open ligging","Achtertuin, voortuin en zijtuin","120 m² (12,00 meter diep en 10,00 meter breed)",Gelegen op het zuidoosten bereikbaar via achterom,Inpandig,Op eigen terrein,1.245,67%,€ 5.126,,,,,,,,,,,,,,,,,,,,,,830013.5156849038,True,44986.48431509617,44986.48431509617
https://www.funda.nl/detail/koop/almere/huis-wollegrasweg-45/43239022/,Wollegrasweg,45.0,1313 EM,Almere,Kruidenwijk Midden-west,440000.0,€ 4.151,Beschikbaar,"Eengezinswoning, hoekwoning",Bestaande bouw,1987,,Zadeldak bedekt met pannen,,106 m²,5 m²,1 m²,11 m²,161 m²,393 m³,5 kamers (4 slaapkamers),1 badkamer en 1 apart toilet,"Douche, toilet, wastafel, en wastafelmeubel",3 woonlagen,Dakraam en mechanische ventilatie,C,Geen isolatie,Stadsverwarming,Stadsverwarming,161 m²,Volle eigendom,"Aan rustige weg, in centrum en in woonwijk","Achtertuin, voortuin en zijtuin","86 m² (12,25 meter diep en 7,00 meter breed)",Gelegen op het oosten,Vrijstaande houten berging,Openbaar parkeren,1.345,37%,€ 4.082,,,,,,,,,,,,,,,,,,,,,,421429.6114042448,True,18570.388595755212,18570.388595755212
https://www.funda.nl/detail/koop/almere/huis-peppengouw-206/43377971/,Peppengouw,206.0,1351 NR,Almere,"Lindengouw, Muidergouw en Peppengouw",620000.0,€ 4.493,Beschikbaar,"Eengezinswoning, geschakelde 2-onder-1-kapwoning",Bestaande bouw,1981,Gedeeltelijk gestoffeerd,Samengesteld dak bedekt met bitumineuze dakbedekking en pannen,,138 m²,7 m²,,,240 m²,568 m³,5 kamers (4 slaapkamers),1 badkamer en 2 aparte toiletten,"Dubbele wastafel, inloopdouche, toilet, vloerverwarming, en wastafelmeubel",3 woonlagen en een vliering,Elektra,B,Geen isolatie,"Cv-ketel, houtkachel en gedeeltelijke vloerverwarming",Cv-ketel,240 m²,Volle eigendom,Aan rustige weg en in woonwijk,Achtertuin en voortuin,"135 m² (15,00 meter diep en 9,00 meter breed)",Gelegen op het noordoosten,Aangebouwde stenen berging,Op eigen terrein en openbaar parkeren,1.075,36%,€ 3.585,,"Nefit (2012, eigendom)",Parkeerplaats,,,,,,,,,,,,,,,,,,,588627.1348950943,True,31372.86510490568,31372.86510490568
https://www.funda.nl/detail/koop/almere/huis-dageraadstraat-26/89778694/,Dageraadstraat,26.0,1335 VN,Almere,Oostvaardersbuurt Oost,450000.0,€ 4.206,Beschikbaar,"Eengezinswoning, tussenwoning",Bestaande bouw,2001,,Zadeldak bedekt met pannen,,107 m²,,14 m²,7 m²,141 m²,360 m³,5 kamers (4 slaapkamers),1 badkamer en 1 apart toilet,"Inloopdouche, toilet, wastafel, en wastafelmeubel",3 woonlagen,Elektra,A,Volledig geïsoleerd,"Cv-ketel, gedeeltelijke vloerverwarming en warmtepomp",Cv-ketel,141 m²,Volle eigendom,Aan rustige weg en in woonwijk,Achtertuin en voortuin,"54 m² (9,00 meter diep en 6,00 meter breed)",Gelegen op het zuidwesten bereikbaar via achterom,Vrijstaande houten berging,Op eigen terrein,2.165,54%,€ 3.598,,"Gas gestookt combiketel uit 2024, eigendom",Carport,,,,,,,,,,,,,,,,,,,438285.52943348675,True,11714.47056651325,11714.47056651325
https://www.funda.nl/detail/koop/almere/huis-lingestraat-22/43314986/,Lingestraat,22.0,1316 CS,Almere,Waterwijk Zuid,425000.0,€ 4.208,Beschikbaar,"Eengezinswoning, eindwoning",Bestaande bouw,1982,,Zadeldak bedekt met pannen,,101 m²,,3 m²,10 m²,123 m²,351 m³,5 kamers (4 slaapkamers),1 badkamer en 1 apart toilet,"Douche, toilet, vloerverwarming, en wastafelmeubel",2 woonlagen en een zolder,Elektra,A,Volledig geïsoleerd,Stadsverwarming en gedeeltelijke vloerverwarming,Stadsverwarming,123 m²,Volle eigendom,Aan rustige weg en in woonwijk,Achtertuin en voortuin,"57 m² (10,90 meter diep en 5,20 meter breed)",Gelegen op het zuidoosten,Vrijstaande stenen berging,Openbaar parkeren,985.0,39%,€ 4.461,,,,,,,,,,,,,,,,,,,,,,402906.4723666505,True,22093.527633349528,22093.527633349528
https://www.funda.nl/detail/koop/almere/huis-ikihof-1/43387632/,Ikihof,1.0,1363 RV,Almere,Homeruskwartier Oost,550000.0,€ 5.093,Beschikbaar,"Eengezinswoning, vrijstaande woning",Bestaande bouw,2017,,Plat dak bedekt met bitumineuze dakbedekking,,108 m²,,16 m²,6 m²,121 m²,400 m³,4 kamers (3 slaapkamers),1 badkamer en 1 apart toilet,"Dubbele wastafel, inloopdouche, toilet, en wastafelmeubel",3 woonlagen,Elektra,A+,HR-glas en volledig geïsoleerd,Stadsverwarming,Stadsverwarming,121 m²,Volle eigendom,"Aan rustige weg, in bosrijke omgeving en in woonwijk",Achtertuin en zijtuin,"37 m² (3,50 meter diep en 10,50 meter breed)",Gelegen op het zuidwesten bereikbaar via achterom,Vrijstaande houten berging,Op eigen terrein en openbaar parkeren,1.46,65%,€ 4.427,,,,,,,Dakterras aanwezig,,,,,,,,,,,,,,,621011.2208012126,True,-71011.22080121259,71011.22080121259
https://www.funda.nl/detail/koop/almere/huis-muidergouw-79/43373572/,Muidergouw,79.0,1351 PH,Almere,"Lindengouw, Muidergouw en Peppengouw",500000.0,€ 4.545,Verkocht onder voorbehoud,"Eengezinswoning, geschakelde 2-onder-1-kapwoning",Bestaande bouw,1982,,Zadeldak bedekt met pannen,,110 m²,11 m²,20 m²,,214 m²,419 m³,4 kamers (3 slaapkamers),1 badkamer en 1 apart toilet,"Douche, dubbele wastafel, en toilet",3 woonlagen,"Buitenzonwering, dakraam, en mechanische ventilatie",C,,Cv-ketel,Cv-ketel,214 m²,Volle eigendom,"Aan bosrand, aan rustige weg, aan water, in bosrijke omgeving, in woonwijk, open ligging en vrij uitzicht",Achtertuin en voortuin,"86 m² (9,00 meter diep en 9,50 meter breed)",Gelegen op het zuidoosten,Aangebouwde houten berging,Openbaar parkeren,1.075,36%,€ 3.585,,"Valliant HR SOLIDE (gas gestookt combiketel uit 2008, eigendom)",Carport en parkeerplaats,,,,,,,,,,,,,,,,,,,470614.20344162034,True,29385.79655837966,29385.79655837966
https://www.funda.nl/detail/koop/almere/huis-3-laagse-tussenwoning-bouwnr-104/43225023/,3-Laagse tussenwoning (Bouwnr. 104),,1362 LK,Almere,Olympiakwartier Oost (brt),535000.0,€ 4.820,Onder optie,"Eengezinswoning, tussenwoning",Nieuwbouw,Na 2020,,Plat dak,,111 m²,,,,91 m²,403 m³,5 kamers (4 slaapkamers),1 badkamer en 1 apart toilet,"Douche, toilet, en wastafel",3 woonlagen,Elektra,A+++,Geen isolatie,Stadsverwarming,Stadsverwarming,91 m²,,In woonwijk,Achtertuin,,,Vrijstaande houten berging,Openbaar parkeren,125.0,,,Woningborg Garantiecertificaat,,,,,,,,,,,,,,,,,,,,,539397.6332660245,True,-4397.633266024524,4397.633266024524
https://www.funda.nl/detail/koop/almere/huis-a1-bouwnr-12/43809451/,A1 (Bouwnr. 12),,1362 LC,Almere,Olympiakwartier Oost (brt),522660.0,€ 4.667,Verkocht onder voorbehoud,"Eengezinswoning, tussenwoning",Nieuwbouw,2025,,,,112 m²,,,,90 m²,404 m³,5 kamers (4 slaapkamers),,,3 woonlagen,,A++,,,,90 m²,,In woonwijk,,,,Vrijstaande houten berging,,125.0,,,,,,,,,,,,,,,,,,,,,,,,532242.0756886163,True,-9582.075688616256,9582.075688616256
https://www.funda.nl/detail/koop/almere/huis-erik-satiestraat-12/89399023/,Erik Satiestraat,12.0,1323 SN,Almere,Muziekwijk Z.-West,380000.0,€ 3.333,,"Eengezinswoning, tussenwoning",Bestaande bouw,1981,,,,114,,,,,397 m³,5 kamers (4 slaapkamers),,"Douche, ligbad, toilet, en wastafel",,,A,,Stadsverwarming,,131 m²,Volle eigendom,,,,,,,1.315,42%,€ 3.989,,,,,,,,,,,,,,,,,,,,,,426627.4883337077,True,-46627.488333707675,46627.488333707675
https://www.funda.nl/detail/koop/almere/huis-otto-sternstraat-16/43367190/,Otto Sternstraat,16.0,1341 CK,Almere,Nobelhorst West,535000.0,€ 4.735,Verkocht onder voorbehoud,"Eengezinswoning, hoekwoning",Bestaande bouw,2018,,Zadeldak bedekt met pannen,,113 m²,,,5 m²,119 m²,422 m³,5 kamers (4 slaapkamers),1 badkamer en 1 apart toilet,"Dubbele wastafel, inloopdouche, toilet, en wastafelmeubel",2 woonlagen en een zolder,Elektra,A,Volledig geïsoleerd,Cv-ketel,Cv-ketel,119 m²,Volle eigendom,Aan rustige weg en in woonwijk,Achtertuin en voortuin,"47 m² (8,50 meter diep en 5,50 meter breed)",Gelegen op het zuidwesten bereikbaar via achterom,Aangebouwde stenen berging,Openbaar parkeren,2.425,65%,€ 4.472,,"Gas gestookt combiketel uit 2018, eigendom",,,,,,,,,,,,,,,,,,,,514934.1424616649,True,20065.857538335084,20065.857538335084
https://www.funda.nl/detail/koop/almere/huis-mallorcastraat-24/43305790/,Mallorcastraat,24.0,1339 XE,Almere,Eilandenbuurt West,425000.0,€ 4.048,Beschikbaar,"Eengezinswoning, eindwoning",Bestaande bouw,2003,Gedeeltelijk gestoffeerd,Plat dak bedekt met bitumineuze dakbedekking,,105 m²,,,15 m²,176 m²,355 m³,4 kamers (3 slaapkamers),1 apart toilet,,2 woonlagen,Elektra,A,"Dakisolatie, dubbel glas, muurisolatie, vloerisolatie en volledig geïsoleerd",Cv-ketel en gedeeltelijke vloerverwarming,Cv-ketel,176 m²,Volle eigendom,Aan rustige weg en in woonwijk,Achtertuin en voortuin,,Gelegen op het noordoosten,Vrijstaande houten berging,Openbaar parkeren,1.78,56%,€ 3.864,,"Gas gestookt combiketel uit 2003, eigendom",,,,,,,,,,"56 m² (10,80 meter diep en 5,17 meter breed)",,,,,,,,,,411029.1965440673,True,13970.803455932706,13970.803455932706
https://www.funda.nl/detail/koop/almere/huis-goofystraat-12/43239073/,Goofystraat,12.0,1336 ZE,Almere,Stripheldenbuurt Oost,900000.0,€ 4.523,Beschikbaar,"Eengezinswoning, vrijstaande woning",Bestaande bouw,2007,,Samengesteld dak bedekt met pannen,,199 m²,,,39 m²,476 m²,880 m³,6 kamers (4 slaapkamers),2 badkamers en 1 apart toilet,"2 douches, 2 toiletten, wastafel, ligbad, en wastafelmeubel",2 woonlagen en een vliering,"Airconditioning, alarminstallatie, glasvezelkabel, mechanische ventilatie, rookkanaal, en zonnepanelen",A,"Dubbel glas, HR-glas en vloerisolatie",,,476 m²,Volle eigendom,Aan park en in woonwijk,Tuin rondom,,,Vrijstaande houten berging,Op eigen terrein en openbaar parkeren,980.0,50%,€ 4.574,,,,,,Toegankelijk voor mensen met een beperking en toegankelijk voor ouderen,,,,,,,,,,,,,,,,1008953.0946490853,True,-108953.09464908531,108953.09464908531
https://www.funda.nl/detail/koop/almere/huis-scharstraat-6/89691926/,Scharstraat,6.0,1317 PP,Almere,Waterwijk Noord,400000.0,€ 3.738,Beschikbaar,"Eengezinswoning, tussenwoning",Bestaande bouw,1984,,,,107 m²,,,6 m²,143 m²,379 m³,5 kamers (4 slaapkamers),1 badkamer en 1 apart toilet,,3 woonlagen,Elektra,A,Dubbel glas en volledig geïsoleerd,Stadsverwarming,Stadsverwarming,143 m²,Volle eigendom,Aan rustige weg en in woonwijk,Achtertuin en voortuin,"75 m² (13,00 meter diep en 5,79 meter breed)",Gelegen op het noordwesten bereikbaar via achterom,Vrijstaande stenen berging,Openbaar parkeren,1.48,39%,,,,,,€ 419.500 kosten koper,,,,,,,,,,,,,,,,,402296.0121238615,True,-2296.0121238615247,2296.0121238615247
https://www.funda.nl/detail/koop/almere/huis-vierlaags-herenhuis-bouwnr-4/89308161/,Vierlaags herenhuis (Bouwnr. 4),,1362 JT,Almere,Europakwartier Oost (brt),699500.0,€ 4.345,Beschikbaar,"Herenhuis, tussenwoning",Nieuwbouw,2026,,Zadeldak,,161 m²,,,6 m²,113 m²,419 m³,7 kamers (6 slaapkamers),1 badkamer en 1 apart toilet,,4 woonlagen,Elektra,A+++,,,,113 m²,,,Achtertuin,"42 m² (0,11 meter diep en 0,05 meter breed)",,Vrijstaande houten berging,Openbaar parkeren,2.27,44%,€ 4.829,,,,,,,,,,,,,,,,,,,,,,701446.3691219687,True,-1946.3691219687462,1946.3691219687462
https://www.funda.nl/detail/koop/almere/huis-hollandiastraat-47/43247618/,Hollandiastraat,47.0,1335 VH,Almere,Oostvaardersbuurt Oost,400000.0,€ 3.704,Onder bod,"Eengezinswoning, tussenwoning",Bestaande bouw,2001,,Lessenaardak bedekt met pannen,,108 m²,,,6 m²,160 m²,378 m³,5 kamers (4 slaapkamers),1 badkamer en 1 apart toilet,"Douche, toilet, en wastafel",3 woonlagen,Elektra,A,Volledig geïsoleerd,Cv-ketel,,160 m²,Volle eigendom,Aan rustige weg en in woonwijk,Achtertuin en voortuin,"46 m² (9,00 meter diep en 5,10 meter breed)",Gelegen op het noordwesten bereikbaar via achterom,Vrijstaande houten berging,Op eigen terrein,2.165,54%,€ 3.598,,"Combi ketel ( combiketel, eigendom)",,,,,,,,,,,,,,,,,,,,433246.7002153448,True,-33246.70021534478,33246.70021534478
https://www.funda.nl/detail/koop/almere/huis-herenhuis-bouwnr-12/89460275/,Herenhuis (Bouwnr. 12),,1362 JT,Almere,Europakwartier Oost (brt),665000.0,€ 4.683,Verkocht onder voorbehoud,"Herenhuis, tussenwoning",Nieuwbouw,2026,,,,142 m²,,,6 m²,128 m²,396 m³,5 kamers (4 slaapkamers),1 badkamer en 1 apart toilet,,3 woonlagen,Zonnepanelen,A+++,,,,128 m²,,,,,,Vrijstaande houten berging,Openbaar parkeren,2.27,44%,€ 4.829,Woningborg Garantiecertificaat,,,,,,,,,,,,,,,,,,,,,655086.0593447522,True,9913.940655247774,9913.940655247774
https://www.funda.nl/detail/koop/almere/huis-mauritiusstraat-1/43325489/,Mauritiusstraat,1.0,1339 RG,Almere,Eilandenbuurt Oost,550000.0,€ 4.104,Beschikbaar,"Eengezinswoning, hoekwoning",Bestaande bouw,2001,Gedeeltelijk gestoffeerd,Samengesteld dak bedekt met pannen,,134 m²,,,8 m²,268 m²,473 m³,3 kamers (2 slaapkamers),1 badkamer en 1 apart toilet,"Douche, toilet, wastafel, en wastafelmeubel",2 woonlagen en een vliering,Elektra,A,"Dakisolatie, muurisolatie, vloerisolatie en volledig geïsoleerd",Cv-ketel,Cv-ketel,268 m²,Volle eigendom,,"Achtertuin, voortuin en zijtuin","113 m² (11,75 meter diep en 9,05 meter breed)",Gelegen op het westen bereikbaar via achterom,Vrijstaande houten berging,Op eigen terrein en openbaar parkeren,1.475,41%,€ 3.838,Energie Prestatie Advies,"Remeha (gas gestookt uit 2017, eigendom)",,,,,,,,,,,,,,,,,,,,543697.8009837823,False,6302.199016217724,6302.199016217724
https://www.funda.nl/detail/koop/almere/huis-vrijstaande-bungalow-bouwnr-349/43251785/,Vrijstaande Bungalow (Bouwnr. 349),,1349 NC,Almere,Oosterwold Zuid,710000.0,€ 7.717,Verkocht onder voorbehoud,"Bungalow, vrijstaande woning",Nieuwbouw,2026,,,,92 m²,,,,377 m²,276 m³,4 kamers (3 slaapkamers),1 badkamer en 1 apart toilet,,1 woonlaag,,Niet beschikbaar,,,,377 m²,,In bosrijke omgeving,,,,,Op eigen terrein,3.53,40%,€ 5.670,,,,,,,,,,,,,,,,,,,,,,689921.8658490449,True,20078.134150955128,20078.134150955128
https://www.funda.nl/detail/koop/almere/huis-magneetveld-66/43315579/,Magneetveld,66.0,1359 JG,Almere,De Velden Zuid,787500.0,€ 4.744,Beschikbaar,"Eengezinswoning, vrijstaande woning",Bestaande bouw,2000,Gedeeltelijk gestoffeerd,Zadeldak bedekt met pannen,,166 m²,26 m²,18 m²,5 m²,462 m²,682 m³,5 kamers (4 slaapkamers),1 badkamer en 2 aparte toiletten,"Inloopdouche, ligbad, wastafel, en wastafelmeubel",2 woonlagen en een zolder,Elektra,A,Volledig geïsoleerd,Cv-ketel,Cv-ketel,462 m²,Volle eigendom,"Aan rustige weg, in bosrijke omgeving en in woonwijk","Achtertuin, voortuin en zijtuin","217 m² (14,00 meter diep en 15,50 meter breed)",Gelegen op het zuidoosten bereikbaar via achterom,Vrijstaande houten berging,Op eigen terrein en openbaar parkeren,985.0,41%,€ 4.753,,"Remeha CW5 + Hybride pomp Remeha H6Kw (gas gestookt combiketel uit 2015, eigendom)",Aangebouwde stenen garage en parkeerplaats,1 auto,,,Dakterras aanwezig en balkon aanwezig,,,,,,,,,,,,,,,889296.8555057392,True,-101796.85550573922,101796.85550573922
https://www.funda.nl/detail/koop/almere/huis-groenhof-106/43364577/,Groenhof,106.0,1352 AJ,Almere,Buitenhof en Groenhof,395000.0,€ 3.527,Beschikbaar,"Eengezinswoning, tussenwoning",Bestaande bouw,1978,Gedeeltelijk gestoffeerd,Zadeldak bedekt met pannen,,112 m²,,,6 m²,155 m²,379 m³,5 kamers (4 slaapkamers),1 badkamer en 1 apart toilet,"Douche, ligbad, toilet, en wastafel",3 woonlagen,Elektra,C,Geen isolatie,Cv-ketel,Cv-ketel,155 m²,Volle eigendom,"Aan rustige weg, beschutte ligging en in woonwijk",Achtertuin en voortuin,"71 m² (12,50 meter diep en 5,70 meter breed)",Gelegen op het westen bereikbaar via achterom,Vrijstaande stenen berging,Openbaar parkeren,670.0,39%,€ 3.845,,"Nefit ( combiketel uit 2009, eigendom)",,,,,,,,,,,,,,,,,,,,392729.47034026764,True,2270.5296597323613,2270.5296597323613
https://www.funda.nl/detail/koop/almere/huis-goethelaan-162/89765678/,Goethelaan,162.0,1349 EG,Almere,Oosterwold Zuid,529500.0,€ 7.787,Beschikbaar,"Bungalow, 2-onder-1-kapwoning",Bestaande bouw,2026,,,,68 m²,,,,1.320 m²,290 m³,3 kamers (2 slaapkamers),1 badkamer en 1 apart toilet,"Douche, wastafel, en wastafelmeubel",1 woonlaag,,A+++,Driedubbel glas en volledig geïsoleerd,,,1.320 m²,Volle eigendom,"Aan bosrand, aan park, aan rustige weg, in bosrijke omgeving, in woonwijk en vrij uitzicht",Tuin rondom,,,,Op eigen terrein,3.53,40%,€ 5.670,,,,,,,,,,,,,,,,,,,,,,510108.5689868098,True,19391.431013190188,19391.431013190188
https://www.funda.nl/detail/koop/almere/huis-okapistraat-8/43246078/,Okapistraat,8.0,1338 JV,Almere,Faunabuurt Zuidoost,450000.0,€ 3.191,Beschikbaar,"Eengezinswoning, tussenwoning",Bestaande bouw,1994,,Zadeldak bedekt met pannen,,141 m²,,2 m²,8 m²,138 m²,481 m³,5 kamers (3 slaapkamers),1 badkamer en 1 apart toilet,"Inloopdouche, toilet, wastafel, en wastafelmeubel",2 woonlagen en een zolder,Elektra,A,Volledig geïsoleerd,Cv-ketel,Cv-ketel,138 m²,Volle eigendom,Aan rustige weg en in woonwijk,Achtertuin,"42 m² (7,80 meter diep en 5,40 meter breed)",Gelegen op het noordoosten bereikbaar via achterom,Vrijstaande houten berging,Openbaar parkeren,1.06,56%,,,"Intergas HR 28 c (gas gestookt combiketel uit 2009, eigendom)",,,,,,,,,,,,,,,,,,,,530231.7668245127,True,-80231.76682451274,80231.76682451274
https://www.funda.nl/detail/koop/almere/huis-swingstraat-18/89778579/,Swingstraat,18.0,1326 PM,Almere,Danswijk Noordoost,450000.0,€ 4.327,Beschikbaar,"Eengezinswoning, tussenwoning",Bestaande bouw,1997,Gedeeltelijk gestoffeerd,Zadeldak bedekt met pannen,,104 m²,,20 m²,9 m²,144 m²,369 m³,4 kamers (3 slaapkamers),1 badkamer en 1 apart toilet,"Inloopdouche, toilet, wastafel, en wastafelmeubel",3 woonlagen,Elektra,A++,Geen isolatie,Stadsverwarming en gedeeltelijke vloerverwarming,Stadsverwarming,144 m²,Volle eigendom,"Aan rustige weg, in bosrijke omgeving en in centrum",Achtertuin en voortuin,"77 m² (14,00 meter diep en 5,50 meter breed)",Gelegen op het noordwesten bereikbaar via achterom,Vrijstaande houten berging,Openbaar parkeren,2.16,48%,€ 4.216,Energie Prestatie Advies,,,,,,,,,,,,,,,,,,,,,446789.90492199,True,3210.0950780099956,3210.0950780099956
https://www.funda.nl/detail/koop/almere/huis-libertasstraat-7/89775609/,Libertasstraat,7.0,1363 ZL,Almere,Homeruskwartier Midden,560000.0,€ 3.889,Beschikbaar,"Eengezinswoning, tussenwoning",Bestaande bouw,2012,Gedeeltelijk gestoffeerd,Plat dak bedekt met bitumineuze dakbedekking,,144 m²,,,6 m²,100 m²,514 m³,4 kamers (3 slaapkamers),1 badkamer en 1 apart toilet,"Douche, dubbele wastafel, inloopdouche, ligbad, toilet, en wastafelmeubel",3 woonlagen,Elektra,A+++,Geen isolatie,Gedeeltelijke vloerverwarming en warmtepomp,Doorstroomboiler,100 m²,Volle eigendom,"Aan rustige weg, in woonwijk en vrij uitzicht",Achtertuin en voortuin,"44 m² (8,00 meter diep en 5,50 meter breed)",Gelegen op het noordoosten bereikbaar via achterom,Vrijstaande houten berging,Openbaar parkeren,2.625,44%,€ 4.691,,,,,,,,,,,,,,,,,,,,,,591516.7383393864,True,-31516.738339386415,31516.738339386415
https://www.funda.nl/detail/koop/almere/huis-3-laagse-tussenwoning-bouwnr-98/43225018/,3-Laagse tussenwoning (Bouwnr. 98),,1362 LK,Almere,Olympiakwartier Oost (brt),535000.0,€ 4.820,Verkocht onder voorbehoud,"Eengezinswoning, tussenwoning",Nieuwbouw,Na 2020,,Plat dak,,111 m²,,,,91 m²,403 m³,5 kamers (4 slaapkamers),1 badkamer en 1 apart toilet,"Douche, toilet, en wastafel",3 woonlagen,Elektra,A+++,Geen isolatie,Stadsverwarming,Stadsverwarming,91 m²,,In woonwijk,Achtertuin,,,Vrijstaande houten berging,Openbaar parkeren,125.0,,,Woningborg Garantiecertificaat,,,,,,,,,,,,,,,,,,,,,539397.6332660245,True,-4397.633266024524,4397.633266024524
https://www.funda.nl/detail/koop/almere/huis-francis-beaufortlaan-13/43173161/,Francis Beaufortlaan,13.0,1349 GH,Almere,Oosterwold Noord,850000.0,€ 7.143,Beschikbaar,"Villa, vrijstaande woning",Bestaande bouw,2021,,Samengesteld dak,,119 m²,,,,947 m²,673 m³,5 kamers (3 slaapkamers),1 badkamer en 1 apart toilet,"Dubbele wastafel, inloopdouche, toilet, en wastafelmeubel",1 woonlaag,"Glasvezelkabel, mechanische ventilatie, en zonnepanelen",A+,Volledig geïsoleerd,Gehele vloerverwarming en warmtepomp,Elektrische boiler,947 m²,,"Aan rustige weg, in woonwijk en vrij uitzicht",Tuin rondom,,,,Op eigen terrein,2.605,43%,€ 6.505,,,,,,,,,,,,,,,,,,,,,,788444.2246042897,True,61555.775395710254,61555.775395710254
https://www.funda.nl/detail/koop/almere/huis-kiel-12/89752328/,Kiel,12.0,1319 CL,Almere,Noorderplassen W.-Zuid,595000.0,€ 3.889,Onder bod,"Eengezinswoning, tussenwoning",Bestaande bouw,2003,Dubbele bewoning mogelijk,,,153 m²,,23 m²,10 m²,150 m²,543 m³,5 kamers (4 slaapkamers),2 badkamers en 2 aparte toiletten,2 douches,3 woonlagen,Elektra,A,Dubbel glas en volledig geïsoleerd,Stadsverwarming,Stadsverwarming,150 m²,Volle eigendom,Aan rustige weg en in woonwijk,Achtertuin en voortuin,"73 m² (12,90 meter diep en 5,69 meter breed)",Gelegen op het zuiden,Vrijstaande stenen berging,Op eigen terrein en openbaar parkeren,2.185,51%,€ 3.998,,,,,,,Frans balkon aanwezig,,,,,,,,,,,,,,,662813.1908307304,True,-67813.19083073037,67813.19083073037
https://www.funda.nl/detail/koop/almere/huis-willem-albert-wagenaarpad-106/43301415/,Willem Albert Wagenaarpad,106.0,1349 MD,Almere,Oosterwold Noord,450000.0,€ 5.172,Beschikbaar,"Eengezinswoning, tussenwoning",Bestaande bouw,2025,,Plat dak bedekt met bitumineuze dakbedekking,,87 m²,,,6 m²,128 m²,307 m³,4 kamers (3 slaapkamers),1 badkamer en 1 apart toilet,"Douche, toilet, vloerverwarming, en wastafel",2 woonlagen,Elektra,A++++,Geen isolatie,Gehele vloerverwarming en warmtepomp,Elektrische boiler,1 m²,Volle eigendom,In woonwijk,Achtertuin en voortuin,"64 m² (12,00 meter diep en 5,30 meter breed)",Gelegen op het noordoosten bereikbaar via achterom,Vrijstaande houten berging,Openbaar parkeren,2.605,43%,€ 6.505,,,Parkeerplaats,,,,,,,,,,,,,,,,,,,500660.30798248545,True,-50660.30798248545,50660.30798248545
https://www.funda.nl/detail/koop/almere/huis-zalmplein-12/43316143/,Zalmplein,12.0,1317 RR,Almere,Waterwijk Noord,395000.0,€ 3.835,Beschikbaar,"Eengezinswoning, tussenwoning",Bestaande bouw,1984,,Zadeldak bedekt met pannen,,103 m²,,10 m²,10 m²,118 m²,366 m³,5 kamers (4 slaapkamers),1 badkamer en 1 apart toilet,"Inloopdouche, toilet, en wastafelmeubel",3 woonlagen,Elektra,B,"Dubbel glas, HR-glas en volledig geïsoleerd",Stadsverwarming,Stadsverwarming,118 m²,Volle eigendom,"Aan park, in woonwijk en vrij uitzicht",Achtertuin en voortuin,"48 m² (10,00 meter diep en 5,00 meter breed)",Gelegen op het noordoosten bereikbaar via achterom,Vrijstaande houten berging,Openbaar parkeren,1.48,39%,,,,,,,,,,,,,,,,,,,,,,,389479.22925965616,True,5520.77074034384,5520.77074034384
https://www.funda.nl/detail/koop/almere/huis-keiwierde-141/43327259/,Keiwierde,141.0,1353 NW,Almere,Keiwierde en Oldewierde,425000.0,€ 4.381,Beschikbaar,"Eengezinswoning, hoekwoning",Bestaande bouw,1983,Gedeeltelijk gestoffeerd,Zadeldak bedekt met pannen,,97 m²,9 m²,,27 m²,234 m²,377 m³,4 kamers (3 slaapkamers),1 badkamer en 2 aparte toiletten,"Douche, toilet, wastafel, en wastafelmeubel",2 woonlagen en een vliering,"Dakraam, glasvezelkabel, mechanische ventilatie, en TV kabel",B,"Dakisolatie, dubbel glas, muurisolatie, vloerisolatie en volledig geïsoleerd",Cv-ketel,Cv-ketel,234 m²,Volle eigendom,"Aan rustige weg, beschutte ligging en in woonwijk","Achtertuin, voortuin en zijtuin","92 m² (12,50 meter diep en 7,35 meter breed)",Gelegen op het westen bereikbaar via achterom,Vrijstaande stenen berging,Op eigen terrein en openbaar parkeren,1.075,38%,,,"Nefit HR (gas gestookt combiketel uit 2025, eigendom)",Parkeerplaats,,,,,,,,,,,,,,,,,,,433184.21930688014,True,-8184.2193068801425,8184.2193068801425
https://www.funda.nl/detail/koop/almere/huis-zilveren-medaillepad-5/89597208/,Zilveren Medaillepad,5.0,1361 CJ,Almere,Olympiakwartier West (brt),625000.0,€ 7.184,Beschikbaar,"Eengezinswoning, vrijstaande woning",Bestaande bouw,2022,,Zadeldak bedekt met pannen,,87 m²,22 m²,,,104 m²,388 m³,4 kamers (3 slaapkamers),2 badkamers,"2 douches, dubbele wastafel, 2 toiletten, 2 wastafelmeubels, ligbad, en wastafel",2 woonlagen,Natuurlijke ventilatie en TV kabel,A,"Dubbel glas, HR-glas en volledig geïsoleerd",Stadsverwarming en gehele vloerverwarming,Stadsverwarming,104 m²,Volle eigendom,Aan rustige weg en in woonwijk,Achtertuin,"21 m² (3,00 meter diep en 6,00 meter breed)",Gelegen op het zuidoosten,,Openbaar parkeren,1.455,55%,€ 4.719,,,,,€ 550.000 kosten koper,,,,,,,,,,,,,,,,,510734.74009324214,True,114265.25990675786,114265.25990675786
https://www.funda.nl/detail/koop/almere/huis-aafje-andersstraat-21/43302168/,Aafje Andersstraat,21.0,1336 DZ,Almere,Stripheldenbuurt Noordoost,845000.0,€ 4.971,Beschikbaar,"Villa, vrijstaande woning",Bestaande bouw,2018,Gedeeltelijk gestoffeerd,Samengesteld dak bedekt met pannen,,170 m²,17 m²,,15 m²,337 m²,684 m³,6 kamers (5 slaapkamers),1 badkamer en 1 apart toilet,"Dubbele wastafel, inloopdouche, ligbad, toilet, en wastafelmeubel",3 woonlagen,Elektrische deur en elektra,A+,Geen isolatie,"Cv-ketel, gashaard en gedeeltelijke vloerverwarming",Cv-ketel,34 m²,Volle eigendom,Aan rustige weg en in woonwijk,"Achtertuin, voortuin en zijtuin","168 m² (14,00 meter diep en 12,00 meter breed)",Gelegen op het noordwesten bereikbaar via achterom,Vrijstaande houten berging,Op eigen terrein en openbaar parkeren,1.1,51%,€ 4.181,,"Intergas (2018, eigendom)",Aangebouwde stenen garage en parkeerplaats,1 auto,,,,,,,,,,,,,,,,,,871658.9753522895,True,-26658.975352289504,26658.975352289504
https://www.funda.nl/detail/koop/almere/huis-sleutelbloemstraat-5/43290338/,Sleutelbloemstraat,5.0,1338 TG,Almere,Bloemenbuurt Noord,485000.0,€ 4.450,Verkocht onder voorbehoud,"Bungalow, tussenwoning (semi-bungalow)",Bestaande bouw,1996,Gedeeltelijk gestoffeerd,Samengesteld dak bedekt met bitumineuze dakbedekking en pannen,,109 m²,,5 m²,7 m²,165 m²,385 m³,4 kamers (3 slaapkamers),2 badkamers en 1 apart toilet,"2 douches, 2 wastafelmeubels, en toilet",2 woonlagen,Elektra,B,Volledig geïsoleerd,Cv-ketel,Cv-ketel,165 m²,Volle eigendom,In woonwijk en open ligging,Achtertuin en voortuin,"65 m² (9,00 meter diep en 7,20 meter breed)",Gelegen op het noordwesten bereikbaar via achterom,Vrijstaande houten berging,Openbaar parkeren,1.265,37%,€ 3.781,,,,,,,,,,,,,,,,,,,,,,492354.1919920422,False,-7354.191992042179,7354.191992042179
https://www.funda.nl/detail/koop/almere/huis-roald-amundsenstraat-61/89784756/,Roald Amundsenstraat,61.0,1363 KH,Almere,Columbuskwartier Zuid,775000.0,€ 4.306,Beschikbaar,"Eengezinswoning, geschakelde 2-onder-1-kapwoning",Bestaande bouw,2009,,Plat dak bedekt met bitumineuze dakbedekking,,180 m²,,35 m²,11 m²,340 m²,676 m³,6 kamers (5 slaapkamers),1 badkamer en 2 aparte toiletten,"Dubbele wastafel, inloopdouche, en ligbad",3 woonlagen,"Glasvezelkabel, mechanische ventilatie, natuurlijke ventilatie, rookkanaal, schuifpui, en zonnepanelen",A,Volledig geïsoleerd,Pelletkachel en stadsverwarming,Stadsverwarming,340 m²,Volle eigendom,Aan rustige weg en in woonwijk,"Achtertuin, voortuin en zonneterras","159 m² (12,50 meter diep en 12,70 meter breed)",Gelegen op het zuidwesten bereikbaar via achterom,Vrijstaande houten berging,Op eigen terrein en openbaar parkeren,1.375,44%,€ 5.595,,,Garage mogelijk en parkeerplaats,,,,Dakterras aanwezig,,,,,,,,,,,,,,,811262.0643331163,True,-36262.06433311629,36262.06433311629
https://www.funda.nl/detail/koop/almere/huis-toernooiveld-95/43354779/,Toernooiveld,95.0,1359 JV,Almere,De Velden Zuid,565000.0,€ 3.645,Verkocht onder voorbehoud,"Eengezinswoning, hoekwoning",Bestaande bouw,1999,Gedeeltelijk gestoffeerd,Zadeldak bedekt met pannen,,155 m²,,,10 m²,253 m²,549 m³,6 kamers (5 slaapkamers),1 badkamer en 2 aparte toiletten,"Douche, dubbele wastafel, ligbad, en wastafelmeubel",3 woonlagen,Elektra,A,Geen isolatie,Cv-ketel,Cv-ketel,253 m²,Volle eigendom,"Aan rustige weg, in bosrijke omgeving, in centrum en in woonwijk",Achtertuin en voortuin,"175 m² (10,00 meter diep en 17,50 meter breed)",Gelegen op het zuidwesten bereikbaar via achterom,Vrijstaande stenen berging,Openbaar parkeren,985.0,41%,€ 4.753,Energie Prestatie Advies,,,,,,,,,,,,,,,,,,,,,658998.5306836084,True,-93998.53068360838,93998.53068360838
https://www.funda.nl/detail/koop/almere/huis-zanglijster-bouwnr-37/43132921/,Zanglijster (Bouwnr. 37),,1358 EL,Almere,Overgooi (brt),1115000.0,€ 6.160,Verkocht onder voorbehoud,"Villa, vrijstaande woning",Nieuwbouw,Na 2020,,,,181 m²,,,,1.653 m²,704 m³,1 kamer,,,1 woonlaag,Zonnepanelen,Niet beschikbaar,Volledig geïsoleerd,,,1.653 m²,,"Aan bosrand, aan rustige weg, in bosrijke omgeving, landelijk gelegen, open ligging en vrij uitzicht",Tuin rondom,,,,Op eigen terrein,720.0,46%,€ 5.136,,,Parkeerplaats,,,,,,,,,,,,,,,,,,,1109179.779015444,True,5820.220984556014,5820.220984556014
https://www.funda.nl/detail/koop/almere/huis-vergeet-mij-nietjestraat-9/43352438/,Vergeet-mij-nietjestraat,9.0,1338 SB,Almere,Bloemenbuurt Noord,390000.0,€ 3.980,Verkocht,"Eengezinswoning, tussenwoning",Bestaande bouw,1988,,Zadeldak bedekt met pannen,,98 m²,,,4 m²,142 m²,348 m³,5 kamers (4 slaapkamers),1 badkamer en 1 apart toilet,Inloopdouche en wastafel,3 woonlagen,Dakraam en mechanische ventilatie,B,,Cv-ketel,Cv-ketel,142 m²,Volle eigendom,"Aan rustige weg, in bosrijke omgeving en in woonwijk",Achtertuin en voortuin,"70 m² (14,00 meter diep en 5,00 meter breed)",Gelegen op het noordoosten bereikbaar via achterom,Vrijstaande houten berging,Openbaar parkeren,1.265,37%,€ 3.781,,"HR 30 HRC (2011, eigendom)",,,,,,,,,,,1 april 2026,4 weken,€ 390.000 kosten koper,,,,,,,391477.0061472304,True,-1477.0061472303933,1477.0061472303933
https://www.funda.nl/detail/koop/almere/huis-januaristraat-82/89684257/,Januaristraat,82.0,1335 AH,Almere,Seizoenenbuurt Oost,365000.0,€ 3.883,Verkocht onder voorbehoud,"Eengezinswoning, tussenwoning",Bestaande bouw,1997,Gestoffeerd,,,94 m²,,,6 m²,147 m²,336 m³,4 kamers (3 slaapkamers),1 badkamer en 1 apart toilet,"Inloopdouche, toilet, en wastafelmeubel",2 woonlagen,"Glasvezelkabel, mechanische ventilatie, natuurlijke ventilatie, en TV kabel",B,Dubbel glas en volledig geïsoleerd,Cv-ketel,Cv-ketel,147 m²,Volle eigendom,Aan rustige weg en in woonwijk,Achtertuin,"65 m² (12,50 meter diep en 5,17 meter breed)",Gelegen op het noordoosten bereikbaar via achterom,Vrijstaande houten berging,Openbaar parkeren,1.63,43%,€ 4.194,,,,,,,,,,,,,,,,,,,,,,399084.0846595297,True,-34084.084659529675,34084.084659529675
https://www.funda.nl/detail/koop/almere/huis-herenhuis-bouwnr-18/89460276/,Herenhuis (Bouwnr. 18),,1362 JT,Almere,Europakwartier Oost (brt),655776.0,€ 4.894,Onder optie,"Herenhuis, tussenwoning",Nieuwbouw,2026,,,,134 m²,,,6 m²,120 m²,348 m³,5 kamers (4 slaapkamers),1 badkamer en 1 apart toilet,,3 woonlagen,Zonnepanelen,A+++,,,,120 m²,,,,,,Vrijstaande houten berging,Openbaar parkeren,2.27,44%,€ 4.829,Woningborg Garantiecertificaat,,,,,,,,,,,,,,,,,,,,,627872.6567897289,True,27903.343210271094,27903.343210271094
https://www.funda.nl/detail/koop/almere/huis-beemdlaar-89/43369706/,Beemdlaar,89.0,1359 KS,Almere,De Laren Noord,1075000.0,€ 5.144,Verkocht onder voorbehoud,"Herenhuis, vrijstaande woning",Bestaande bouw,2023,,Zadeldak bedekt met pannen,,209 m²,12 m²,20 m²,8 m²,440 m²,897 m³,7 kamers (5 slaapkamers),2 badkamers en 2 aparte toiletten,"2 inloopdouches, wastafel, 2 wastafelmeubels, dubbele wastafel, ligbad, en toilet",3 woonlagen,Elektra,A+++,Volledig geïsoleerd,"Gehele vloerverwarming, warmte terugwininstallatie en warmtepomp",Elektrische boiler,440 m²,Volle eigendom,"Aan rustige weg, in bosrijke omgeving en in woonwijk",Tuin rondom,,,Vrijstaande houten berging,Op eigen terrein en openbaar parkeren,730.0,67%,€ 4.399,,,,,,,,,,,,,,,,,,,,,,1106894.8527585664,True,-31894.852758566383,31894.852758566383
https://www.funda.nl/detail/koop/almere/huis-de-vlet-tussenwoning-bouwnr-315/43155620/,De Vlet - Tussenwoning (Bouwnr. 315),,1349 NC,Almere,Oosterwold Zuid,379000.0,€ 6.649,Verkocht onder voorbehoud,"Eengezinswoning, tussenwoning",Nieuwbouw,2025,,Plat dak,,57 m²,,,4 m²,104 m²,270 m³,3 kamers (2 slaapkamers),1 badkamer,Douche en wastafel,2 woonlagen,Zonnepanelen,A++++,HR-glas en volledig geïsoleerd,Gehele vloerverwarming en warmtepomp,,104 m²,,"Aan rustige weg, in woonwijk, landelijk gelegen en vrij uitzicht",Achtertuin,,,Vrijstaande houten berging,Openbaar parkeren,3.53,40%,€ 5.670,,,,,,,,,,,,,,,,,,,,,,356475.32239472313,True,22524.67760527687,22524.67760527687
https://www.funda.nl/detail/koop/almere/huis-cypruskade-44/89662110/,Cypruskade,44.0,1362 JN,Almere,Europakwartier Oost (brt),596437.0,€ 4.929,Beschikbaar,"Eengezinswoning, tussenwoning",Nieuwbouw,Na 2020,,Zadeldak bedekt met bitumineuze dakbedekking,,121 m²,,23 m²,6 m²,,315 m³,5 kamers (4 slaapkamers),2 aparte toiletten,,3 woonlagen,Elektra,A+++,Geen isolatie,Stadsverwarming en gehele vloerverwarming,Stadsverwarming,,,"Aan park, aan rustige weg, aan water, in woonwijk en vrij uitzicht",Achtertuin en voortuin,"23 m² (0,07 meter diep en 0,04 meter breed)",Gelegen op het zuidwesten,Vrijstaande houten berging,Openbaar parkeren,2.27,44%,€ 4.829,Woningborg Garantiecertificaat,,,,,,,,,,,,,,,,,,,,,581990.6427935415,True,14446.357206458459,14446.357206458459
https://www.funda.nl/detail/koop/almere/huis-john-bardeenstraat-15/89784557/,John Bardeenstraat,15.0,1341 DS,Almere,Nobelhorst Oost,600000.0,€ 4.286,Beschikbaar,"Eengezinswoning, tussenwoning",Bestaande bouw,2020,Gedeeltelijk gestoffeerd,Zadeldak bedekt met pannen,,140 m²,,15 m²,7 m²,155 m²,496 m³,5 kamers (4 slaapkamers),1 badkamer en 1 apart toilet,"Dubbele wastafel, inloopdouche, ligbad, toilet, vloerverwarming, en wastafelmeubel",3 woonlagen,Elektra,A,Geen isolatie,Gehele vloerverwarming en warmtepomp,,155 m²,Volle eigendom,Aan rustige weg en in woonwijk,Achtertuin en voortuin,"79 m² (13,23 meter diep en 6,00 meter breed)",Gelegen op het zuidwesten bereikbaar via achterom,Vrijstaande houten berging,Op eigen terrein en openbaar parkeren,1.97,67%,€ 4.786,,,,,,,,,,,,,,,,,,,,,,596154.1788674754,True,3845.8211325246375,3845.8211325246375
https://www.funda.nl/detail/koop/almere/huis-pontianakstraat-8/43100092/,Pontianakstraat,8.0,1335 HE,Almere,Indische Buurt West,550000.0,€ 3.333,Beschikbaar,"Eengezinswoning, tussenwoning",Bestaande bouw,2005,Gedeeltelijk gestoffeerd,Plat dak bedekt met bitumineuze dakbedekking,,165 m²,,18 m²,5 m²,125 m²,541 m³,6 kamers (3 slaapkamers),1 badkamer en 1 apart toilet,"Dubbele wastafel, inloopdouche, toilet, en wastafelmeubel",4 woonlagen,Elektra,A,Geen isolatie,Cv-ketel,Cv-ketel,125 m²,Volle eigendom,Aan rustige weg en in woonwijk,Achtertuin en voortuin,"52 m² (10,00 meter diep en 5,20 meter breed)",Gelegen op het zuidoosten bereikbaar via achterom,Vrijstaande houten berging,Op eigen terrein en openbaar parkeren,1.65,26%,€ 5.079,,"Intergas (2019, eigendom)",,,,,Dakterras aanwezig,,,,,,,,,,,,,,,606042.1869503665,True,-56042.18695036648,56042.18695036648
https://www.funda.nl/detail/koop/almere/huis-therese-schwartzestraat-40/89668780/,Thérèse Schwartzestraat,40.0,1328 CE,Almere,Tussen de Vaarten Z.- Noordoost,585000.0,€ 4.034,Onder bod,"Eengezinswoning, tussenwoning (hofjeswoning)",Bestaande bouw,2001,Gestoffeerd,Plat dak bedekt met bitumineuze dakbedekking,,145 m²,19 m²,16 m²,11 m²,251 m²,490 m³,5 kamers (4 slaapkamers),1 badkamer en 1 apart toilet,"Douche, dubbele wastafel, ligbad, en toilet",3 woonlagen,Elektra,A,Dubbel glas en volledig geïsoleerd,Stadsverwarming,Stadsverwarming,251 m²,Volle eigendom,"Aan rustige weg, in woonwijk en vrij uitzicht",Achtertuin en voortuin,,,Vrijstaande houten berging,Op eigen terrein,2.16,50%,€ 3.809,,,Inpandig,1 auto,,,Dakterras aanwezig,,,,,,,,,,,,,,,547117.7108053848,True,37882.28919461521,37882.28919461521
https://www.funda.nl/detail/koop/almere/huis-vennemeerstraat-8/43398009/,Vennemeerstraat,8.0,1316 KC,Almere,Waterwijk West,420000.0,€ 3.500,Verkocht onder voorbehoud,"Eengezinswoning, tussenwoning",Bestaande bouw,1985,,Zadeldak bedekt met pannen,,120 m²,,3 m²,9 m²,192 m²,400 m³,5 kamers (4 slaapkamers),1 badkamer en 1 apart toilet,"Inloopdouche, ligbad, toilet, en wastafelmeubel",2 woonlagen en een zolder,Elektra,A,Dubbel glas en volledig geïsoleerd,Open haard en stadsverwarming,Stadsverwarming,192 m²,Volle eigendom,Aan rustige weg en in woonwijk,Achtertuin en voortuin,"90 m² (15,00 meter diep en 6,00 meter breed)",Gelegen op het zuidoosten bereikbaar via achterom,Vrijstaande houten berging,Op eigen terrein en openbaar parkeren,1.62,42%,€ 3.779,,,,,,,,,,,,,,,,,,,,,,465087.4503085505,True,-45087.4503085505,45087.4503085505
https://www.funda.nl/detail/koop/almere/huis-3-laagse-tussenwoning-bouwnr-33/43225025/,3-Laagse tussenwoning (Bouwnr. 33),,1362 LK,Almere,Olympiakwartier Oost (brt),535000.0,€ 4.820,Verkocht onder voorbehoud,"Eengezinswoning, tussenwoning",Nieuwbouw,Na 2020,,Plat dak,,111 m²,,,,88 m²,403 m³,5 kamers (4 slaapkamers),1 badkamer en 1 apart toilet,"Douche, toilet, en wastafel",3 woonlagen,Elektra,A+++,Geen isolatie,Stadsverwarming,Stadsverwarming,88 m²,,In woonwijk,Achtertuin,,,Vrijstaande houten berging,Openbaar parkeren,125.0,,,Woningborg Garantiecertificaat,,,,,,,,,,,,,,,,,,,,,539397.6332660245,True,-4397.633266024524,4397.633266024524
https://www.funda.nl/detail/koop/almere/huis-hofmark-73/89778301/,Hofmark,73.0,1355 HG,Almere,"Hofmark, Redemark en Sportmark",385000.0,€ 3.468,Beschikbaar,"Eengezinswoning, geschakelde woning",Bestaande bouw,1978,,Zadeldak bedekt met pannen,,111 m²,37 m²,,,184 m²,548 m³,5 kamers (4 slaapkamers),1 badkamer en 1 apart toilet,"Douche, ligbad, toilet, en wastafel",2 woonlagen en een vliering,Natuurlijke ventilatie en TV kabel,Niet beschikbaar,Dubbel glas,Cv-ketel,Cv-ketel,184 m²,Volle eigendom,Aan rustige weg en in woonwijk,Achtertuin en voortuin,"47 m² (9,25 meter diep en 5,12 meter breed)",Gelegen op het noordwesten bereikbaar via achterom,Aangebouwde stenen berging,Openbaar parkeren,1.39,38%,€ 3.688,,"Gas gestookt combiketel, eigendom",,,,,,,,,,,,,,,,,,,,401881.4363418263,True,-16881.43634182628,16881.43634182628
https://www.funda.nl/detail/koop/almere/huis-esdoornplantsoen-90/89750981/,Esdoornplantsoen,90.0,1326 BZ,Almere,Parkwijk Noordoost,635000.0,€ 3.825,Beschikbaar,"Eengezinswoning, tussenwoning",Bestaande bouw,1995,,Zadeldak bedekt met pannen,,166 m²,,20 m²,9 m²,231 m²,577 m³,6 kamers (5 slaapkamers),2 badkamers en 1 apart toilet,"Dubbele wastafel, 2 toiletten, wastafelmeubel, douche, wastafel, en zitbad",3 woonlagen,Elektra,A,Dubbel glas en HR-glas,Stadsverwarming,Centrale voorziening en zonneboiler,231 m²,Volle eigendom,,Achtertuin,"76 m² (8,00 meter diep en 9,45 meter breed)",Gelegen op het zuidwesten bereikbaar via achterom,Vrijstaande houten berging,Openbaar parkeren,1.875,47%,€ 3.881,,,,,,,,,,,,,,,,,,,,,,602142.5895376509,True,32857.41046234907,32857.41046234907
https://www.funda.nl/detail/koop/almere/huis-goethelaan-158/89765683/,Goethelaan,158.0,1349 EG,Almere,Oosterwold Zuid,514500.0,€ 7.566,Beschikbaar,"Bungalow, vrijstaande woning",Bestaande bouw,2026,,,,68 m²,,,,546 m²,290 m³,3 kamers (2 slaapkamers),1 badkamer en 1 apart toilet,"Douche, wastafel, en wastafelmeubel",1 woonlaag,,A+++,Driedubbel glas en volledig geïsoleerd,,,546 m²,Volle eigendom,"Aan rustige weg, in bosrijke omgeving, in woonwijk en vrij uitzicht",Tuin rondom,,,,Op eigen terrein,3.53,40%,€ 5.670,,,,,,,,,,,,,,,,,,,,,,560587.6625113194,True,-46087.66251131939,46087.66251131939
https://www.funda.nl/detail/koop/almere/huis-cissy-van-marxveldtstraat-90/89335492/,Cissy van Marxveldtstraat,90.0,1321 LP,Almere,Literatuurwijk Zuid,950000.0,€ 5.191,,"Villa, vrijstaande woning",Bestaande bouw,2000,,,,183,,,,499,642 m³,6 kamers (5 slaapkamers),,"2 douches, 2 wastafels, en toilet",,,A,,Stadsverwarming en gedeeltelijke vloerverwarming,,499 m²,Volle eigendom,,,,,,,2.07,55%,€ 3.990,,,,,,,,,,,,,,,,,,,,,,822366.9726839918,False,127633.02731600823,127633.02731600823
https://www.funda.nl/detail/koop/almere/huis-wipmolenweg-118/89781294/,Wipmolenweg,118.0,1333 GV,Almere,Molenbuurt Oost,365000.0,€ 3.967,Beschikbaar,"Eengezinswoning, tussenwoning",Bestaande bouw,1987,,Zadeldak bedekt met pannen,,92 m²,6 m²,14 m²,6 m²,152 m²,355 m³,4 kamers (2 slaapkamers),1 badkamer en 1 apart toilet,"Douche, ligbad, toilet, en wastafel",3 woonlagen,Elektra,A,"Dakisolatie, dubbel glas, muurisolatie, vloerisolatie en volledig geïsoleerd",Cv-ketel,Cv-ketel,152 m²,Volle eigendom,Aan rustige weg en in woonwijk,Achtertuin en voortuin,"61 m² (13,02 meter diep en 4,65 meter breed)",Gelegen op het noordoosten bereikbaar via achterom,Vrijstaande houten berging,Openbaar parkeren,2.17,38%,€ 3.564,Energie Prestatie Advies,"Vaillant (gas gestookt uit 2015, eigendom)",,,,,,,,,,,,,,,,,,,,368298.52841513406,True,-3298.52841513406,3298.52841513406
https://www.funda.nl/detail/koop/almere/huis-basilicumweg-88/43380596/,Basilicumweg,88.0,1314 HC,Almere,Kruidenwijk Midden-oost,425000.0,€ 4.208,Verkocht onder voorbehoud,"Eengezinswoning, tussenwoning",Bestaande bouw,1988,,Zadeldak bedekt met pannen,,101 m²,,,6 m²,126 m²,356 m³,6 kamers (5 slaapkamers),1 badkamer en 1 apart toilet,"Douche, toilet, en wastafelmeubel",3 woonlagen,Elektra,B,Dubbel glas,Stadsverwarming,Stadsverwarming,126 m²,Volle eigendom,In woonwijk,Achtertuin en voortuin,"63 m² (11,77 meter diep en 5,34 meter breed)",Gelegen op het noorden bereikbaar via achterom,Vrijstaande houten berging,Openbaar parkeren,1.2,39%,€ 3.966,,,,,,,,,,,,,,,,,,,,,,389619.8550772186,True,35380.14492278139,35380.14492278139
https://www.funda.nl/detail/koop/almere/huis-tussenwoning-bouwnr-3/89679598/,Tussenwoning (Bouwnr. 3),,1361 BS,Almere,Duin Zuid,780000.0,€ 5.098,Verkocht onder voorbehoud,"Eengezinswoning, tussenwoning",Nieuwbouw,2026,,,,153 m²,,40 m²,5 m²,129 m²,397 m³,5 kamers (4 slaapkamers),1 badkamer en 1 apart toilet,,3 woonlagen,Elektra,A++,,Stadsverwarming,,129 m²,,,,,,Aangebouwde houten berging,Op eigen terrein,2.055,30%,€ 5.624,,,,,,,,,,,,,,,,,,,,,,780152.2767959993,True,-152.2767959992634,152.2767959992634
https://www.funda.nl/detail/koop/almere/huis-3-laagse-tussenwoning-bouwnr-102/43225017/,3-Laagse tussenwoning (Bouwnr. 102),,1362 LK,Almere,Olympiakwartier Oost (brt),535000.0,€ 4.820,Verkocht onder voorbehoud,"Eengezinswoning, tussenwoning",Nieuwbouw,Na 2020,,Plat dak,,111 m²,,,,91 m²,403 m³,5 kamers (4 slaapkamers),1 badkamer en 1 apart toilet,"Douche, toilet, en wastafel",3 woonlagen,Elektra,A+++,Geen isolatie,Stadsverwarming,Stadsverwarming,91 m²,,In woonwijk,Achtertuin,,,Vrijstaande houten berging,Openbaar parkeren,125.0,,,Woningborg Garantiecertificaat,,,,,,,,,,,,,,,,,,,,,539397.6332660245,True,-4397.633266024524,4397.633266024524
https://www.funda.nl/detail/koop/almere/huis-a1-bouwnr-9/43809450/,A1 (Bouwnr. 9),,1362 LC,Almere,Olympiakwartier Oost (brt),522660.0,€ 4.667,Verkocht onder voorbehoud,"Eengezinswoning, tussenwoning",Nieuwbouw,2025,,,,112 m²,,,,90 m²,404 m³,5 kamers (4 slaapkamers),,,3 woonlagen,,A++,,,,90 m²,,In woonwijk,,,,Vrijstaande houten berging,,125.0,,,,,,,,,,,,,,,,,,,,,,,,532242.0756886163,True,-9582.075688616256,9582.075688616256
https://www.funda.nl/detail/koop/almere/huis-de-vlet-tussenwoning-bouwnr-330/43264378/,De Vlet - Tussenwoning (Bouwnr. 330),,1349 NC,Almere,Oosterwold Zuid,384000.0,€ 6.737,Onder optie,"Eengezinswoning, tussenwoning",Nieuwbouw,2026,,Plat dak,,57 m²,,,4 m²,119 m²,265 m³,3 kamers (2 slaapkamers),1 badkamer en 1 apart toilet,Douche en wastafel,2 woonlagen,Zonnepanelen,A++++,Volledig geïsoleerd,Gehele vloerverwarming en warmtepomp,,119 m²,,"Aan rustige weg, in woonwijk, landelijk gelegen en vrij uitzicht",Achtertuin,,,Vrijstaande houten berging,Openbaar parkeren,3.53,40%,€ 5.670,,,,,,,,,,,,,,,,,,,,,,377221.4900825311,True,6778.50991746888,6778.50991746888
https://www.funda.nl/detail/koop/almere/huis-iyohof-2/43398010/,Iyohof,2.0,1363 RZ,Almere,Homeruskwartier Oost,645000.0,€ 5.972,Onder bod,"Eengezinswoning, vrijstaande woning",Bestaande bouw,2017,,Plat dak bedekt met bitumineuze dakbedekking,,108 m²,,16 m²,6 m²,204 m²,384 m³,4 kamers (3 slaapkamers),1 badkamer en 2 aparte toiletten,"Douche, ligbad, en wastafelmeubel",3 woonlagen,Elektra,A,Volledig geïsoleerd,Stadsverwarming en gedeeltelijke vloerverwarming,Stadsverwarming,204 m²,Volle eigendom,"Aan bosrand, aan rustige weg, aan water, in woonwijk en vrij uitzicht",Tuin rondom,,,Vrijstaande houten berging,Op eigen terrein en openbaar parkeren,1.46,65%,€ 4.427,,,,,,,Dakterras aanwezig,,,,,,,,,,,,,,,671584.9828185656,True,-26584.982818565564,26584.982818565564
https://www.funda.nl/detail/koop/almere/huis-3-laagse-hoekwoning-bouwnr-88/43225003/,3-Laagse hoekwoning (Bouwnr. 88),,1362 LK,Almere,Olympiakwartier Oost (brt),595000.0,€ 4.798,Verkocht onder voorbehoud,"Eengezinswoning, hoekwoning",Nieuwbouw,Na 2020,,Plat dak,,124 m²,,,,,449 m³,5 kamers (4 slaapkamers),1 badkamer en 1 apart toilet,"Douche, toilet, en wastafel",3 woonlagen,Elektra,A++,Geen isolatie,Stadsverwarming,Stadsverwarming,,,In woonwijk,Achtertuin,,,Vrijstaande houten berging,Openbaar parkeren,125.0,,,Woningborg Garantiecertificaat,,,,,,,,,,,,,,,,,,,,,593912.7625047626,True,1087.2374952373793,1087.2374952373793
https://www.funda.nl/detail/koop/almere/huis-asterstraat-32/89780654/,Asterstraat,32.0,1338 WT,Almere,Bloemenbuurt Oost,465000.0,€ 3.843,Beschikbaar,"Eengezinswoning, tussenwoning",Bestaande bouw,1989,,Zadeldak,,121 m²,,,6 m²,129 m²,412 m³,5 kamers (4 slaapkamers),1 badkamer en 1 apart toilet,"Douche, toilet, wastafel, en wastafelmeubel",2 woonlagen en een zolder,,C,,Cv-ketel,Cv-ketel,129 m²,Volle eigendom,In woonwijk,Achtertuin en voortuin,,,Vrijstaande houten berging,Openbaar parkeren,1.23,44%,€ 3.707,,"Intergas ( combiketel uit 2012, eigendom)",,,,,,,,,,,,,,,,,,,,472076.4981220701,True,-7076.498122070101,7076.498122070101
https://www.funda.nl/detail/koop/almere/huis-stormzeil-27/43311446/,Stormzeil,27.0,1319 EE,Almere,Noorderplassen W.-West,775000.0,€ 4.814,Beschikbaar,"Eengezinswoning, 2-onder-1-kapwoning",Bestaande bouw,2019,,Zadeldak bedekt met pannen,,161 m²,17 m²,,,289 m²,586 m³,4 kamers (3 slaapkamers),1 badkamer en 2 aparte toiletten,"Douche, ligbad, en wastafelmeubel",3 woonlagen,Elektra,A,"Dakisolatie, dubbel glas, muurisolatie, vloerisolatie en volledig geïsoleerd",Stadsverwarming en gedeeltelijke vloerverwarming,Centrale voorziening,289 m²,Volle eigendom,"Aan bosrand, aan rustige weg, in woonwijk en vrij uitzicht","Achtertuin, voortuin en zijtuin","120 m² (12,00 meter diep en 10,00 meter breed)",Gelegen op het oosten bereikbaar via achterom,,Openbaar parkeren,1.62,71%,€ 4.496,,,Aangebouwde stenen garage en parkeerplaats,1 auto,,,,,,,,,,,,,,,,,,832529.7586411685,True,-57529.758641168475,57529.758641168475
https://www.funda.nl/detail/koop/almere/huis-vooronder-12/89534519/,Vooronder,12.0,1319 AE,Almere,Noorderplassen W.-Zuid,450000.0,€ 4.737,Beschikbaar,"Eengezinswoning, tussenwoning",Bestaande bouw,2004,,Plat dak bedekt met bitumineuze dakbedekking,,95 m²,,,14 m²,126 m²,324 m³,4 kamers (3 slaapkamers),1 badkamer en 1 apart toilet,"Douche, toilet, wastafel, wastafelmeubel, en whirlpool",2 woonlagen,Elektra,A++,"Dakisolatie, dubbel glas, muurisolatie, vloerisolatie en volledig geïsoleerd",Stadsverwarming en gedeeltelijke vloerverwarming,Stadsverwarming,126 m²,Volle eigendom,"Aan rustige weg, in bosrijke omgeving en in woonwijk",Achtertuin,"5.500 m² (10,00 meter diep en 550,00 meter breed)",Gelegen op het zuidoosten bereikbaar via achterom,Vrijstaande houten berging,"Op afgesloten terrein, op eigen terrein en openbaar parkeren",2.185,51%,€ 3.998,,,,,,,,,,,,,,,,,,,,,,487721.12083106645,False,-37721.12083106645,37721.12083106645
https://www.funda.nl/detail/koop/almere/huis-jan-van-eyckstraat-9/43368470/,Jan van Eyckstraat,9.0,1318 GA,Almere,Tussen de Vaarten N.- Noord,500000.0,€ 3.876,Verkocht onder voorbehoud,"Eengezinswoning, tussenwoning",Bestaande bouw,1999,Gedeeltelijk gestoffeerd,Plat dak,,129 m²,,48 m²,14 m²,182 m²,468 m³,5 kamers (4 slaapkamers),1 badkamer en 1 apart toilet,"Dubbele wastafel, inloopdouche, ligbad, toilet, en wastafelmeubel",3 woonlagen,Elektra,A,Volledig geïsoleerd,Stadsverwarming,Stadsverwarming,182 m²,Volle eigendom,Aan rustige weg en in woonwijk,Voortuin,,Gelegen op het zuidoosten,Vrijstaande stenen berging,Openbaar parkeren,1.925,50%,€ 4.263,,,,,,,Dakterras aanwezig,,,,,"120 m² (12,00 meter diep en 10,00 meter breed)",,,,,,,,,,464540.69922874094,True,35459.30077125906,35459.30077125906
https://www.funda.nl/detail/koop/almere/huis-monetstraat-35/43324495/,Monetstraat,35.0,1328 PK,Almere,Tussen de Vaarten Z.- Zuidwest,600000.0,€ 3.371,Beschikbaar,"Eengezinswoning, tussenwoning",Bestaande bouw,2003,,,,178 m²,,,13 m²,177 m²,630 m³,8 kamers (6 slaapkamers),1 badkamer en 1 apart toilet,"Dubbele wastafel, inloopdouche, en toilet",3 woonlagen,Elektra,A,"Dakisolatie, dubbel glas, muurisolatie, vloerisolatie en volledig geïsoleerd",Open haard en stadsverwarming,Stadsverwarming,177 m²,Volle eigendom,In woonwijk,Achtertuin en voortuin,"48 m² (8,00 meter diep en 6,00 meter breed)",Gelegen op het noordwesten,Vrijstaande houten berging,,2.305,43%,€ 3.742,,,Parkeerplaats,,,,,,,,,,,,,,,,,,,589665.4123554782,True,10334.587644521846,10334.587644521846
https://www.funda.nl/detail/koop/almere/huis-buizerd-bouwnr-40/43132920/,Buizerd (Bouwnr. 40),,1358 EL,Almere,Overgooi (brt),1120000.0,€ 5.989,Verkocht onder voorbehoud,"Villa, vrijstaande woning",Nieuwbouw,Na 2020,,,,187 m²,,,,1.502 m²,710 m³,1 kamer,,,1 woonlaag,Zonnepanelen,Niet beschikbaar,Volledig geïsoleerd,,,1.502 m²,,"Aan bosrand, aan rustige weg, in bosrijke omgeving, landelijk gelegen, open ligging en vrij uitzicht",Tuin rondom,,,,Op eigen terrein,720.0,46%,€ 5.136,,,Parkeerplaats,,,,,,,,,,,,,,,,,,,1135822.4691644656,True,-15822.469164465554,15822.469164465554
https://www.funda.nl/detail/koop/almere/huis-sprenglaar-164/43308491/,Sprenglaar,164.0,1359 KD,Almere,De Laren Zuid,485000.0,€ 3.975,Verkocht onder voorbehoud,"Eengezinswoning, tussenwoning",Bestaande bouw,2016,,Zadeldak bedekt met pannen,,122 m²,,,6 m²,136 m²,436 m³,5 kamers (4 slaapkamers),1 badkamer en 1 apart toilet,"Douche, toilet, en wastafel",2 woonlagen en een zolder,Elektra,A++,Dubbel glas en volledig geïsoleerd,Cv-ketel,Cv-ketel,136 m²,Volle eigendom,,Achtertuin en voortuin,"51 m² (9,41 meter diep en 5,38 meter breed)",Gelegen op het zuidwesten bereikbaar via achterom,Vrijstaande houten berging,Openbaar parkeren,425.0,66%,,,"Intergas (gas gestookt combiketel uit 2016, eigendom)",,,,,,,,,,,,,,,,,,,,530642.8372430388,True,-45642.83724303881,45642.83724303881
https://www.funda.nl/detail/koop/almere/huis-dwarsfluitstraat-24/89501165/,Dwarsfluitstraat,24.0,1312 PG,Almere,Muziekwijk N.-Midden,450000.0,€ 3.750,Verkocht onder voorbehoud,"Eengezinswoning, tussenwoning",Bestaande bouw,1990,Gedeeltelijk gestoffeerd,Dwarskap bedekt met pannen,,120 m²,,3 m²,7 m²,147 m²,423 m³,6 kamers (4 slaapkamers),1 badkamer en 1 apart toilet,"Inloopdouche, toilet, wastafel, en wastafelmeubel",3 woonlagen,Elektra,A,"Dakisolatie, HR-glas, muurisolatie en vloerisolatie",Stadsverwarming,Stadsverwarming,147 m²,Volle eigendom,"Aan rustige weg, beschutte ligging, in bosrijke omgeving en in woonwijk",Achtertuin en voortuin,"81 m² (13,50 meter diep en 6,00 meter breed)",Gelegen op het zuidoosten bereikbaar via achterom,Vrijstaande houten berging,Openbaar parkeren,1.775,40%,€ 4.345,Energie Prestatie Advies,,,,,,,,,,,,,,,,,,,,,492454.45715761447,True,-42454.457157614466,42454.457157614466
https://www.funda.nl/detail/koop/almere/huis-turkijekade-164/43120738/,Turkijekade,164.0,1362 KJ,Almere,Europakwartier Oost (brt),599500.0,€ 4.684,Verkocht onder voorbehoud,"Eengezinswoning, tussenwoning",Nieuwbouw,Na 2020,,Plat dak,,128 m²,,,6 m²,102 m²,493 m³,5 kamers (4 slaapkamers),1 badkamer en 1 apart toilet,"Douche, toilet, en wastafel",2 woonlagen en een zolder,Glasvezelkabel en zonnepanelen,A+++,Volledig geïsoleerd,Stadsverwarming en gehele vloerverwarming,Stadsverwarming,102 m² (deelperceel),Volle eigendom,In woonwijk,Achtertuin,,,Vrijstaande houten berging,Openbaar parkeren,2.27,44%,€ 4.829,SWK Garantiecertificaat,,,,,,,,,,,,,,,,,,,,,625347.3314488747,True,-25847.33144887467,25847.33144887467
https://www.funda.nl/detail/koop/almere/huis-townhouse-bouwnr-bnr-22/43000828/,Townhouse - (Bouwnr. Bnr 22),,1362 KJ,Almere,Europakwartier Oost (brt),703500.0,€ 4.628,Verkocht onder voorbehoud,"Eengezinswoning, tussenwoning",Nieuwbouw,Na 2020,,,,152 m²,,,,135 m²,587 m³,1 kamer,,,1 woonlaag,Glasvezelkabel en zonnepanelen,A+++,Volledig geïsoleerd,Stadsverwarming en gehele vloerverwarming,Stadsverwarming,135 m²,,,,,,Vrijstaande houten berging,,2.27,44%,€ 4.829,SWK Garantiecertificaat,,,,,,,,,,,,,,,,,,,,,725958.6457462948,True,-22458.64574629476,22458.64574629476
https://www.funda.nl/detail/koop/almere/huis-poldermolenweg-153/89623426/,Poldermolenweg,153.0,1333 BB,Almere,Molenbuurt Oost,625000.0,€ 5.342,,"Eengezinswoning, 2-onder-1-kapwoning",Bestaande bouw,1983,,,,117,,,,,465 m³,5 kamers (4 slaapkamers),,"Douche, toilet, en wastafelmeubel",,,A+++,,Warmtepomp,,236 m²,Volle eigendom,,,,,,,2.17,38%,€ 3.564,,,,,,,,,,,,,,,,,,,,,,499199.99385081435,True,125800.00614918565,125800.00614918565
https://www.funda.nl/detail/koop/almere/huis-ambachtsmark-111/89688941/,Ambachtsmark,111.0,1355 EK,Almere,"Ambachtsmark, Vrijmark en Zuidmark",495000.0,€ 3.561,Verkocht onder voorbehoud,"Eengezinswoning, hoekwoning",Bestaande bouw,1989,Gedeeltelijk gestoffeerd,Samengesteld dak bedekt met bitumineuze dakbedekking en pannen,,139 m²,,4 m²,6 m²,183 m²,491 m³,4 kamers (3 slaapkamers),1 badkamer en 1 apart toilet,"Dubbele wastafel, inloopdouche, toilet, en wastafelmeubel",3 woonlagen,"Buitenzonwering, glasvezelkabel, mechanische ventilatie, natuurlijke ventilatie, rolluiken, TV kabel, en zonnepanelen",B,"Dakisolatie, muurisolatie en vloerisolatie",Cv-ketel,Cv-ketel,183 m²,Volle eigendom,"Aan rustige weg, in bosrijke omgeving en in woonwijk",Achtertuin en voortuin,"77 m² (11,00 meter diep en 7,00 meter breed)",Gelegen op het zuidwesten bereikbaar via achterom,Vrijstaande houten berging,Op eigen terrein en openbaar parkeren,1.07,45%,,Energie Prestatie Advies,"Gas gestookt, eigendom",,,,,,,,,,,,,,,,,,,,523020.08159159805,True,-28020.08159159805,28020.08159159805
https://www.funda.nl/detail/koop/almere/huis-lelietje-van-dalenstraat-2/43320153/,Lelietje-van-Dalenstraat,2.0,1338 TE,Almere,Bloemenbuurt Noord,459500.0,€ 4.177,Beschikbaar,"Eengezinswoning, eindwoning",Bestaande bouw,1989,Gedeeltelijk gestoffeerd,Samengesteld dak bedekt met bitumineuze dakbedekking en pannen,,110 m²,16 m²,5 m²,5 m²,197 m²,442 m³,4 kamers (3 slaapkamers),2 badkamers en 1 apart toilet,"Douche, 2 toiletten, 2 wastafels, en ligbad",2 woonlagen,Elektra en verwarming,B,Dakisolatie en muurisolatie,Cv-ketel en open haard,Cv-ketel,197 m²,Volle eigendom,Aan rustige weg en in woonwijk,Achtertuin en voortuin,"53 m² (6,50 meter diep en 8,20 meter breed)",Gelegen op het zuidoosten bereikbaar via achterom,Vrijstaande houten berging,Openbaar parkeren,1.265,37%,€ 3.781,,"Remeha (2022, eigendom)",Inpandig en parkeerplaats,1 auto,,,,,,,,,,,,,,,,,,455475.37833470653,False,4024.6216652934672,4024.6216652934672
https://www.funda.nl/detail/koop/almere/huis-nikestraat-3/88236092/,Nikestraat,3.0,1363 ZV,Almere,Homeruskwartier Midden,875000.0,€ 4.487,,"Villa, vrijstaande woning",Bestaande bouw,2011,,,,195,,,,,746 m³,6 kamers (5 slaapkamers),,"Dubbele wastafel, ligbad, en toilet",,,A,,Stadsverwarming en gedeeltelijke vloerverwarming,,222 m²,Volle eigendom,,,,,,,2.625,44%,€ 4.691,,,,,,,,,,,,,,,,,,,,,,897903.3779904196,True,-22903.377990419627,22903.377990419627
https://www.funda.nl/detail/koop/almere/huis-bruinvispad-27/89748721/,Bruinvispad,27.0,1317 KA,Almere,Waterwijk Oost,435000.0,€ 3.884,Beschikbaar,"Eengezinswoning, tussenwoning",Bestaande bouw,1986,,,,112 m²,,,7 m²,118 m²,386 m³,5 kamers (4 slaapkamers),1 badkamer en 1 apart toilet,"Douche, ligbad, toilet, vloerverwarming, en wastafelmeubel",3 woonlagen,Elektra,A,,Stadsverwarming,Stadsverwarming,118 m²,Volle eigendom,In woonwijk,Achtertuin,"52 m² (9,90 meter diep en 5,30 meter breed)",Gelegen op het zuidoosten bereikbaar via achterom,Vrijstaande houten berging,Openbaar parkeren,1.645,33%,€ 3.901,,,,,,,,,,,,,,,,,,,,,,420307.08760024497,True,14692.912399755034,14692.912399755034
https://www.funda.nl/detail/koop/almere/huis-hoekwoning-bouwnr-1/89974398/,Hoekwoning (Bouwnr. 1),,1362 JG,Almere,Europakwartier Oost (brt),615000.0,€ 4.424,Verkocht onder voorbehoud,"Eengezinswoning, hoekwoning",Nieuwbouw,2024,,,,139 m²,,,,,546 m³,6 kamers (5 slaapkamers),,,3 woonlagen,,Niet beschikbaar,,,,,,,,,,,,2.27,44%,€ 4.829,,,,,,,,,,,,,,,,,,,,,,630731.6435018601,True,-15731.64350186009,15731.64350186009
https://www.funda.nl/detail/koop/almere/huis-goethelaan-156/89765656/,Goethelaan,156.0,1349 EG,Almere,Oosterwold Zuid,514500.0,€ 7.566,Beschikbaar,"Bungalow, vrijstaande woning",Bestaande bouw,2026,,,,68 m²,,,,546 m²,290 m³,3 kamers (2 slaapkamers),1 badkamer en 1 apart toilet,"Douche, wastafel, en wastafelmeubel",1 woonlaag,,A+++,Driedubbel glas en volledig geïsoleerd,,,546 m²,Volle eigendom,"Aan rustige weg, in woonwijk en vrij uitzicht",Tuin rondom,,,,Op eigen terrein,3.53,40%,€ 5.670,,,,,,,,,,,,,,,,,,,,,,552439.6997324442,True,-37939.69973244425,37939.69973244425
https://www.funda.nl/detail/koop/almere/huis-adrienne-solserstraat-35/43326801/,Adrienne Solserstraat,35.0,1325 NZ,Almere,Filmwijk Midden,517500.0,€ 4.107,Beschikbaar,"Eengezinswoning, tussenwoning",Bestaande bouw,1995,Gedeeltelijk gestoffeerd,Zadeldak bedekt met pannen,,126 m²,,,8 m²,132 m²,427 m³,4 kamers (3 slaapkamers),1 badkamer en 1 apart toilet,"Dubbele wastafel, inloopdouche, toilet, en wastafelmeubel",3 woonlagen,Elektra,A+,"Dakisolatie, dubbel glas, muurisolatie, vloerisolatie en volledig geïsoleerd",Stadsverwarming en warmtepomp,Stadsverwarming,132 m²,Volle eigendom,Aan rustige weg en in woonwijk,Achtertuin en voortuin,"51 m² (9,55 meter diep en 5,30 meter breed)",Gelegen op het noordoosten bereikbaar via achterom,Vrijstaande houten berging,Openbaar parkeren,1.95,48%,€ 4.045,,,,,,,,,,,,,,,,,,,,,,486704.36491424486,True,30795.635085755144,30795.635085755144
https://www.funda.nl/detail/koop/almere/huis-duindriftstraat-19/89766565/,Duindriftstraat,19.0,1361 BW,Almere,Duin Zuid,950000.0,€ 6.090,Beschikbaar,"Eengezinswoning, 2-onder-1-kapwoning",Bestaande bouw,2025,,Plat dak bedekt met bitumineuze dakbedekking,,156 m²,5 m²,21 m²,,118 m²,581 m³,5 kamers (4 slaapkamers),2 badkamers en 2 aparte toiletten,"2 inloopdouches, ligbad, vloerverwarming, wastafel, 2 wastafelmeubels, dubbele wastafel, en toilet",3 woonlagen,Elektra,A++,Volledig geïsoleerd,"Stadsverwarming, gehele vloerverwarming en warmte terugwininstallatie",Stadsverwarming,118 m²,Volle eigendom,"Aan rustige weg, aan vaarwater, aan water, in woonwijk en vrij uitzicht",Achtertuin en voortuin,"22 m² (3,95 meter diep en 5,56 meter breed)",Gelegen op het zuiden,Aangebouwde houten berging,Op eigen terrein en openbaar parkeren,2.055,30%,€ 5.624,SWK Garantiecertificaat,,Parkeerplaats,,,,Frans balkon aanwezig,,,,,,,,,,,,,,,885303.5139773343,False,64696.48602266575,64696.48602266575
https://www.funda.nl/detail/koop/almere/huis-bevrijdingstraat-10/43351316/,Bevrijdingstraat,10.0,1318 AP,Almere,Verzetswijk West,1245000.0,€ 5.485,Beschikbaar,"Villa, vrijstaande woning",Bestaande bouw,1994,,Samengesteld dak bedekt met pannen,,227 m²,,5 m²,,821 m²,733 m³,5 kamers (4 slaapkamers),1 badkamer en 2 aparte toiletten,"Dubbele wastafel, inloopdouche, ligbad, vloerverwarming, en wastafelmeubel",2 woonlagen,"Airconditioning, glasvezelkabel, mechanische ventilatie, schuifpui, TV kabel, en zonnepanelen",A,Volledig geïsoleerd,Elektrische verwarming en stadsverwarming,Stadsverwarming,821 m²,Volle eigendom,In woonwijk,Tuin rondom,,,,Op eigen terrein en openbaar parkeren,1.34,50%,€ 3.889,,,,,,,Balkon aanwezig,,,,,,,,,,,,,,,1035831.9470434764,True,209168.0529565236,209168.0529565236
https://www.funda.nl/detail/koop/almere/huis-3-laagse-tussenwoning-bouwnr-15/43225044/,3-Laagse tussenwoning (Bouwnr. 15),,1362 LK,Almere,Olympiakwartier Oost (brt),495000.0,€ 4.806,Verkocht onder voorbehoud,"Eengezinswoning, tussenwoning",Nieuwbouw,Na 2020,,Plat dak,,103 m²,,,,83 m²,379 m³,5 kamers (4 slaapkamers),1 badkamer en 1 apart toilet,"Douche, toilet, en wastafel",3 woonlagen,Elektra,A+++,Geen isolatie,Stadsverwarming,Stadsverwarming,83 m²,,In woonwijk,Achtertuin,,,Vrijstaande houten berging,Openbaar parkeren,125.0,,,Woningborg Garantiecertificaat,,,,,,,,,,,,,,,,,,,,,509260.07816588937,True,-14260.078165889368,14260.078165889368
https://www.funda.nl/detail/koop/almere/huis-julistraat-67/43308390/,Julistraat,67.0,1335 DG,Almere,Seizoenenbuurt West,419000.0,€ 4.149,Onder bod,"Eengezinswoning, tussenwoning",Bestaande bouw,1998,,Zadeldak bedekt met pannen,,101 m²,,,6 m²,132 m²,356 m³,5 kamers (4 slaapkamers),1 badkamer en 1 apart toilet,"Inloopdouche, toilet, wastafel, en wastafelmeubel",2 woonlagen en een zolder,Elektra,A,Volledig geïsoleerd,Cv-ketel en gedeeltelijke vloerverwarming,Cv-ketel,132 m²,Volle eigendom,Aan rustige weg en in woonwijk,Achtertuin en voortuin,"59 m² (11,50 meter diep en 5,13 meter breed)",Gelegen op het zuidwesten bereikbaar via achterom,Vrijstaande houten berging,Openbaar parkeren,2.385,57%,€ 3.742,Energie Prestatie Advies,"Gas gestookt combiketel uit 2010, eigendom",,,,,,,,,,,,,,,,,,,,425261.3509321371,False,-6261.350932137109,6261.350932137109
https://www.funda.nl/detail/koop/almere/huis-sidoniastraat-24/89785368/,Sidoniastraat,24.0,1336 ME,Almere,Stripheldenbuurt Zuid,750000.0,€ 4.098,Beschikbaar,"Villa, vrijstaande woning",Bestaande bouw,2006,,Samengesteld dak,,183 m²,5 m²,,5 m²,302 m²,724 m³,7 kamers (5 slaapkamers),2 badkamers en 2 aparte toiletten,"2 inloopdouches, ligbad, 2 wastafelmeubels, en toilet",3 woonlagen,"Balansventilatie, frans balkon, glasvezelkabel, TV kabel, en zonnepanelen",A,Volledig geïsoleerd,Cv-ketel en warmte terugwininstallatie,Cv-ketel,302 m²,Volle eigendom,"In bosrijke omgeving, in woonwijk, open ligging en vrij uitzicht",Tuin rondom,,,Aangebouwde stenen berging,Op eigen terrein en openbaar parkeren,1.335,57%,€ 3.957,,"Vaillant Eco Tec Plus (gas gestookt combiketel uit 2014, eigendom)",,,,,Frans balkon aanwezig,,,,,,,,,,,,,,,943974.4803129957,True,-193974.48031299573,193974.48031299573
https://www.funda.nl/detail/koop/almere/huis-leijhof-2/43306430/,Leijhof,2.0,1316 CC,Almere,Waterwijk Zuid,475000.0,€ 4.130,Beschikbaar,"Eengezinswoning, tussenwoning",Bestaande bouw,1982,Gedeeltelijk gestoffeerd en gemeubileerd,Zadeldak bedekt met pannen,,115 m²,5 m²,11 m²,7 m²,150 m²,398 m³,4 kamers (3 slaapkamers),1 badkamer en 1 apart toilet,"Douche, toilet, wastafel, en wastafelmeubel",3 woonlagen en een vliering,Elektra,A,Geen isolatie,Stadsverwarming,Stadsverwarming,150 m²,Volle eigendom,Aan rustige weg en in woonwijk,Achtertuin en voortuin,"45 m² (9,00 meter diep en 5,00 meter breed)",Gelegen op het westen bereikbaar via achterom,Vrijstaande houten berging,Op eigen terrein en openbaar parkeren,985.0,39%,€ 4.461,,,,,,,,,,,,,,,,,,,,,,436210.40331365983,True,38789.59668634017,38789.59668634017
https://www.funda.nl/detail/koop/almere/huis-sisleystraat-40/43246661/,Sisleystraat,40.0,1328 PJ,Almere,Tussen de Vaarten Z.- Zuidwest,600000.0,€ 3.315,Verkocht onder voorbehoud,"Eengezinswoning, tussenwoning",Bestaande bouw,2003,Gedeeltelijk gestoffeerd,Plat dak bedekt met bitumineuze dakbedekking,,181 m²,,,13 m²,177 m²,579 m³,6 kamers (5 slaapkamers),2 badkamers en 1 apart toilet,"2 inloopdouches, ligbad, 2 toiletten, en 2 wastafels",3 woonlagen,"Glasvezelkabel, mechanische ventilatie, en TV kabel",A,"Dakisolatie, dubbel glas, muurisolatie, vloerisolatie en volledig geïsoleerd",Gedeeltelijke vloerverwarming,Elektrische boiler en stadsverwarming,177 m²,Volle eigendom,Aan rustige weg en in woonwijk,Achtertuin en voortuin,"56 m² (9,03 meter diep en 6,23 meter breed)",Gelegen op het zuidoosten bereikbaar via achterom,Vrijstaande houten berging,Op eigen terrein en openbaar parkeren,2.305,43%,€ 3.742,,,Parkeerplaats,,,,,,,,,,,,,,,,,,,632113.4058083725,True,-32113.40580837254,32113.40580837254
https://www.funda.nl/detail/koop/almere/huis-havik-bouwnr-38/43132937/,Havik (Bouwnr. 38),,1358 EL,Almere,Overgooi (brt),1155000.0,€ 5.397,Verkocht onder voorbehoud,"Villa, vrijstaande woning",Nieuwbouw,Na 2020,,,,214 m²,,,,1.606 m²,833 m³,1 kamer,,,1 woonlaag,Zonnepanelen,Niet beschikbaar,Volledig geïsoleerd,,,1.606 m²,,"Aan bosrand, aan rustige weg, in bosrijke omgeving, landelijk gelegen, open ligging en vrij uitzicht",Tuin rondom,,,,Op eigen terrein,720.0,46%,€ 5.136,,,Parkeerplaats,,,,,,,,,,,,,,,,,,,1251108.5449596178,True,-96108.54495961778,96108.54495961778
https://www.funda.nl/detail/koop/almere/huis-robert-pearystraat-20/89724685/,Robert Pearystraat,20.0,1363 LM,Almere,Columbuskwartier Noord,900000.0,€ 4.839,Verkocht onder voorbehoud,"Eengezinswoning, vrijstaande woning",Bestaande bouw,2010,,Zadeldak bedekt met pannen,,186 m²,20 m²,17 m²,,260 m²,791 m³,5 kamers (4 slaapkamers),1 badkamer en 1 apart toilet,"Inloopdouche, ligbad, toilet, wastafel, en wastafelmeubel",3 woonlagen en een vliering,"Elektrische deur, elektra, verwarming en stromend water",A,Muurisolatie,Stadsverwarming en gedeeltelijke vloerverwarming,Stadsverwarming,260 m²,Volle eigendom,Aan rustige weg en in woonwijk,"Achtertuin, voortuin en zijtuin","56 m² (6,75 meter diep en 8,25 meter breed)",Gelegen op het zuidoosten bereikbaar via achterom,,Op eigen terrein en openbaar parkeren,2.055,46%,€ 5.351,Energie Prestatie Advies,,Aangebouwde stenen garage,1 auto,,,,,,,,,,,,,,,,,,898750.6998029305,False,1249.3001970695332,1249.3001970695332
https://www.funda.nl/detail/koop/almere/huis-vrijstaande-bungalow-bouwnr-345/43178123/,Vrijstaande Bungalow (Bouwnr. 345),,1349 NC,Almere,Oosterwold Zuid,655500.0,€ 7.125,Verkocht onder voorbehoud,"Bungalow, vrijstaande woning",Nieuwbouw,2026,,,,92 m²,,,,494 m²,276 m³,4 kamers (3 slaapkamers),1 badkamer en 1 apart toilet,,1 woonlaag,,Niet beschikbaar,,,,,,,,,,,Op eigen terrein,3.53,40%,€ 5.670,,,,,,,,,,,,,,,,,,,,,,679590.8789761701,True,-24090.87897617009,24090.87897617009
https://www.funda.nl/detail/koop/almere/huis-guadeloupestraat-24/89736648/,Guadeloupestraat,24.0,1339 ME,Almere,Eilandenbuurt Oost,695000.0,€ 3.904,Beschikbaar,"Herenhuis, geschakelde woning",Bestaande bouw,2001,,Plat dak,,178 m²,19 m²,20 m²,,299 m²,724 m³,5 kamers (4 slaapkamers),1 badkamer en 1 apart toilet,"Douche, dubbele wastafel, ligbad, en toilet",3 woonlagen,Elektra en verwarming,B,Muurisolatie en volledig geïsoleerd,Cv-ketel,Cv-ketel,299 m²,Volle eigendom,In woonwijk,Achtertuin en voortuin,,,,Op eigen terrein en openbaar parkeren,1.475,41%,€ 3.838,,Eigendom,Aangebouwde stenen garage,1 auto,,,,,,,,,,,,,,,,,,590019.2500985455,True,104980.74990145455,104980.74990145455
https://www.funda.nl/detail/koop/almere/huis-saturnussingel-324/43372081/,Saturnussingel,324.0,1363 RG,Almere,Homeruskwartier Oost,575000.0,€ 3.966,Beschikbaar,"Eengezinswoning, eindwoning",Bestaande bouw,2015,,Plat dak bedekt met bitumineuze dakbedekking,,145 m²,,22 m²,6 m²,105 m²,517 m³,4 kamers (3 slaapkamers),1 badkamer en 1 apart toilet,"Dubbele wastafel, inloopdouche, toilet, en wastafelmeubel",3 woonlagen,Elektra,A+,HR-glas en volledig geïsoleerd,Stadsverwarming,Centrale voorziening,105 m²,Volle eigendom,In woonwijk,Achtertuin,"37 m² (6,30 meter diep en 5,80 meter breed)",Gelegen op het zuidoosten bereikbaar via achterom,Vrijstaande houten berging,Openbaar parkeren,1.46,65%,€ 4.427,,,,,,,Dakterras aanwezig,,,,,,,,,,,,,,,607668.6792690462,True,-32668.679269046173,32668.679269046173
https://www.funda.nl/detail/koop/almere/huis-februaristraat-104/43390579/,Februaristraat,104.0,1335 AV,Almere,Seizoenenbuurt Oost,400000.0,€ 4.494,Beschikbaar,"Eengezinswoning, eindwoning",Bestaande bouw,1997,Gedeeltelijk gestoffeerd,Zadeldak bedekt met pannen,,89 m²,,,9 m²,157 m²,337 m³,4 kamers (3 slaapkamers),1 badkamer en 1 apart toilet,"Douche, toilet, wastafel, en wastafelmeubel",2 woonlagen,Elektra,A,"Dakisolatie, dubbel glas, muurisolatie, vloerisolatie en volledig geïsoleerd",Cv-ketel,Cv-ketel,157 m²,Volle eigendom,Aan rustige weg en in woonwijk,Achtertuin en voortuin,"54 m² (10,25 meter diep en 5,25 meter breed)",Gelegen op het noordoosten bereikbaar via achterom,Vrijstaande houten berging,Openbaar parkeren,1.63,43%,€ 4.194,,"Gas gestookt combiketel, eigendom",,,,,,,,,,,,,,,,,,,,392510.7455280174,True,7489.254471982596,7489.254471982596
https://www.funda.nl/detail/koop/almere/huis-vierlaags-herenhuis-bouwnr-10/89308174/,Vierlaags herenhuis (Bouwnr. 10),,1362 JT,Almere,Europakwartier Oost (brt),692000.0,€ 4.352,Beschikbaar,"Herenhuis, tussenwoning",Nieuwbouw,2026,,Plat dak,,159 m²,,,6 m²,113 m²,413 m³,7 kamers (6 slaapkamers),1 badkamer en 1 apart toilet,,4 woonlagen,Elektra,A+++,,,,113 m²,,,Achtertuin,"42 m² (0,11 meter diep en 0,05 meter breed)",,Vrijstaande houten berging,Openbaar parkeren,2.27,44%,€ 4.829,,,,,,,,,,,,,,,,,,,,,,695252.8584978183,True,-3252.85849781835,3252.85849781835
https://www.funda.nl/detail/koop/almere/huis-townhouse-bouwnr-bnr-16/43000803/,Townhouse - (Bouwnr. Bnr 16),,1362 KJ,Almere,Europakwartier Oost (brt),650000.0,€ 4.610,Onder optie,"Eengezinswoning, tussenwoning",Nieuwbouw,Na 2020,,,,141 m²,,,,117 m²,522 m³,1 kamer,,,1 woonlaag,Glasvezelkabel en zonnepanelen,A+++,Volledig geïsoleerd,Stadsverwarming en gehele vloerverwarming,Stadsverwarming,117 m²,,,,,,Vrijstaande houten berging,,2.27,44%,€ 4.829,SWK Garantiecertificaat,,,,,,,,,,,,,,,,,,,,,686643.9548924763,True,-36643.95489247632,36643.95489247632
https://www.funda.nl/detail/koop/almere/huis-botticelliplantsoen-13/43314701/,Botticelliplantsoen,13.0,1328 VL,Almere,Tussen de Vaarten Z.- Zuidoost,375000.0,€ 4.360,Beschikbaar,"Eengezinswoning, tussenwoning",Bestaande bouw,2003,,Plat dak,,86 m²,,,6 m²,104 m²,287 m³,3 kamers (2 slaapkamers),1 badkamer,Douche en toilet,2 woonlagen,Mechanische ventilatie en TV kabel,A,HR-glas en volledig geïsoleerd,Stadsverwarming,,104 m²,Volle eigendom,In woonwijk en vrij uitzicht,Achtertuin en voortuin,"44 m² (9,60 meter diep en 4,60 meter breed)",Gelegen op het noordwesten bereikbaar via achterom,,,1.495,42%,€ 4.229,,,,,,,,,,,,,,,,,,,,,,342389.89912738244,False,32610.100872617564,32610.100872617564
https://www.funda.nl/detail/koop/almere/huis-roald-amundsenstraat-106/43328288/,Roald Amundsenstraat,106.0,1363 KH,Almere,Columbuskwartier Zuid,435000.0,€ 4.531,Beschikbaar,"Eengezinswoning, tussenwoning",Bestaande bouw,2009,,Plat dak bedekt met bitumineuze dakbedekking,,96 m²,,,4 m²,135 m²,340 m³,3 kamers (2 slaapkamers),1 badkamer en 1 apart toilet,"Douche, toilet, en wastafelmeubel",2 woonlagen,Elektra,A+,Geen isolatie,Stadsverwarming,Centrale voorziening en stadsverwarming,135 m²,Volle eigendom,In woonwijk,Achtertuin en voortuin,"67 m² (11,00 meter diep en 6,10 meter breed)",Gelegen op het noordoosten bereikbaar via achterom,Vrijstaande houten berging,Op eigen terrein,1.375,44%,€ 5.595,,,Parkeerplaats,,,,,,,,,,,,,,,,,,,443177.6969042482,True,-8177.696904248209,8177.696904248209
https://www.funda.nl/detail/koop/almere/huis-w-schermerhornpad-1/43321794/,W. Schermerhornpad,1.0,1314 NE,Almere,Staatsliedenwijk Midden,375000.0,€ 4.808,Beschikbaar,"Eengezinswoning, eindwoning",Bestaande bouw,1986,,,,78 m²,,,4 m²,179 m²,381 m³,4 kamers (3 slaapkamers),,,3 woonlagen,Glasvezelkabel en mechanische ventilatie,A,,Stadsverwarming,Stadsverwarming,179 m²,,"Aan bosrand, aan rustige weg, in bosrijke omgeving, in centrum en in woonwijk",Achtertuin en zijtuin,"14,00 meter diep en 6,00 meter breed",Gelegen op het noorden bereikbaar via achterom,,Openbaar parkeren,835.0,37%,,,,Vrijstaande stenen garage,1 auto,,,,,,,,,,,,,,,,,,348485.3899078412,True,26514.61009215878,26514.61009215878
https://www.funda.nl/detail/koop/almere/huis-c-outshoornstraat-25/43224645/,C. Outshoornstraat,25.0,1333 NV,Almere,Bouwmeesterbuurt West,425000.0,€ 3.899,Verkocht,"Eengezinswoning, hoekwoning",Bestaande bouw,1988,Gedeeltelijk gestoffeerd,Zadeldak bedekt met pannen,,109 m²,,,9 m²,172 m²,358 m³,5 kamers (4 slaapkamers),1 badkamer en 1 apart toilet,"Douche, dubbele wastafel, ligbad, toilet, en wastafelmeubel",3 woonlagen,Elektra,B,"Dakisolatie, dubbel glas, muurisolatie en vloerisolatie",Cv-ketel,Cv-ketel,172 m²,Volle eigendom,In woonwijk,Achtertuin en voortuin,"75 m² (13,70 meter diep en 5,50 meter breed)",Gelegen op het zuidoosten bereikbaar via achterom,Aangebouwde stenen berging,Openbaar parkeren,950.0,43%,,Energie Prestatie Advies,"Remeha Tzerra ACE28C CW4CV-Combiketel (gas gestookt combiketel uit 2018, huur)",,,,,,,,,,,20 februari 2026,2 weken,€ 425.000 kosten koper,,,,,,,429054.9659620377,True,-4054.965962037677,4054.965962037677
https://www.funda.nl/detail/koop/almere/huis-truffautstraat-58/89775141/,Truffautstraat,58.0,1325 PT,Almere,Filmwijk Zuid-noord van Walt Disneyplts.,440000.0,€ 4.112,Beschikbaar,"Eengezinswoning, tussenwoning",Bestaande bouw,1995,,Zadeldak bedekt met pannen,,107 m²,,,8 m²,134 m²,370 m³,5 kamers (4 slaapkamers),1 badkamer en 1 apart toilet,"Inloopdouche, toilet, en wastafelmeubel",3 woonlagen,Elektra,A,Dubbel glas en volledig geïsoleerd,Stadsverwarming,Stadsverwarming,134 m²,Volle eigendom,Aan rustige weg en in woonwijk,Achtertuin,"65 m² (12,11 meter diep en 5,39 meter breed)",Gelegen op het zuidoosten bereikbaar via achterom,Vrijstaande houten berging,Openbaar parkeren,2.335,41%,€ 4.129,,,,,,,,,,,,,,,,,,,,,,430943.9201961096,True,9056.079803890374,9056.079803890374
https://www.funda.nl/detail/koop/almere/huis-zanglijster-bouwnr-41/43132938/,Zanglijster (Bouwnr. 41),,1358 EL,Almere,Overgooi (brt),1095000.0,€ 6.050,Onder optie,"Villa, vrijstaande woning",Nieuwbouw,Na 2020,,,,181 m²,,,,1.501 m²,704 m³,1 kamer,,,1 woonlaag,Zonnepanelen,Niet beschikbaar,Volledig geïsoleerd,,,1.501 m²,,"Aan bosrand, aan rustige weg, in bosrijke omgeving, landelijk gelegen, open ligging en vrij uitzicht",Tuin rondom,,,,Op eigen terrein,720.0,46%,€ 5.136,,,Parkeerplaats,,,,,,,,,,,,,,,,,,,1109179.779015444,False,-14179.779015443986,14179.779015443986
https://www.funda.nl/detail/koop/almere/huis-pompoenweg-21/43306775/,Pompoenweg,21.0,1349 KA,Almere,Oosterwold Zuid,385000.0,€ 15.400,Beschikbaar,"Bungalow, vrijstaande woning",Bestaande bouw,2019,,Zadeldak,,25 m²,,10 m²,39 m²,816 m²,115 m³,2 kamers (1 slaapkamer),1 badkamer,"Douche, toilet, en wastafel",1 woonlaag,"Glasvezelkabel, mechanische ventilatie, en zonnepanelen",A,Geen isolatie,Warmtepomp,Elektrische boiler,816 m²,Volle eigendom,"Aan rustige weg, in woonwijk, open ligging en vrij uitzicht",Tuin rondom,,,Vrijstaande houten berging,Op eigen terrein,3.53,40%,€ 5.670,,,,,,,,,,,,,,,,,,,,,,249239.01152927295,True,135760.98847072705,135760.98847072705
https://www.funda.nl/detail/koop/almere/huis-p-verhagenstraat-25/43389526/,P. Verhagenstraat,25.0,1333 JH,Almere,Bouwmeesterbuurt Oost,399500.0,€ 4.077,Beschikbaar,"Bungalow, geschakelde woning (semi-bungalow)",Bestaande bouw,1986,,Lessenaardak bedekt met pannen,,98 m²,,1 m²,,169 m²,387 m³,5 kamers (4 slaapkamers),1 badkamer en 1 apart toilet,Ligbad en wastafel,2 woonlagen,"Airconditioning, mechanische ventilatie, natuurlijke ventilatie, en TV kabel",B,"Dakisolatie, dubbel glas, muurisolatie en vloerisolatie",Cv-ketel,Cv-ketel,169 m²,Volle eigendom,Aan rustige weg en in woonwijk,Voortuin,,Gelegen op het zuidwesten,,Openbaar parkeren,1.63,38%,€ 4.063,Energie Prestatie Advies,"Gas gestookt combiketel uit 2012, eigendom",,,,Toegankelijk voor ouderen,,,,,,"73 m² (9,60 meter diep en 7,60 meter breed)",,,,,,,,,,405952.67899215803,True,-6452.678992158035,6452.678992158035
https://www.funda.nl/detail/koop/almere/huis-spaarnestraat-10/43372141/,Spaarnestraat,10.0,1316 HJ,Almere,Waterwijk Midden,435000.0,€ 3.884,Beschikbaar,"Eengezinswoning, tussenwoning",Bestaande bouw,1983,,,,112 m²,,,6 m²,115 m²,409 m³,4 kamers (3 slaapkamers),1 badkamer en 1 apart toilet,"Douche, ligbad, toilet, wastafel, en wastafelmeubel",3 woonlagen,Dakraam,B,,Stadsverwarming,Stadsverwarming,115 m²,Volle eigendom,Aan rustige weg en in woonwijk,Achtertuin en voortuin,"50 m² (10,00 meter diep en 5,00 meter breed)",Gelegen op het zuidwesten bereikbaar via achterom,Vrijstaande stenen berging,Openbaar parkeren,1.75,39%,€ 4.036,,,,,,,,,,,,,,,,,,,,,,409924.55914271966,True,25075.440857280337,25075.440857280337
https://www.funda.nl/detail/koop/almere/huis-townhouse-bouwnr-bnr-19/43000892/,Townhouse - (Bouwnr. Bnr 19),,1362 KJ,Almere,Europakwartier Oost (brt),650000.0,€ 4.610,Verkocht onder voorbehoud,"Eengezinswoning, tussenwoning",Nieuwbouw,Na 2020,,,,141 m²,,,,121 m²,522 m³,1 kamer,,,1 woonlaag,Glasvezelkabel en zonnepanelen,A+++,Volledig geïsoleerd,Stadsverwarming en gehele vloerverwarming,Stadsverwarming,121 m²,,,,,,Vrijstaande houten berging,,2.27,44%,€ 4.829,SWK Garantiecertificaat,,,,,,,,,,,,,,,,,,,,,686643.9548924763,True,-36643.95489247632,36643.95489247632
https://www.funda.nl/detail/koop/almere/huis-leendert-valstarstraat-19/43304285/,Leendert Valstarstraat,19.0,1318 CH,Almere,Verzetswijk Oost,625000.0,€ 5.165,Beschikbaar,"Eengezinswoning, 2-onder-1-kapwoning",Bestaande bouw,1995,,Samengesteld dak bedekt met pannen,,121 m²,29 m²,,7 m²,252 m²,548 m³,5 kamers (4 slaapkamers),1 badkamer en 1 apart toilet,"Inloopdouche, ligbad, toilet, wastafel, en wastafelmeubel",2 woonlagen en een vliering,"Dakraam, frans balkon, en mechanische ventilatie",A,,Stadsverwarming,Stadsverwarming,252 m²,Volle eigendom,"Aan rustige weg, in woonwijk en vrij uitzicht",Achtertuin en voortuin,"95 m² (10,00 meter diep en 9,50 meter breed)",Gelegen op het noordwesten,Vrijstaande houten berging,Op eigen terrein en openbaar parkeren,2.06,42%,€ 3.893,,,Inpandig en parkeerplaats,2 auto's,,,Frans balkon aanwezig,,,,,,,,,,,,,,,560133.7197802488,True,64866.28021975118,64866.28021975118
https://www.funda.nl/detail/koop/almere/huis-3-laagse-tussenwoning-bouwnr-94/43225007/,3-Laagse tussenwoning (Bouwnr. 94),,1362 LK,Almere,Olympiakwartier Oost (brt),580000.0,€ 4.874,Verkocht onder voorbehoud,"Eengezinswoning, tussenwoning",Nieuwbouw,Na 2020,,Plat dak,,119 m²,,,,102 m²,432 m³,5 kamers (4 slaapkamers),1 badkamer en 1 apart toilet,"Douche, toilet, en wastafel",3 woonlagen,Elektra,A+++,Geen isolatie,Stadsverwarming,Stadsverwarming,102 m²,,In woonwijk,Achtertuin,,,Vrijstaande houten berging,Openbaar parkeren,125.0,,,Woningborg Garantiecertificaat,,,,,,,,,,,,,,,,,,,,,568873.4915939297,True,11126.508406070294,11126.508406070294
https://www.funda.nl/detail/koop/almere/huis-kandinskystraat-56/89762838/,Kandinskystraat,56.0,1328 KH,Almere,Tussen de Vaarten Z.- Midden west,549500.0,€ 3.688,Beschikbaar,"Eengezinswoning, tussenwoning",Bestaande bouw,2001,,Zadeldak bedekt met pannen,,149 m²,,,9 m²,202 m²,514 m³,5 kamers (4 slaapkamers),1 badkamer,"Douche, dubbele wastafel, ligbad, toilet, en wastafelmeubel",2 woonlagen en een zolder,Elektra,Niet beschikbaar,,Stadsverwarming,Doorstroomboiler,202 m²,Volle eigendom,,Achtertuin en voortuin,"96 m² (0,13 meter diep en 0,07 meter breed)",Gelegen op het zuidoosten bereikbaar via achterom,Vrijstaande houten berging,Op eigen terrein,1.715,48%,€ 3.637,,,,,,,,,,,,,,,,,,,,,,532960.9731078572,True,16539.026892142836,16539.026892142836
https://www.funda.nl/detail/koop/almere/huis-grietpad-3/43363831/,Grietpad,3.0,1317 JH,Almere,Waterwijk Oost,475000.0,€ 3.626,Beschikbaar,"Eengezinswoning, tussenwoning",Bestaande bouw,1984,Gedeeltelijk gestoffeerd,Samengesteld dak bedekt met bitumineuze dakbedekking,,131 m²,,1 m²,8 m²,142 m²,426 m³,6 kamers (5 slaapkamers),1 badkamer en 1 apart toilet,"Douche, toilet, wastafel, en wastafelmeubel",3 woonlagen,Elektra,A+,Geen isolatie,Stadsverwarming,Stadsverwarming,142 m²,Volle eigendom,Aan park en in woonwijk,Achtertuin en voortuin,"55 m² (10,00 meter diep en 5,50 meter breed)",Gelegen op het noordwesten bereikbaar via achterom,Vrijstaande houten berging,Openbaar parkeren,1.645,33%,€ 3.901,,,,,,,,,,,,,,,,,,,,,,472740.8496281331,True,2259.150371866883,2259.150371866883
https://www.funda.nl/detail/koop/almere/huis-johannes-ter-horststraat-10/43361312/,Johannes ter Horststraat,10.0,1318 CG,Almere,Verzetswijk Oost,565000.0,€ 4.484,Beschikbaar,"Eengezinswoning, geschakelde 2-onder-1-kapwoning",Bestaande bouw,1995,,Samengesteld dak bedekt met pannen,,126 m²,27 m²,2 m²,6 m²,228 m²,544 m³,5 kamers (4 slaapkamers),1 badkamer en 1 apart toilet,"Douche, dubbele wastafel, ligbad, toilet, en wastafelmeubel",2 woonlagen en een vliering,"Airconditioning, buitenzonwering, glasvezelkabel, mechanische ventilatie, en zonnepanelen",A,Volledig geïsoleerd,Stadsverwarming,Stadsverwarming,228 m²,Volle eigendom,Aan rustige weg en in woonwijk,Achtertuin en voortuin,"85 m² (10,00 meter diep en 8,50 meter breed)",Gelegen op het zuidoosten bereikbaar via achterom,Aangebouwde stenen berging,Op eigen terrein en openbaar parkeren,2.06,42%,€ 3.893,,,,,,,,,,,,,,,,,,,,,,581391.4786653691,True,-16391.478665369097,16391.478665369097
https://www.funda.nl/detail/koop/almere/huis-louis-paul-boonstraat-27/43309601/,Louis Paul Boonstraat,27.0,1321 KA,Almere,Literatuurwijk Zuid,600000.0,€ 3.846,Beschikbaar,"Eengezinswoning, tussenwoning",Bestaande bouw,1998,Gedeeltelijk gestoffeerd,Lessenaardak bedekt met pannen,,156 m²,,6 m²,11 m²,167 m²,553 m³,6 kamers (5 slaapkamers),1 badkamer en 1 apart toilet,"Dubbele wastafel, inloopdouche, toilet, en wastafelmeubel",2 woonlagen en een zolder,Elektra,A++,Geen isolatie,Open haard en stadsverwarming,Stadsverwarming,167 m²,Volle eigendom,Aan rustige weg en in woonwijk,Achtertuin en voortuin,"72 m² (11,65 meter diep en 6,21 meter breed)",Gelegen op het oosten bereikbaar via achterom,Vrijstaande houten berging,Openbaar parkeren,2.07,55%,€ 3.990,Energie Prestatie Advies,,,,,,Balkon aanwezig,,,,,,,,,,,,,,,607860.7818916156,True,-7860.781891615596,7860.781891615596
https://www.funda.nl/detail/koop/almere/huis-dek-19/43266987/,Dek,19.0,1319 AA,Almere,Noorderplassen W.-Zuid,785000.0,€ 3.443,Verkocht onder voorbehoud,"Eengezinswoning, 2-onder-1-kapwoning",Bestaande bouw,2005,Gedeeltelijk gestoffeerd,Plat dak bedekt met bitumineuze dakbedekking,,228 m²,14 m²,14 m²,23 m²,315 m²,859 m³,6 kamers (5 slaapkamers),1 badkamer en 2 aparte toiletten,"Dubbele wastafel, inloopdouche, en ligbad",3 woonlagen,Elektrische deur en elektra,A,"Dakisolatie, muurisolatie en vloerisolatie",Stadsverwarming,Stadsverwarming,315 m²,Volle eigendom,In woonwijk,"Achtertuin, voortuin en zijtuin","143 m² (13,60 meter diep en 10,50 meter breed)",Gelegen op het noordwesten bereikbaar via achterom,Vrijstaande houten berging,Op eigen terrein en openbaar parkeren,2.185,51%,€ 3.998,Energie Prestatie Advies,,Inpandig,1 auto,,,Dakterras aanwezig,,,,,,,,,,,,,,,944724.8899623054,True,-159724.88996230543,159724.88996230543
https://www.funda.nl/detail/koop/almere/huis-3-laagse-hoekwoning-bouwnr-16/43225082/,3-Laagse hoekwoning (Bouwnr. 16),,1362 LK,Almere,Olympiakwartier Oost (brt),570000.0,€ 4.831,Beschikbaar,"Eengezinswoning, hoekwoning",Nieuwbouw,Na 2020,,Plat dak,,118 m²,,,,,427 m³,5 kamers (4 slaapkamers),1 badkamer en 1 apart toilet,"Douche, toilet, en wastafel",3 woonlagen,Elektra,A+++,Geen isolatie,Stadsverwarming,Stadsverwarming,,,In woonwijk,Achtertuin,,,Vrijstaande houten berging,Openbaar parkeren,125.0,,,Woningborg Garantiecertificaat,,,,,,,,,,,,,,,,,,,,,576812.4086326472,True,-6812.408632647246,6812.408632647246
https://www.funda.nl/detail/koop/almere/huis-de-vlet-tussenwoning-bouwnr-326/43264376/,De Vlet - Tussenwoning (Bouwnr. 326),,1349 NC,Almere,Oosterwold Zuid,384000.0,€ 6.737,Verkocht onder voorbehoud,"Eengezinswoning, tussenwoning",Nieuwbouw,2026,,Plat dak,,57 m²,,,4 m²,119 m²,265 m³,3 kamers (2 slaapkamers),1 badkamer en 1 apart toilet,Douche en wastafel,2 woonlagen,Zonnepanelen,A++++,Volledig geïsoleerd,Gehele vloerverwarming en warmtepomp,,119 m²,,"Aan rustige weg, in woonwijk, landelijk gelegen en vrij uitzicht",Achtertuin,,,Vrijstaande houten berging,Openbaar parkeren,3.53,40%,€ 5.670,,,,,,,,,,,,,,,,,,,,,,377221.4900825311,True,6778.50991746888,6778.50991746888
https://www.funda.nl/detail/koop/almere/huis-3-laagse-tussenwoning-bouwnr-40/43225029/,3-Laagse tussenwoning (Bouwnr. 40),,1362 LK,Almere,Olympiakwartier Oost (brt),535000.0,€ 4.820,Verkocht onder voorbehoud,"Eengezinswoning, tussenwoning",Nieuwbouw,Na 2020,,Plat dak,,111 m²,,,,94 m²,403 m³,5 kamers (4 slaapkamers),1 badkamer en 1 apart toilet,"Douche, toilet, en wastafel",3 woonlagen,Elektra,A+++,Geen isolatie,Stadsverwarming,Stadsverwarming,94 m²,,In woonwijk,Achtertuin,,,Vrijstaande houten berging,Openbaar parkeren,125.0,,,Woningborg Garantiecertificaat,,,,,,,,,,,,,,,,,,,,,539397.6332660245,True,-4397.633266024524,4397.633266024524
https://www.funda.nl/detail/koop/almere/huis-topzeil-22/43190712/,Topzeil,22.0,1319 EJ,Almere,Noorderplassen W.-West,675000.0,€ 4.193,Beschikbaar,"Eengezinswoning, tussenwoning",Bestaande bouw,2014,Gedeeltelijk gestoffeerd,Plat dak bedekt met bitumineuze dakbedekking,,161 m²,,,6 m²,96 m²,557 m³,5 kamers (4 slaapkamers),2 badkamers en 1 apart toilet,"Ligbad, 2 toiletten, 2 wastafels, en douche",3 woonlagen,Elektra,A,Geen isolatie,Stadsverwarming en gedeeltelijke vloerverwarming,Stadsverwarming,96 m²,Volle eigendom,"Aan rustige weg, in bosrijke omgeving en in woonwijk",Achtertuin en voortuin,"28 m² (4,80 meter diep en 5,80 meter breed)",Gelegen op het noorden bereikbaar via achterom,Vrijstaande houten berging,Openbaar parkeren,1.62,71%,€ 4.496,,,,,,,,,,,,,,,,,,,,,,669057.4313180712,True,5942.568681928795,5942.568681928795
https://www.funda.nl/detail/koop/almere/huis-redemark-2/43389781/,Redemark,2.0,1355 LA,Almere,"Hofmark, Redemark en Sportmark",750000.0,€ 4.573,Verkocht onder voorbehoud,"Bungalow, vrijstaande woning",Bestaande bouw,1979,Gedeeltelijk gestoffeerd,Plat dak bedekt met bitumineuze dakbedekking,,164 m²,8 m²,12 m²,33 m²,1.159 m²,600 m³,5 kamers (4 slaapkamers),2 badkamers en 1 apart toilet,"2 douches, ligbad, toilet, en 2 wastafels",1 woonlaag,Elektra,C,Geen isolatie,Cv-ketel en heteluchtverwarming,Cv-ketel,195 m²,Volle eigendom,"Aan rustige weg, aan water, beschutte ligging en in woonwijk",Tuin rondom,,,,Op eigen terrein en openbaar parkeren,1.39,38%,€ 3.688,,"Brink ( combiketel, eigendom)",Aangebouwde stenen garage en parkeerplaats,1 auto,,,,,,,,,,,,,,,,,,813864.0364560898,True,-63864.036456089816,63864.036456089816
https://www.funda.nl/detail/koop/almere/huis-hartenveld-28/89712398/,Hartenveld,28.0,1359 HT,Almere,De Velden Noord,715000.0,€ 4.735,Verkocht onder voorbehoud,"Eengezinswoning, 2-onder-1-kapwoning",Bestaande bouw,1999,,Samengesteld dak bedekt met pannen,,151 m²,18 m²,3 m²,,277 m²,603 m³,5 kamers (4 slaapkamers),1 badkamer en 2 aparte toiletten,"Douche, dubbele wastafel, inloopdouche, ligbad, en wastafelmeubel",3 woonlagen en een vliering,Elektra,B,"Dakisolatie, dubbel glas, muurisolatie, vloerisolatie en volledig geïsoleerd",Cv-ketel,Cv-ketel,277 m²,Volle eigendom,"Aan bosrand, aan rustige weg, beschutte ligging, in bosrijke omgeving en in woonwijk",Achtertuin en zijtuin,"96 m² (8,00 meter diep en 12,00 meter breed)",,,Op eigen terrein en openbaar parkeren,510.0,42%,,,"Remeha (gas gestookt combiketel uit 2013, eigendom)",Aangebouwde stenen garage en inpandig,1 auto,,,,,,,,,,,,,,,,,,727788.5207302218,True,-12788.52073022176,12788.52073022176
https://www.funda.nl/detail/koop/almere/huis-victoria-regiastraat-38/43385686/,Victoria Regiastraat,38.0,1338 ZA,Almere,Bloemenbuurt Oost,585000.0,€ 3.900,Verkocht onder voorbehoud,"Eengezinswoning, geschakelde 2-onder-1-kapwoning",Bestaande bouw,1990,,Plat dak,,150 m²,19 m²,8 m²,5 m²,231 m²,594 m³,5 kamers (4 slaapkamers),1 badkamer en 2 aparte toiletten,"Douche, dubbele wastafel, ligbad, en wastafelmeubel",3 woonlagen,Elektrische deur en elektra,B,Volledig geïsoleerd,Cv-ketel,Cv-ketel,231 m²,Volle eigendom,"Aan rustige weg, in bosrijke omgeving, in woonwijk en vrij uitzicht",Achtertuin,"76 m² (10,40 meter diep en 7,30 meter breed)",Gelegen op het zuidwesten,Vrijstaande stenen berging,Op eigen terrein en openbaar parkeren,1.23,44%,€ 3.707,,"Intergas (Kompact HRE) (gas gestookt combiketel uit 2020, eigendom)",Inpandig,1 auto,,,Dakterras aanwezig,,,,,,,,,,,,,,,655689.2149316279,True,-70689.21493162785,70689.21493162785
https://www.funda.nl/detail/koop/almere/huis-jan-voermanstraat-8/43364130/,Jan Voermanstraat,8.0,1318 RT,Almere,Tussen de Vaarten N.- Oost,515000.0,€ 3.931,Verkocht onder voorbehoud,"Eengezinswoning, hoekwoning",Bestaande bouw,2000,,Samengesteld dak,,131 m²,5 m²,25 m²,29 m²,306 m²,469 m³,6 kamers (3 slaapkamers),1 badkamer en 1 apart toilet,"Douche, toilet, en wastafelmeubel",2 woonlagen,Elektra,A,Geen isolatie,Stadsverwarming,Stadsverwarming,21 m²,Volle eigendom,Aan rustige weg en in woonwijk,Achtertuin en zijtuin,"180 m² (12,00 meter diep en 15,00 meter breed)",Gelegen op het zuidwesten bereikbaar via achterom,Vrijstaande houten berging,Op eigen terrein en openbaar parkeren,1.94,51%,€ 4.183,,,Vrijstaande houten garage,1 auto,,,Dakterras aanwezig,,,,,,,,,,,,,,,543270.1694048201,True,-28270.169404820073,28270.169404820073
https://www.funda.nl/detail/koop/almere/huis-hartenveld-36/43352392/,Hartenveld,36.0,1359 HT,Almere,De Velden Noord,700000.0,€ 4.730,Verkocht onder voorbehoud,"Eengezinswoning, halfvrijstaande woning",Bestaande bouw,1999,,Lessenaardak bedekt met pannen,,148 m²,19 m²,3 m²,,321 m²,572 m³,6 kamers (5 slaapkamers),1 badkamer en 2 aparte toiletten,"Douche, ligbad, en wastafelmeubel",3 woonlagen,Elektra,A,"Dakisolatie, dubbel glas, muurisolatie, vloerisolatie en volledig geïsoleerd",Cv-ketel en open haard,Cv-ketel,321 m²,Volle eigendom,Aan rustige weg en in woonwijk,"Achtertuin, voortuin en zijtuin","110 m² (10,00 meter diep en 11,00 meter breed)",Gelegen op het oosten bereikbaar via achterom,,Op eigen terrein en openbaar parkeren,510.0,42%,,,"Combi (gas gestookt combiketel uit 2019, eigendom)",Inpandig en parkeerplaats,1 auto,,,,,,,,,,,,,,,,,,769900.5342941179,False,-69900.53429411794,69900.53429411794
https://www.funda.nl/detail/koop/almere/huis-petmolenstraat-17/89774326/,Petmolenstraat,17.0,1333 CP,Almere,Molenbuurt Oost,419500.0,€ 3.648,Onder bod,"Eengezinswoning, tussenwoning",Bestaande bouw,1984,,Zadeldak,,115 m²,6 m²,18 m²,,178 m²,425 m³,4 kamers (3 slaapkamers),1 badkamer,"Douche, toilet, en wastafelmeubel",2 woonlagen en een zolder,Elektra,A,HR-glas,Cv-ketel,Cv-ketel,178 m²,Volle eigendom,"Aan park, aan rustige weg en in woonwijk",Achtertuin en voortuin,"60 m² (12,00 meter diep en 5,00 meter breed)",Gelegen op het zuidwesten bereikbaar via achterom,Aangebouwde stenen berging,Op eigen terrein,2.17,38%,€ 3.564,,Intergas KombiKompakt HRE28-24 HRE CW4 (gas gestookt combiketel uit 2017),,,,,,,,,,,,,,,,,,,,421849.31157765625,True,-2349.311577656248,2349.311577656248
https://www.funda.nl/detail/koop/almere/huis-gangboord-4/43324757/,Gangboord,4.0,1319 AW,Almere,Noorderplassen W.-Zuid,530000.0,€ 3.955,Beschikbaar,"Eengezinswoning, tussenwoning",Bestaande bouw,2007,,Lessenaardak,,134 m²,,,9 m²,,508 m³,1 kamer,,,1 woonlaag,Elektra,A,Geen isolatie,Stadsverwarming,Centrale voorziening,,Volle eigendom,"Aan rustige weg, in woonwijk en vrij uitzicht",Achtertuin en voortuin,"55 m² (10,00 meter diep en 5,50 meter breed)",Gelegen op het noordoosten bereikbaar via achterom,Vrijstaande houten berging,Op eigen terrein,2.185,51%,€ 3.998,,,,,,,,,,,,,,,,,,,,,,596705.1389691271,True,-66705.13896912709,66705.13896912709
https://www.funda.nl/detail/koop/almere/huis-agatha-christiestraat-9/43329623/,Agatha Christiestraat,9.0,1349 NH,Almere,Oosterwold Zuid,686500.0,€ 7.462,Beschikbaar,"Bungalow, vrijstaande woning",Bestaande bouw,Na 2020,,Plat dak,,92 m²,,,4 m²,396 m²,276 m³,4 kamers (3 slaapkamers),1 badkamer en 1 apart toilet,Douche en wastafel,1 woonlaag,,A++++,Volledig geïsoleerd,,,396 m²,Volle eigendom,"Aan park, in woonwijk en vrij uitzicht",Tuin rondom,,,Vrijstaande houten berging,Op eigen terrein,3.53,40%,€ 5.670,Woningborg Garantiecertificaat,,,,,,,,,€ 70 per maand,,,,,,,,,,,,696886.1784185383,True,-10386.1784185383,10386.1784185383
https://www.funda.nl/detail/koop/almere/huis-sprotstraat-2/43385747/,Sprotstraat,2.0,1317 HC,Almere,Waterwijk Oost,495000.0,€ 4.024,Beschikbaar,"Eengezinswoning, hoekwoning (dijkwoning)",Bestaande bouw,1984,,,,123 m²,,10 m²,6 m²,179 m²,423 m³,5 kamers (4 slaapkamers),1 badkamer en 1 apart toilet,"Douche, toilet, en wastafel",3 woonlagen,Elektra,B,Dakisolatie,Elektrische verwarming,Stadsverwarming,179 m²,Volle eigendom,Aan rustige weg en in woonwijk,"Achtertuin, voortuin en zijtuin","101 m² (11,94 meter diep en 8,45 meter breed)",Gelegen op het zuiden bereikbaar via achterom,Aangebouwde stenen berging,Op eigen terrein en openbaar parkeren,1.645,33%,€ 3.901,,,,,,,,,,,,,,,,,,,,,,472891.25745862094,True,22108.742541379062,22108.742541379062
https://www.funda.nl/detail/koop/almere/huis-hoekwoning-bouwnr-7/89569041/,Hoekwoning (Bouwnr. 7),,1361 BS,Almere,Duin Zuid,850000.0,€ 5.215,Onder optie,"Eengezinswoning, hoekwoning",Nieuwbouw,2026,,,,163 m²,,28 m²,5 m²,181 m²,424 m³,5 kamers (4 slaapkamers),1 badkamer en 1 apart toilet,,3 woonlagen,Balansventilatie en zonnepanelen,A++,,Stadsverwarming,,181 m²,,Aan bosrand,,,,Aangebouwde houten berging,Op eigen terrein,2.055,30%,€ 5.624,Woningborg Garantiecertificaat,,,,,,,,,,,,,,,,,,,,,848271.5197457473,True,1728.480254252674,1728.480254252674
https://www.funda.nl/detail/koop/almere/huis-esselaar-96/43308236/,Esselaar,96.0,1359 KR,Almere,De Laren Noord,650000.0,€ 4.140,Beschikbaar,"Eengezinswoning, tussenwoning",Bestaande bouw,2021,,Zadeldak bedekt met pannen,,157 m²,,4 m²,8 m²,145 m²,600 m³,4 kamers (3 slaapkamers),1 badkamer en 1 apart toilet,"Inloopdouche, toilet, en wastafelmeubel",3 woonlagen,Elektra,A,Geen isolatie,Gehele vloerverwarming,,145 m²,Volle eigendom,Beschutte ligging en in woonwijk,Achtertuin en voortuin,"60 m² (10,00 meter diep en 6,00 meter breed)",Gelegen op het zuidwesten bereikbaar via achterom,Vrijstaande houten berging,Openbaar parkeren,730.0,67%,€ 4.399,,,,,,,,,,,,,,,,,,,,,,638601.3145309484,True,11398.68546905159,11398.68546905159
https://www.funda.nl/detail/koop/almere/huis-jb-bakemaweg-20/43307872/,J.B. Bakemaweg,20.0,1333 LN,Almere,Bouwmeesterbuurt Noord,425000.0,€ 4.126,Beschikbaar,"Eengezinswoning, hoekwoning",Bestaande bouw,1988,Gedeeltelijk gestoffeerd,Zadeldak bedekt met pannen,,103 m²,,17 m²,5 m²,153 m²,368 m³,5 kamers (4 slaapkamers),1 badkamer en 1 apart toilet,"Douche, toilet, wastafel, en wastafelmeubel",3 woonlagen,Elektra,B,"Dakisolatie, dubbel glas, muurisolatie en vloerisolatie",Cv-ketel,Cv-ketel,153 m²,Volle eigendom,"Aan rustige weg, in woonwijk en vrij uitzicht",Achtertuin en voortuin,"80 m² (13,23 meter diep en 6,01 meter breed)",Gelegen op het noordwesten bereikbaar via achterom,Vrijstaande houten berging,Openbaar parkeren,1.825,42%,€ 3.823,,"Intergas (gas gestookt combiketel uit 2019, eigendom)",,,,,,,,,,,,,,,,,,,,406671.09945464676,True,18328.900545353245,18328.900545353245
https://www.funda.nl/detail/koop/almere/huis-hannah-arendtweg-52/43397396/,Hannah Arendtweg,52.0,1349 CM,Almere,Oosterwold Zuid,1050000.0,€ 5.833,Beschikbaar,"Eengezinswoning, vrijstaande woning",Bestaande bouw,2018,,Plat dak bedekt met bitumineuze dakbedekking,,180 m²,27 m²,28 m²,10 m²,1.770 m²,918 m³,5 kamers (4 slaapkamers),2 badkamers en 1 apart toilet,"Inloopdouche, ligbad, 2 toiletten, wastafel, wastafelmeubel, en douche",1 woonlaag,"Glasvezelkabel, mechanische ventilatie, rookkanaal, en zonnepanelen",A+++,"Dakisolatie, muurisolatie en vloerisolatie",Pelletkachel en gehele vloerverwarming,Zonneboiler,1.770 m²,Gebruik en bewoning,"Aan bosrand, aan rustige weg, in bosrijke omgeving en in woonwijk","Achtertuin, tuin rondom, voortuin en zijtuin","520 m² (13,00 meter diep en 40,00 meter breed)",Gelegen op het zuiden,,Op eigen terrein,3.53,40%,€ 5.670,,,,,,,,,,,,,,,,,,,,,,1149532.14187684,True,-99532.14187684003,99532.14187684003
https://www.funda.nl/detail/koop/almere/huis-p-verhagenstraat-4/89712524/,P. Verhagenstraat,4.0,1333 JJ,Almere,Bouwmeesterbuurt Oost,450000.0,€ 5.056,Beschikbaar,"Bungalow, hoekwoning (kwadrant woning)",Bestaande bouw,1986,,Lessenaardak bedekt met pannen,,89 m²,,,26 m²,169 m²,326 m³,4 kamers (3 slaapkamers),1 badkamer en 1 apart toilet,Douche en wastafelmeubel,2 woonlagen,Mechanische ventilatie en zonnepanelen,C,"Dakisolatie, dubbel glas, muurisolatie en vloerisolatie",Cv-ketel,Cv-ketel,169 m²,,Aan rustige weg en in woonwijk,Achtertuin en voortuin,"21 m² (7,00 meter diep en 3,00 meter breed)",Gelegen op het westen bereikbaar via achterom,,Openbaar parkeren,1.63,38%,€ 4.063,,"Atag combi (gas gestookt combiketel, eigendom)",,,,,,,,,,,,,,,,,,,,381932.6180966625,True,68067.38190333749,68067.38190333749
https://www.funda.nl/detail/koop/almere/huis-januaristraat-41/43389334/,Januaristraat,41.0,1335 AB,Almere,Seizoenenbuurt Oost,375000.0,€ 4.518,Verkocht,"Eengezinswoning, tussenwoning",Bestaande bouw,1998,Gedeeltelijk gestoffeerd,Zadeldak bedekt met pannen,,83 m²,,,6 m²,119 m²,293 m³,3 kamers (2 slaapkamers),1 badkamer en 1 apart toilet,"Douche, dubbele wastafel, toilet, en wastafelmeubel",2 woonlagen,Elektra,A,Geen isolatie,Cv-ketel,Cv-ketel,119 m²,Volle eigendom,In woonwijk,Achtertuin en voortuin,"51 m² (10,50 meter diep en 4,85 meter breed)",Gelegen op het zuidwesten,Vrijstaande houten berging,Openbaar parkeren,1.63,43%,€ 4.194,Energie Prestatie Advies,"Atag (gas gestookt uit 2014, huur)",,,,,,,,,,,10 april 2026,2 weken,€ 375.000 kosten koper,,,,,,,369235.31920246436,True,5764.680797535635,5764.680797535635
https://www.funda.nl/detail/koop/almere/huis-michelangelostraat-191/43325358/,Michelangelostraat,191.0,1328 VX,Almere,Tussen de Vaarten Z.- Zuidoost,595000.0,€ 3.673,Beschikbaar,"Eengezinswoning, hoekwoning",Bestaande bouw,2003,,Plat dak bedekt met bitumineuze dakbedekking,,162 m²,3 m²,,,285 m²,570 m³,5 kamers (4 slaapkamers),2 badkamers en 1 apart toilet,"Douche, 2 ligbaden, 2 wastafelmeubels, inloopdouche, en toilet",2 woonlagen,Elektra,A,Volledig geïsoleerd,Stadsverwarming,Centrale voorziening,285 m²,Volle eigendom,Aan rustige weg en in woonwijk,Voortuin en zijtuin,,Gelegen op het zuiden,Inpandig,Openbaar parkeren,1.495,42%,€ 4.229,,,,,,,,"100 m² (4,00 meter diep en 25,00 meter breed)",,,,,,,,,,,,,,611521.1012754715,True,-16521.101275471505,16521.101275471505
https://www.funda.nl/detail/koop/almere/huis-mitrastraat-46/89785686/,Mitrastraat,46.0,1363 XH,Almere,Homeruskwartier Zuid,525000.0,€ 4.773,Beschikbaar,"Eengezinswoning, tussenwoning",Bestaande bouw,2014,,Zadeldak bedekt met pannen,,110 m²,,,6 m²,111 m²,417 m³,6 kamers (5 slaapkamers),1 badkamer en 1 apart toilet,"Inloopdouche, ligbad, toilet, en wastafel",3 woonlagen,Elektra,A,HR-glas en volledig geïsoleerd,Stadsverwarming,Stadsverwarming,111 m²,Volle eigendom,Aan rustige weg en in woonwijk,Achtertuin,"45 m² (10,40 meter diep en 4,36 meter breed)",Gelegen op het westen bereikbaar via achterom,Vrijstaande houten berging,Op eigen terrein en openbaar parkeren,2.42,45%,€ 4.952,,,Parkeerplaats,,,,,,,€ 15 per maand,,,,,,,,,,,,473591.4900597946,True,51408.509940205375,51408.509940205375
https://www.funda.nl/detail/koop/almere/huis-giek-29/89401076/,Giek,29.0,1319 BL,Almere,Noorderplassen W.-Zuid,699000.0,€ 4.088,Beschikbaar,"Eengezinswoning, halfvrijstaande woning (waterwoning)",Bestaande bouw,2006,,Plat dak bedekt met bitumineuze dakbedekking,,171 m²,7 m²,22 m²,,256 m²,616 m³,5 kamers (4 slaapkamers),1 badkamer,"Douche, ligbad, toilet, en wastafel",3 woonlagen,"Glasvezelkabel, mechanische ventilatie, natuurlijke ventilatie, TV kabel, en zonnepanelen",A+,Dubbel glas en volledig geïsoleerd,Stadsverwarming,Stadsverwarming,256 m²,Volle eigendom,"Aan vaarwater, aan water en in woonwijk",Voortuin en zonneterras,,Gelegen op het noordwesten,Inpandig,Op eigen terrein en openbaar parkeren,2.185,51%,€ 3.998,,,,,€ 750.000 kosten koper,,Dakterras aanwezig,,,,,,,,,,,"130 m² (20,00 meter diep en 6,50 meter breed)",,,,778782.6384152018,True,-79782.6384152018,79782.6384152018
https://www.funda.nl/detail/koop/almere/huis-mosselstraat-29/43240879/,Mosselstraat,29.0,1317 KK,Almere,Waterwijk Oost,425000.0,€ 4.009,Onder bod,"Eengezinswoning, tussenwoning",Bestaande bouw,1987,,Zadeldak,,106 m²,,,,162 m²,377 m³,5 kamers (3 slaapkamers),1 apart toilet,,2 woonlagen en een zolder,"Mechanische ventilatie, TV kabel, en zonnepanelen",A,Dubbel glas,Stadsverwarming en gedeeltelijke vloerverwarming,Centrale voorziening,162 m²,,In woonwijk,Achtertuin en voortuin,"65 m² (11,89 meter diep en 5,48 meter breed)",Gelegen op het noordwesten bereikbaar via achterom,,Openbaar parkeren,1.645,33%,€ 3.901,,,,,,,,,,,,,,,,,,,,,,406078.1789710568,True,18921.821028943174,18921.821028943174
https://www.funda.nl/detail/koop/almere/huis-timmersteek-20/43308423/,Timmersteek,20.0,1319 GN,Almere,Noorderplassen W.- Noord,745000.0,€ 5.068,Beschikbaar,"Herenhuis, 2-onder-1-kapwoning",Bestaande bouw,2016,Gedeeltelijk gestoffeerd,Zadeldak bedekt met pannen,,147 m²,,,24 m²,272 m²,533 m³,6 kamers (5 slaapkamers),1 badkamer en 2 aparte toiletten,"Douche, ligbad, en wastafelmeubel",3 woonlagen,Elektra,A,Volledig geïsoleerd,Stadsverwarming,Stadsverwarming,272 m²,Volle eigendom,"In bosrijke omgeving, in woonwijk en vrij uitzicht","Achtertuin, voortuin en zijtuin","128 m² (17,00 meter diep en 7,50 meter breed)",Gelegen op het zuidoosten,Vrijstaande houten berging,Op eigen terrein,1.245,67%,€ 5.126,,,Parkeerplaats,,,,,,,,,,,,,,,,,,,754103.3209219447,True,-9103.320921944687,9103.320921944687
https://www.funda.nl/detail/koop/almere/huis-lofotenweg-65/43219448/,Lofotenweg,65.0,1339 SW,Almere,Eilandenbuurt Noord,600000.0,€ 3.659,Verkocht onder voorbehoud,"Eengezinswoning, hoekwoning",Bestaande bouw,2002,Dubbele bewoning aanwezig en gedeeltelijk gestoffeerd,Plat dak bedekt met bitumineuze dakbedekking,,164 m²,10 m²,24 m²,,139 m²,608 m³,5 kamers (3 slaapkamers),2 badkamers en 1 apart toilet,"2 douches, 2 toiletten, 2 wastafelmeubels, ligbad, en wastafel",3 woonlagen,"Glasvezelkabel, mechanische ventilatie, schuifpui, TV kabel, en zonnepanelen",A,"Dakisolatie, muurisolatie, vloerisolatie en volledig geïsoleerd",Cv-ketel,Cv-ketel,139 m²,Volle eigendom,"Aan rustige weg, in woonwijk en vrij uitzicht",Achtertuin en voortuin,"19 m² (3,50 meter diep en 5,40 meter breed)",Gelegen op het noordwesten bereikbaar via achterom,Inpandig,Openbaar parkeren,1.445,47%,€ 4.129,,"Intergas HR (gas gestookt combiketel uit 2024, eigendom)",,,,Toegankelijk voor mensen met een beperking en toegankelijk voor ouderen,Dakterras aanwezig,,,,,,,,,,,,,,,547088.0466223118,True,52911.95337768819,52911.95337768819
https://www.funda.nl/detail/koop/almere/huis-lindengouw-23/89747776/,Lindengouw,23.0,1351 LB,Almere,"Lindengouw, Muidergouw en Peppengouw",475000.0,€ 3.369,Beschikbaar,"Eengezinswoning, tussenwoning",Bestaande bouw,1980,,Samengesteld dak bedekt met pannen,,141 m²,8 m²,4 m²,,165 m²,509 m³,4 kamers (3 slaapkamers),2 badkamers en 1 apart toilet,"Inloopdouche, toilet, 2 wastafelmeubels, en ligbad",3 woonlagen,Elektra,C,Dakisolatie en volledig geïsoleerd,Cv-ketel en gedeeltelijke vloerverwarming,Cv-ketel,165 m²,Volle eigendom,,Achtertuin en voortuin,,Gelegen op het westen,Aangebouwde stenen berging,Openbaar parkeren,1.075,36%,€ 3.585,,"HRE28/24 RF2 CW+ A-label pomp INTERGAS (gas gestookt uit 2018, eigendom)",,,,,Balkon aanwezig,,,,,"120 m² (8,00 meter diep en 15,00 meter breed)",,,,,,,,,,483663.59308293986,True,-8663.593082939857,8663.593082939857
https://www.funda.nl/detail/koop/almere/huis-muiderzandweg/89714495/,Muiderzandweg,,1361 BJ,Almere,Duin Zuid,780000.0,€ 5.098,Beschikbaar,"Eengezinswoning, tussenwoning",Nieuwbouw,Na 2020,,,,153 m²,,24 m²,5 m²,,398 m³,5 kamers (4 slaapkamers),1 badkamer,"Douche, toilet, en wastafel",3 woonlagen,,A++,,,,,,,Achtertuin,,,Aangebouwde houten berging,Op eigen terrein,2.055,30%,€ 5.624,,,,,,,,,,,,,,,,,,,,,,750567.784994419,True,29432.215005581034,29432.215005581034
https://www.funda.nl/detail/koop/almere/huis-speulderbos-13/43165784/,Speulderbos,13.0,1358 BB,Almere,Overgooi (brt),1130000.0,€ 6.108,Verkocht onder voorbehoud,"Villa, vrijstaande woning",Bestaande bouw,2022,Gedeeltelijk gestoffeerd,Zadeldak bedekt met pannen,,185 m²,9 m²,,6 m²,59.366 m²,676 m³,5 kamers (4 slaapkamers),2 badkamers en 2 aparte toiletten,"Douche, inloopdouche, wastafel, en wastafelmeubel",2 woonlagen en een vliering,Elektra,A+++,Geen isolatie,"Gashaard, gehele vloerverwarming, warmte terugwininstallatie en warmtepomp",Elektrische boiler (huur),1.681 m²,Volle eigendom,"Aan bosrand, aan rustige weg, in bosrijke omgeving en landelijk gelegen",Tuin rondom,,,Vrijstaande houten berging,Op eigen terrein en openbaar parkeren,720.0,46%,€ 5.136,Woningborg Garantiecertificaat,,Parkeerplaats,,,,Frans balkon aanwezig,,,,,,,,,,,,,,,1155704.9179188884,True,-25704.917918888386,25704.917918888386
https://www.funda.nl/detail/koop/almere/huis-tussenwoning-bouwnr-2/89679609/,Tussenwoning (Bouwnr. 2),,1361 BS,Almere,Duin Zuid,795000.0,€ 5.000,Beschikbaar,"Eengezinswoning, tussenwoning",Nieuwbouw,2026,,,,159 m²,,34 m²,5 m²,128 m²,413 m³,5 kamers (4 slaapkamers),1 badkamer en 1 apart toilet,,3 woonlagen,Elektra,A++,,Stadsverwarming,,128 m²,,,,,,Aangebouwde houten berging,Op eigen terrein,2.055,30%,€ 5.624,,,,,,,,,,,,,,,,,,,,,,802194.3465336578,True,-7194.34653365775,7194.34653365775
https://www.funda.nl/detail/koop/almere/huis-herculesstraat-40/89779234/,Herculesstraat,40.0,1363 VR,Almere,Homeruskwartier Midden,695000.0,€ 5.036,Beschikbaar,"Herenhuis, vrijstaande woning",Bestaande bouw,2012,Gestoffeerd,"Samengesteld dak bedekt met bitumineuze dakbedekking, leisteen en pannen",,138 m²,,,,141 m²,516 m³,5 kamers (3 slaapkamers),2 badkamers en 1 apart toilet,"2 inloopdouches, 2 toiletten, wastafel, dubbele wastafel, en wastafelmeubel",3 woonlagen,Mechanische ventilatie en TV kabel,A,HR-glas en volledig geïsoleerd,Stadsverwarming,Stadsverwarming,141 m²,Volle eigendom,"Aan rustige weg, beschutte ligging en in woonwijk","Achtertuin, tuin rondom, voortuin en zijtuin","40 m² (5,50 meter diep en 7,20 meter breed)",Gelegen op het zuidwesten bereikbaar via achterom,,Openbaar parkeren,2.625,44%,€ 4.691,,,,,,,,,,,,,,,,,,,,,,728576.3997132989,True,-33576.39971329889,33576.39971329889
https://www.funda.nl/detail/koop/almere/huis-vrijstaande-bungalow-bouwnr-343/43178112/,Vrijstaande Bungalow (Bouwnr. 343),,1349 NC,Almere,Oosterwold Zuid,632000.0,€ 6.870,Verkocht onder voorbehoud,"Bungalow, vrijstaande woning",Nieuwbouw,2026,,,,92 m²,,,,394 m²,276 m³,4 kamers (3 slaapkamers),1 badkamer en 1 apart toilet,,1 woonlaag,,Niet beschikbaar,,,,,,,,,,,Op eigen terrein,3.53,40%,€ 5.670,,,,,,,,,,,,,,,,,,,,,,679590.8789761701,True,-47590.87897617009,47590.87897617009
https://www.funda.nl/detail/koop/almere/huis-vierlaags-herenhuis-bouwnr-6/89308173/,Vierlaags herenhuis (Bouwnr. 6),,1362 JT,Almere,Europakwartier Oost (brt),699500.0,€ 4.345,Onder optie,"Herenhuis, tussenwoning",Nieuwbouw,2026,,Zadeldak,,161 m²,,,6 m²,113 m²,419 m³,7 kamers (6 slaapkamers),1 badkamer en 1 apart toilet,,4 woonlagen,Elektra,A+++,,,,113 m²,,,Achtertuin,"42 m² (0,11 meter diep en 0,55 meter breed)",,Vrijstaande houten berging,Openbaar parkeren,2.27,44%,€ 4.829,,,,,,,,,,,,,,,,,,,,,,701446.3691219687,True,-1946.3691219687462,1946.3691219687462
https://www.funda.nl/detail/koop/almere/huis-peppengouw-50/89768615/,Peppengouw,50.0,1351 ND,Almere,"Lindengouw, Muidergouw en Peppengouw",380000.0,€ 3.220,Onder bod,"Eengezinswoning, tussenwoning",Bestaande bouw,1980,Gestoffeerd en kluswoning,Zadeldak bedekt met pannen,,118 m²,2 m²,,6 m²,137 m²,415 m³,6 kamers (5 slaapkamers),1 badkamer en 1 apart toilet,"Ligbad, toilet, en wastafel",2 woonlagen en een zolder met een vliering,Elektra,B,Grotendeels dubbelglas en volledig geïsoleerd,Cv-ketel,Cv-ketel,137 m²,Volle eigendom,"Beschutte ligging, in bosrijke omgeving en in woonwijk",Achtertuin en voortuin,"56 m² (7,31 meter diep en 5,89 meter breed)",Gelegen op het zuidoosten bereikbaar via achterom,Vrijstaande stenen berging,Openbaar parkeren,1.075,36%,€ 3.585,Energie Prestatie Advies,"Remeha Tzerra (gas gestookt combiketel uit 2018, eigendom)",,,,,,,,,,,,,,,,,,,,444723.36906297604,True,-64723.36906297604,64723.36906297604
https://www.funda.nl/detail/koop/almere/huis-de-vlet-tussenwoning-bouwnr-322/43155639/,De Vlet - Tussenwoning (Bouwnr. 322),,1349 NC,Almere,Oosterwold Zuid,379000.0,€ 6.649,Verkocht onder voorbehoud,"Eengezinswoning, tussenwoning",Nieuwbouw,2025,,Plat dak,,57 m²,,,4 m²,102 m²,265 m³,3 kamers (2 slaapkamers),1 badkamer,Douche en wastafel,2 woonlagen,Zonnepanelen,A++++,HR-glas en volledig geïsoleerd,Gehele vloerverwarming en warmtepomp,,102 m²,,"Aan rustige weg, in woonwijk, landelijk gelegen en vrij uitzicht",Achtertuin,,,Vrijstaande houten berging,Openbaar parkeren,3.53,40%,€ 5.670,,,,,,,,,,,,,,,,,,,,,,356475.32239472313,True,22524.67760527687,22524.67760527687
https://www.funda.nl/detail/koop/almere/huis-vrijstaande-bungalow-bouwnr-340/43251788/,Vrijstaande Bungalow (Bouwnr. 340),,1349 NC,Almere,Oosterwold Zuid,686500.0,€ 7.462,Beschikbaar,"Bungalow, vrijstaande woning",Nieuwbouw,2026,,,,92 m²,,,,396 m²,276 m³,4 kamers (3 slaapkamers),1 badkamer en 1 apart toilet,,1 woonlaag,,Niet beschikbaar,,,,396 m²,,In bosrijke omgeving,,,,,Op eigen terrein,3.53,40%,€ 5.670,,,,,,,,,,,,,,,,,,,,,,689921.8658490449,True,-3421.8658490448724,3421.8658490448724
https://www.funda.nl/detail/koop/almere/huis-john-bardeenstraat-8/43122122/,John Bardeenstraat,8.0,1341 DS,Almere,Nobelhorst Oost,485000.0,€ 4.619,Verkocht onder voorbehoud,"Eengezinswoning, tussenwoning",Bestaande bouw,2021,Gedeeltelijk gestoffeerd,Zadeldak bedekt met pannen,,105 m²,16 m²,,6 m²,103 m²,426 m³,4 kamers (3 slaapkamers),1 badkamer en 1 apart toilet,"Inloopdouche, toilet, en wastafelmeubel",3 woonlagen,Elektra,A+++,"Dakisolatie, HR-glas, muurisolatie, vloerisolatie en volledig geïsoleerd",Gehele vloerverwarming en warmtepomp,,103 m²,Volle eigendom,In woonwijk en vrij uitzicht,Achtertuin en voortuin,"31 m² (5,40 meter diep en 5,68 meter breed)",Gelegen op het noordoosten bereikbaar via achterom,Vrijstaande stenen berging,Openbaar parkeren,1.97,67%,€ 4.786,,,,,,,,,,,,,,,,,,,,,,479945.06277225143,True,5054.937227748567,5054.937227748567
https://www.funda.nl/detail/koop/almere/huis-rietmeent-60/43377138/,Rietmeent,60.0,1357 CH,Almere,Schapenmeent en Terpmeent,415000.0,€ 4.826,Verkocht onder voorbehoud,"Eengezinswoning, 2-onder-1-kapwoning",Bestaande bouw,1980,,Zadeldak bedekt met pannen,,86 m²,,,30 m²,130 m²,409 m³,4 kamers (3 slaapkamers),1 badkamer en 1 apart toilet,"Douche, ligbad, toilet, en wastafelmeubel",2 woonlagen en een zolder,"Buitenzonwering, dakraam, mechanische ventilatie, en schuifpui",A,,Cv-ketel,Cv-ketel en elektrische boiler,130 m²,Volle eigendom,"Aan rustige weg, in bosrijke omgeving, in woonwijk en vrij uitzicht",Achtertuin en voortuin,"45 m² (9,00 meter diep en 5,00 meter breed)",Gelegen op het oosten,Vrijstaande stenen berging,Openbaar parkeren,800.0,31%,€ 3.836,,"Avanta 28C CW4 (gas gestookt combiketel uit 2010, eigendom)",,,,,,,,,,,,,,,,,,,,393701.74260184966,True,21298.257398150337,21298.257398150337
https://www.funda.nl/detail/koop/almere/huis-schoolwerf-136/43384276/,Schoolwerf,136.0,1354 JM,Almere,Schoolwerf,375000.0,€ 3.233,Verkocht onder voorbehoud,"Eengezinswoning, tussenwoning",Bestaande bouw,1977,,,,116 m²,,,,135 m²,405 m³,5 kamers (4 slaapkamers),,,3 woonlagen,,A,,,,135 m²,,,,,,,,520.0,40%,,,,,,,,,,,,,,,,,,,,,,,396946.7502188729,True,-21946.750218872912,21946.750218872912
https://www.funda.nl/detail/koop/almere/huis-pompoenweg/43378703/,Pompoenweg,,1349 KA,Almere,Oosterwold Zuid,550000.0,€ 8.462,Beschikbaar,"Eengezinswoning, vrijstaande woning",Nieuwbouw,2025,,Zadeldak bedekt met overig,,65 m²,,,,399 m²,356 m³,3 kamers (2 slaapkamers),1 badkamer en 1 apart toilet,Inloopdouche en wastafel,1 woonlaag,"Glasvezelkabel, mechanische ventilatie, schuifpui, en zonnepanelen",A+++,Volledig geïsoleerd,Warmtepomp,Elektrische boiler,399 m² (deelperceel),Volle eigendom,"Aan rustige weg, in bosrijke omgeving, in woonwijk, landelijk gelegen, open ligging en vrij uitzicht",Tuin rondom,,,Box,Op eigen terrein,3.53,40%,€ 5.670,,,Parkeerplaats,,,,,,,,,,,,,,,,,,,526023.9364731268,True,23976.063526873244,23976.063526873244
https://www.funda.nl/detail/koop/almere/huis-jozef-israelslaan-19/43315966/,Jozef Israëlslaan,19.0,1318 LN,Almere,Tussen de Vaarten N.- West,445000.0,€ 3.803,Onder bod,"Eengezinswoning, hoekwoning",Bestaande bouw,2000,,Zadeldak bedekt met pannen,,117 m²,,16 m²,8 m²,179 m²,416 m³,6 kamers (5 slaapkamers),1 badkamer en 1 apart toilet,"Inloopdouche, ligbad, toilet, en wastafelmeubel",3 woonlagen,Elektra,A,"Dakisolatie, muurisolatie, vloerisolatie en volledig geïsoleerd",Stadsverwarming,Stadsverwarming,179 m²,Volle eigendom,Aan rustige weg en in woonwijk,Achtertuin en voortuin,"73 m² (11,50 meter diep en 6,35 meter breed)",Gelegen op het noordwesten bereikbaar via achterom,Vrijstaande houten berging,Openbaar parkeren,1.515,46%,,,,,,,,,,,,,,,,,,,,,,,455126.9387796827,False,-10126.938779682678,10126.938779682678
https://www.funda.nl/detail/koop/almere/huis-warehouse-bouwnr-bnr-14/43000811/,Warehouse - (Bouwnr. Bnr 14),,1362 KJ,Almere,Europakwartier Oost (brt),635000.0,€ 4.774,Onder optie,"Eengezinswoning, tussenwoning",Nieuwbouw,Na 2020,,,,133 m²,,,,115 m²,589 m³,1 kamer,,,1 woonlaag,Glasvezelkabel en zonnepanelen,A+++,Volledig geïsoleerd,Stadsverwarming en gehele vloerverwarming,Stadsverwarming,115 m²,,,,,,Vrijstaande houten berging,,2.27,44%,€ 4.829,SWK Garantiecertificaat,,,,,,,,,,,,,,,,,,,,,657265.6875363125,True,-22265.6875363125,22265.6875363125
https://www.funda.nl/detail/koop/almere/huis-3-laagse-tussenwoning-bouwnr-97/43225013/,3-Laagse tussenwoning (Bouwnr. 97),,1362 LK,Almere,Olympiakwartier Oost (brt),535000.0,€ 4.820,Verkocht onder voorbehoud,"Eengezinswoning, tussenwoning",Nieuwbouw,Na 2020,,Plat dak,,111 m²,,,,91 m²,403 m³,5 kamers (4 slaapkamers),1 badkamer en 1 apart toilet,"Douche, toilet, en wastafel",3 woonlagen,Elektra,A+++,Geen isolatie,Stadsverwarming,Stadsverwarming,91 m²,,In woonwijk,Achtertuin,,,Vrijstaande houten berging,Openbaar parkeren,125.0,,,Woningborg Garantiecertificaat,,,,,,,,,,,,,,,,,,,,,539397.6332660245,True,-4397.633266024524,4397.633266024524
https://www.funda.nl/detail/koop/almere/huis-purcellstraat-36/43318049/,Purcellstraat,36.0,1323 MC,Almere,Muziekwijk Z.-Noord,435000.0,€ 3.991,Beschikbaar,"Eengezinswoning, tussenwoning",Bestaande bouw,1990,Gedeeltelijk gestoffeerd,Zadeldak bedekt met pannen,,109 m²,,16 m²,6 m²,120 m²,366 m³,5 kamers (4 slaapkamers),1 badkamer en 1 apart toilet,"Douche, toilet, en wastafelmeubel",3 woonlagen,Elektra,A,Geen isolatie,Houtkachel en stadsverwarming,Stadsverwarming,120 m²,Volle eigendom,Aan rustige weg en in woonwijk,Achtertuin en voortuin,"42 m² (7,65 meter diep en 5,50 meter breed)",Gelegen op het zuidwesten bereikbaar via achterom,Vrijstaande houten berging,Openbaar parkeren,1.805,36%,€ 4.205,,,,,,,,,,,,,,,,,,,,,,427877.67247956444,True,7122.32752043556,7122.32752043556
https://www.funda.nl/detail/koop/almere/huis-jamaicastraat-6/89686224/,Jamaicastraat,6.0,1339 KN,Almere,Eilandenbuurt Oost,825000.0,€ 3.873,Beschikbaar,"Villa, vrijstaande woning (waterwoning)",Bestaande bouw,2001,,Zadeldak bedekt met pannen,,213 m²,18 m²,,6 m²,324 m²,813 m³,8 kamers (5 slaapkamers),1 badkamer en 2 aparte toiletten,"Dubbele wastafel, inloopdouche, en ligbad",2 woonlagen en een zolder,Elektra,A,,Cv-ketel,Cv-ketel,324 m²,,"Aan vaarwater, in woonwijk en vrij uitzicht",,,,Vrijstaande houten berging,Op eigen terrein,1.475,41%,€ 3.838,,"Remeha (gas gestookt combiketel uit 2015, eigendom)",Inpandig,1 auto,,,,,,,,,,,,,,,,,,913985.227240497,True,-88985.22724049701,88985.22724049701
https://www.funda.nl/detail/koop/almere/huis-3-laagse-tussenwoning-bouwnr-85/43225099/,3-Laagse tussenwoning (Bouwnr. 85),,1362 LK,Almere,Olympiakwartier Oost (brt),490000.0,€ 4.757,Verkocht onder voorbehoud,"Eengezinswoning, tussenwoning",Nieuwbouw,Na 2020,,Plat dak,,103 m²,,,,76 m²,379 m³,5 kamers (4 slaapkamers),1 badkamer en 1 apart toilet,"Douche, toilet, en wastafel",3 woonlagen,Elektra,A+++,Geen isolatie,Stadsverwarming,Stadsverwarming,76 m²,,In woonwijk,Achtertuin,,,Vrijstaande houten berging,Openbaar parkeren,125.0,,,Woningborg Garantiecertificaat,,,,,,,,,,,,,,,,,,,,,509260.07816588937,True,-19260.07816588937,19260.07816588937
https://www.funda.nl/detail/koop/almere/huis-stellingmolenstraat-79/89750259/,Stellingmolenstraat,79.0,1333 CG,Almere,Molenbuurt Oost,450000.0,€ 3.383,Beschikbaar,"Eengezinswoning, tussenwoning",Bestaande bouw,1986,Gedeeltelijk gestoffeerd,Zadeldak bedekt met pannen,,133 m²,,,6 m²,274 m²,450 m³,4 kamers (3 slaapkamers),1 badkamer en 1 apart toilet,"Inloopdouche, toilet, wastafel, en wastafelmeubel",3 woonlagen,Elektra,B,Geen isolatie,Cv-ketel,Cv-ketel,56 m²,Volle eigendom,"Aan rustige weg, in bosrijke omgeving en in woonwijk",Achtertuin en voortuin,"152 m² (18,32 meter diep en 10,78 meter breed)",Gelegen op het noordoosten bereikbaar via achterom,Vrijstaande houten berging,Openbaar parkeren,2.17,38%,€ 3.564,,"ATAG (gas gestookt combiketel uit 2011, eigendom)",,,,,,,,,,,,,,,,,,,,510944.0861441782,True,-60944.086144178174,60944.086144178174
https://www.funda.nl/detail/koop/almere/huis-overgouw-103/89775798/,Overgouw,103.0,1351 KK,Almere,Kromgouw en Overgouw,739500.0,€ 4.509,Beschikbaar,"Eengezinswoning, halfvrijstaande woning",Bestaande bouw,1981,,Zadeldak bedekt met metaal,,164 m²,,29 m²,,470 m²,568 m³,5 kamers (4 slaapkamers),1 badkamer en 1 apart toilet,,3 woonlagen,Elektra,B,"Dakisolatie, dubbel glas, HR-glas en muurisolatie",Cv-ketel en houtkachel,Cv-ketel,470 m²,Volle eigendom,"Aan rustige weg, aan vaarwater, aan water, beschutte ligging, in bosrijke omgeving en in woonwijk","Achtertuin, voortuin en zijtuin","198 m² (18,00 meter diep en 11,00 meter breed)",Gelegen op het zuidoosten bereikbaar via achterom,Inpandig,Op eigen terrein en openbaar parkeren,535.0,37%,,,"Remeha Avanta 35C (gas gestookt combiketel uit 2009, eigendom)",,,,,Balkon aanwezig,,,,,,,,,,,,,,,752474.9081595475,True,-12974.908159547485,12974.908159547485
https://www.funda.nl/detail/koop/almere/huis-sterduinstraat-99/43193655/,Sterduinstraat,99.0,1361 BP,Almere,Duin Noord,850000.0,€ 4.670,Verkocht onder voorbehoud,"Eengezinswoning, tussenwoning",Bestaande bouw,2019,Gedeeltelijk gestoffeerd,Samengesteld dak bedekt met bitumineuze dakbedekking en pannen,,182 m²,,,7 m²,205 m²,706 m³,5 kamers (4 slaapkamers),1 badkamer en 1 apart toilet,"Douche, dubbele wastafel, toilet, wastafelmeubel, en whirlpool",2 woonlagen,Elektra,A,Geen isolatie,Stadsverwarming en gedeeltelijke vloerverwarming,Stadsverwarming,205 m²,Volle eigendom,"Aan park, aan rustige weg en in woonwijk",Achtertuin en voortuin,"39 m² (5,00 meter diep en 7,80 meter breed)",Gelegen op het zuidoosten,Vrijstaande houten berging,Op eigen terrein en openbaar parkeren,1.31,60%,€ 4.986,,,,,,,,,,,,,,,,,,,,,,854874.2216600492,True,-4874.2216600491665,4874.2216600491665
https://www.funda.nl/detail/koop/almere/huis-mallorcastraat-90/89731871/,Mallorcastraat,90.0,1339 XH,Almere,Eilandenbuurt West,609000.0,€ 3.736,Verkocht onder voorbehoud,"Eengezinswoning, eindwoning",Bestaande bouw,2002,,,,163 m²,,,31 m²,165 m²,528 m³,5 kamers (4 slaapkamers),1 apart toilet,,3 woonlagen,"Elektra, verwarming en stromend water",A,"Dakisolatie, dubbel glas en muurisolatie",Cv-ketel,Cv-ketel,165 m²,Volle eigendom,In woonwijk en vrij uitzicht,Achtertuin en voortuin,"63 m² (9,00 meter diep en 7,00 meter breed)",Gelegen op het zuidoosten bereikbaar via achterom,Vrijstaande stenen berging,Openbaar parkeren,1.78,56%,€ 3.864,,"Gas gestookt combiketel, eigendom",,,,,,,,,,,,,,,,,,,,548799.8110785151,True,60200.18892148486,60200.18892148486
https://www.funda.nl/detail/koop/almere/huis-3-laagse-hoekwoning-bouwnr-87/43225091/,3-Laagse hoekwoning (Bouwnr. 87),,1362 LK,Almere,Olympiakwartier Oost (brt),570000.0,€ 4.831,Verkocht onder voorbehoud,"Eengezinswoning, hoekwoning",Nieuwbouw,Na 2020,,Plat dak,,118 m²,,,,,427 m³,5 kamers (4 slaapkamers),1 badkamer en 1 apart toilet,"Douche, toilet, en wastafel",3 woonlagen,Elektra,A++,Geen isolatie,Stadsverwarming,Stadsverwarming,,,In woonwijk,Achtertuin,,,Vrijstaande houten berging,Openbaar parkeren,125.0,,,Woningborg Garantiecertificaat,,,,,,,,,,,,,,,,,,,,,571915.0648241105,True,-1915.064824110479,1915.064824110479
https://www.funda.nl/detail/koop/almere/huis-uithof-7/89716262/,Uithof,7.0,1353 XB,Almere,Middenhof en Uithof,760000.0,€ 4.691,Beschikbaar,"Eengezinswoning, 2-onder-1-kapwoning (hofjeswoning)",Bestaande bouw,2004,Gedeeltelijk gestoffeerd,Samengesteld dak bedekt met bitumineuze dakbedekking en pannen,,162 m²,,,20 m²,284 m²,607 m³,5 kamers (4 slaapkamers),1 badkamer en 2 aparte toiletten,"Dubbele wastafel, inloopdouche, en wastafelmeubel",3 woonlagen,Elektra,A,Geen isolatie,Cv-ketel,Cv-ketel,284 m²,Volle eigendom,"Aan park, aan rustige weg, in woonwijk en vrij uitzicht",Achtertuin en voortuin,"125 m² (12,50 meter diep en 10,00 meter breed)",Gelegen op het noordwesten,,Op eigen terrein,845.0,37%,,,"Intergas XTreme 36 (gas gestookt combiketel uit 2019, eigendom)",Vrijstaande houten garage,1 auto,,,,,,,,,,,,,,,,,,731268.1481965691,True,28731.851803430938,28731.851803430938
https://www.funda.nl/detail/koop/almere/huis-de-vlet-tussenwoning-bouwnr-313/43155619/,De Vlet - Tussenwoning (Bouwnr. 313),,1349 NC,Almere,Oosterwold Zuid,379000.0,€ 6.649,Onder optie,"Eengezinswoning, tussenwoning",Nieuwbouw,2025,,Plat dak,,57 m²,,,4 m²,102 m²,265 m³,3 kamers (2 slaapkamers),1 badkamer,Douche en wastafel,2 woonlagen,Zonnepanelen,A++++,HR-glas en volledig geïsoleerd,Gehele vloerverwarming en warmtepomp,,102 m²,,"Aan rustige weg, in woonwijk, landelijk gelegen en vrij uitzicht",Achtertuin,,,Vrijstaande houten berging,Openbaar parkeren,3.53,40%,€ 5.670,,,,,,,,,,,,,,,,,,,,,,356475.32239472313,True,22524.67760527687,22524.67760527687
https://www.funda.nl/detail/koop/almere/huis-hoekwoning-bouwnr-13/89679591/,Hoekwoning (Bouwnr. 13),,1361 BS,Almere,Duin Zuid,820000.0,€ 5.223,Onder optie,"Eengezinswoning, hoekwoning",Nieuwbouw,2026,,,,157 m²,,48 m²,5 m²,173 m²,408 m³,5 kamers (4 slaapkamers),1 badkamer en 1 apart toilet,,3 woonlagen,Elektra,A++,,Stadsverwarming,,173 m²,,,,,,Aangebouwde houten berging,Op eigen terrein,2.055,30%,€ 5.624,Woningborg Garantiecertificaat,,,,,,,,,,,,,,,,,,,,,809260.0961214025,True,10739.903878597543,10739.903878597543
https://www.funda.nl/detail/koop/almere/huis-folkloreweg-5/89733181/,Folkloreweg,5.0,1326 LB,Almere,Danswijk Noordwest,490000.0,€ 3.984,Beschikbaar,"Eengezinswoning, geschakelde woning",Bestaande bouw,1997,Gestoffeerd,Zadeldak bedekt met pannen,,123 m²,,,7 m²,139 m²,423 m³,5 kamers (4 slaapkamers),1 badkamer en 1 apart toilet,"Dubbele wastafel, inloopdouche, ligbad, en toilet",2 woonlagen en een zolder,"Buitenzonwering, dakraam, mechanische ventilatie, natuurlijke ventilatie, en TV kabel",A,Dubbel glas en volledig geïsoleerd,Stadsverwarming en gedeeltelijke vloerverwarming,Stadsverwarming,139 m²,Volle eigendom,In woonwijk,Achtertuin en voortuin,"59 m² (10,90 meter diep en 5,43 meter breed)",Gelegen op het zuiden bereikbaar via achterom,Vrijstaande houten berging,Openbaar parkeren,1.615,48%,,,,,,,,,,,,,,,,,,,,,,,501014.67400842643,True,-11014.674008426431,11014.674008426431
https://www.funda.nl/detail/koop/almere/huis-parkwerf-24/43367287/,Parkwerf,24.0,1354 CP,Almere,Parkwerf en Stadswerf,325000.0,€ 4.514,Verkocht onder voorbehoud,"Eengezinswoning, tussenwoning",Bestaande bouw,1977,,,,72 m²,,1 m²,7 m²,108 m²,247 m³,2 kamers (1 slaapkamer),,,2 woonlagen,Mechanische ventilatie,B,,Cv-ketel,Cv-ketel,108 m²,,"Aan bosrand, aan rustige weg, in bosrijke omgeving en in woonwijk",Achtertuin,"1,00 meter diep en 1,00 meter breed",Gelegen op het westen bereikbaar via achterom,,Openbaar parkeren,520.0,36%,,,Gas gestookt,Vrijstaande stenen garage,1 auto,,,,,,,,,,,,,,,,,,240809.1172844833,True,84190.8827155167,84190.8827155167
https://www.funda.nl/detail/koop/almere/huis-strijkmolenstraat-28/89698277/,Strijkmolenstraat,28.0,1333 EM,Almere,Molenbuurt Oost,465000.0,€ 3.875,Verkocht onder voorbehoud,"Eengezinswoning, hoekwoning",Bestaande bouw,1985,,Zadeldak bedekt met pannen,,120 m²,,6 m²,24 m²,180 m²,429 m³,5 kamers (4 slaapkamers),1 badkamer en 1 apart toilet,"Douche, toilet, en wastafelmeubel",2 woonlagen en een zolder,Elektra,A,Dubbel glas,"Cv-ketel, houtkachel en gedeeltelijke vloerverwarming",Cv-ketel,23 m²,Volle eigendom,Aan rustige weg en in woonwijk,Achtertuin en voortuin,"84 m² (15,00 meter diep en 6,00 meter breed)",Gelegen op het noordoosten bereikbaar via achterom,Vrijstaande houten berging,Openbaar parkeren,2.17,38%,€ 3.564,Bouwkundige Keuring,"Intergas Kombi Kompakt HRE 36/30 A (gas gestookt combiketel uit 2024, eigendom)",,,,,,,,,,,,,,,,,,,,469784.68296303926,True,-4784.68296303926,4784.68296303926
https://www.funda.nl/detail/koop/almere/huis-terneuzenstraat-8/89740697/,Terneuzenstraat,8.0,1324 TM,Almere,Stedenwijk Midden-west,500000.0,€ 3.012,Beschikbaar,"Eengezinswoning, tussenwoning",Bestaande bouw,1982,,,,166 m²,,1 m²,15 m²,166 m²,540 m³,5 kamers (4 slaapkamers),1 badkamer en 1 apart toilet,"Douche, toilet, wastafel, en whirlpool",3 woonlagen,,B,"Dakisolatie, dubbel glas, muurisolatie en vloerisolatie",Stadsverwarming,Stadsverwarming,166 m²,Volle eigendom,,Achtertuin en voortuin,"60 m² (10,00 meter diep en 6,00 meter breed)",Gelegen op het oosten bereikbaar via achterom,,,1.885,37%,€ 3.818,,,,,,,,,,,,,,,,,,,,,,551689.7410416062,True,-51689.741041606176,51689.741041606176
https://www.funda.nl/detail/koop/almere/huis-vrijstaande-bungalow-bouwnr-341/43251795/,Vrijstaande Bungalow (Bouwnr. 341),,1349 NC,Almere,Oosterwold Zuid,686500.0,€ 7.462,Verkocht onder voorbehoud,"Bungalow, vrijstaande woning",Nieuwbouw,2026,,,,92 m²,,,,383 m²,276 m³,4 kamers (3 slaapkamers),1 badkamer en 1 apart toilet,,1 woonlaag,,Niet beschikbaar,,,,383 m²,,In bosrijke omgeving,,,,,Op eigen terrein,3.53,40%,€ 5.670,,,,,,,,,,,,,,,,,,,,,,689921.8658490449,True,-3421.8658490448724,3421.8658490448724
https://www.funda.nl/detail/koop/almere/huis-kwartaalstraat-38/43232777/,Kwartaalstraat,38.0,1335 KK,Almere,Seizoenenbuurt Noord,950000.0,€ 4.222,Beschikbaar,"Villa, vrijstaande woning",Bestaande bouw,1999,,Zadeldak bedekt met bitumineuze dakbedekking en pannen,,225 m²,,17 m²,18 m²,554 m²,784 m³,10 kamers (8 slaapkamers),2 badkamers en 1 apart toilet,"Douche, 2 toiletten, wastafel, dubbele wastafel, inloopdouche, ligbad, en wastafelmeubel",3 woonlagen,Buitenzonwering en mechanische ventilatie,A,Volledig geïsoleerd,"Cv-ketel, gashaard, heteluchtverwarming en warmte terugwininstallatie",Cv-ketel,554 m²,Volle eigendom,"Aan bosrand, aan rustige weg, in bosrijke omgeving en in woonwijk",Tuin rondom,,,Vrijstaande stenen berging,Op eigen terrein en openbaar parkeren,1.0,45%,€ 4.133,,"Nefit (gas gestookt combiketel uit 2013, eigendom)",Parkeerplaats,,,,,,,,,,,,,,,,,,,988280.3297093674,True,-38280.32970936736,38280.32970936736
https://www.funda.nl/detail/koop/almere/huis-trinidadstraat-8/43355839/,Trinidadstraat,8.0,1339 MJ,Almere,Eilandenbuurt Oost,600000.0,€ 4.580,Beschikbaar,"Eengezinswoning, vrijstaande woning",Bestaande bouw,2001,,Plat dak bedekt met bitumineuze dakbedekking,,131 m²,,,20 m²,258 m²,466 m³,5 kamers (4 slaapkamers),1 badkamer en 1 apart toilet,"Douche, toilet, en wastafelmeubel",2 woonlagen,Elektrische deur en elektra,B,Volledig geïsoleerd,Cv-ketel,Cv-ketel,258 m²,Volle eigendom,In woonwijk,"Achtertuin, voortuin en zijtuin","70 m² (10,00 meter diep en 7,00 meter breed)",Gelegen op het zuidwesten,,Op eigen terrein en openbaar parkeren,1.475,41%,€ 3.838,,"Combiketel uit 2001, eigendom",Parkeerplaats en vrijstaande houten garage,1 auto,,,,,,,,,,,,,,,,,,624359.5342400753,True,-24359.53424007527,24359.53424007527
https://www.funda.nl/detail/koop/almere/huis-montenegrostraat-5/43111147/,Montenegrostraat,5.0,1362 KH,Almere,Europakwartier Oost (brt),635000.0,€ 4.774,Verkocht onder voorbehoud,"Eengezinswoning, tussenwoning",Nieuwbouw,Na 2020,,Zadeldak,,133 m²,,,6 m²,113 m²,589 m³,5 kamers (4 slaapkamers),1 badkamer en 1 apart toilet,"Douche, toilet, en wastafel",2 woonlagen en een zolder,Glasvezelkabel en zonnepanelen,A+++,Volledig geïsoleerd,Stadsverwarming en gehele vloerverwarming,Stadsverwarming,113 m² (deelperceel),Volle eigendom,In woonwijk,Achtertuin,,,Vrijstaande houten berging,Openbaar parkeren,2.27,44%,€ 4.829,SWK Garantiecertificaat,,,,,,,,,,,,,,,,,,,,,643500.8599832819,True,-8500.85998328193,8500.85998328193
https://www.funda.nl/detail/koop/almere/huis-jacques-tatilaan-130/89764621/,Jacques Tatilaan,130.0,1325 SN,Almere,Filmwijk Zuid-noord van Walt Disneyplts.,700000.0,€ 3.977,Onder bod,"Eengezinswoning, 2-onder-1-kapwoning",Bestaande bouw,1996,Dubbele bewoning mogelijk en gedeeltelijk gestoffeerd,Samengesteld dak bedekt met bitumineuze dakbedekking en pannen,,176 m²,,14 m²,11 m²,220 m²,622 m³,8 kamers (5 slaapkamers),2 badkamers en 1 apart toilet,"Dubbele wastafel, 2 inloopdouches, toilet, 2 wastafelmeubels, ligbad, en wastafel",3 woonlagen,Elektra,A+,"Dakisolatie, dubbel glas, muurisolatie en vloerisolatie",Stadsverwarming en gedeeltelijke vloerverwarming,Stadsverwarming,220 m²,Volle eigendom,"Aan rustige weg, in bosrijke omgeving en in woonwijk",Achtertuin en voortuin,,,Vrijstaande houten berging,Op eigen terrein en openbaar parkeren,2.335,41%,€ 4.129,Energie Prestatie Advies,,,,,Toegankelijk voor mensen met een beperking en toegankelijk voor ouderen,Dakterras aanwezig en balkon aanwezig,,,,,,,,,,,,,,,752585.0221795349,True,-52585.02217953489,52585.02217953489
https://www.funda.nl/detail/koop/almere/huis-roef-18/43976912/,Roef,18.0,1319 AK,Almere,Noorderplassen W.-Zuid,575000.0,€ 4.228,Onder bod,"Eengezinswoning, tussenwoning",Bestaande bouw,2004,,Plat dak bedekt met bitumineuze dakbedekking,,136 m²,,54 m²,,171 m²,482 m³,5 kamers (4 slaapkamers),1 badkamer,"Inloopdouche, ligbad, en wastafelmeubel",3 woonlagen,Elektra,A,Volledig geïsoleerd,Stadsverwarming,Stadsverwarming,21 m²,Volle eigendom,"Aan rustige weg, beschutte ligging en in woonwijk",Achtertuin en voortuin,"47 m² (7,33 meter diep en 6,35 meter breed)",Gelegen op het noordwesten,Inpandig,Op eigen terrein,2.185,51%,€ 3.998,,,,,€ 585.000 kosten koper,,,,,,,,,,,,,,,,,511284.3782516347,True,63715.62174836529,63715.62174836529
https://www.funda.nl/detail/koop/almere/huis-tempo-doeloestraat-157/43302152/,Tempo Doeloestraat,157.0,1336 NB,Almere,Indische Buurt Oost,385000.0,€ 4.425,Beschikbaar,"Eengezinswoning, hoekwoning",Bestaande bouw,2014,Gedeeltelijk gestoffeerd,Plat dak bedekt met bitumineuze dakbedekking,,87 m²,,11 m²,6 m²,89 m²,315 m³,4 kamers (2 slaapkamers),1 badkamer en 1 apart toilet,Inloopdouche en wastafel,3 woonlagen,Elektra,A+,Geen isolatie,Cv-ketel en gedeeltelijke vloerverwarming,Cv-ketel,89 m²,Volle eigendom,In woonwijk,Voortuin,,Gelegen op het zuidoosten,Vrijstaande houten berging,Op eigen terrein en openbaar parkeren,1.625,43%,€ 5.149,,"Intergas (2014, eigendom)",Parkeerplaats,,,,,,,,,"45 m² (7,50 meter diep en 6,00 meter breed)",,,,,,,,,,408683.9189396161,True,-23683.918939616124,23683.918939616124
https://www.funda.nl/detail/koop/almere/huis-beneluxlaan-668/43372690/,Beneluxlaan,668.0,1363 DA,Almere,Europakwartier W.-Noord,635000.0,€ 3.969,Verkocht onder voorbehoud,"Eengezinswoning, tussenwoning",Bestaande bouw,2016,Gedeeltelijk gestoffeerd,Plat dak bedekt met bitumineuze dakbedekking,,160 m²,,,6 m²,131 m²,542 m³,6 kamers (4 slaapkamers),1 badkamer en 1 apart toilet,"Dubbele wastafel, inloopdouche, en toilet",3 woonlagen,Elektra,A++,Geen isolatie,Stadsverwarming en gedeeltelijke vloerverwarming,Stadsverwarming,131 m²,Volle eigendom,Aan rustige weg en in woonwijk,Achtertuin,"60 m² (12,08 meter diep en 5,75 meter breed)",Gelegen op het noordwesten bereikbaar via achterom,Vrijstaande houten berging,Op eigen terrein en openbaar parkeren,2.515,33%,€ 5.126,,,,,,,,,,,,,,,,,,,,,,653848.2925337366,True,-18848.29253373656,18848.29253373656
https://www.funda.nl/detail/koop/almere/huis-de-vlet-tussenwoning-bouwnr-316/43155629/,De Vlet - Tussenwoning (Bouwnr. 316),,1349 NC,Almere,Oosterwold Zuid,379000.0,€ 6.649,Verkocht onder voorbehoud,"Eengezinswoning, tussenwoning",Nieuwbouw,2025,,Plat dak,,57 m²,,,4 m²,104 m²,270 m³,3 kamers (2 slaapkamers),1 badkamer,Douche en wastafel,2 woonlagen,Zonnepanelen,A++++,HR-glas en volledig geïsoleerd,Gehele vloerverwarming en warmtepomp,,104 m²,,"Aan rustige weg, in woonwijk, landelijk gelegen en vrij uitzicht",Achtertuin,,,Vrijstaande houten berging,Openbaar parkeren,3.53,40%,€ 5.670,,,,,,,,,,,,,,,,,,,,,,356475.32239472313,True,22524.67760527687,22524.67760527687
https://www.funda.nl/detail/koop/almere/huis-vogelakker-93-a/43391751/,Vogelakker 93-A,,1349 EM,Almere,Oosterwold Zuid,385000.0,€ 11.667,Beschikbaar,"Eengezinswoning, vrijstaande woning",Bestaande bouw,2024,Gedeeltelijk gestoffeerd,Zadeldak bedekt met metaal,,33 m²,19 m²,,9 m²,303 m²,201 m³,3 kamers (2 slaapkamers),1 badkamer en 1 apart toilet,"Douche, wastafel, en wastafelmeubel",2 woonlagen,Elektra,B,Volledig geïsoleerd,Elektrische verwarming,Elektrische boiler,303 m²,Volle eigendom,"Aan rustige weg, in woonwijk en open ligging",Tuin rondom,,,Box,Op eigen terrein en openbaar parkeren,3.53,40%,€ 5.670,,,Parkeerplaats,,,,,,,,,,,,,,,,,,,301029.078384476,True,83970.92161552398,83970.92161552398
https://www.funda.nl/detail/koop/almere/huis-schottegat-9/43371432/,Schottegat,9.0,1317 AG,Almere,Waterwijk Midden,400000.0,€ 3.571,Verkocht onder voorbehoud,"Eengezinswoning, tussenwoning",Bestaande bouw,1983,,Zadeldak bedekt met pannen,,112 m²,,,6 m²,137 m²,385 m³,5 kamers (4 slaapkamers),1 badkamer en 1 apart toilet,"Douche, toilet, en wastafel",3 woonlagen,Elektra,A+,Dubbel glas,Heteluchtverwarming,Stadsverwarming,137 m²,Volle eigendom,In woonwijk,Achtertuin en voortuin,"50 m² (9,75 meter diep en 5,09 meter breed)",Gelegen op het oosten bereikbaar via achterom,Vrijstaande stenen berging,Openbaar parkeren,1.75,39%,€ 4.036,,,,,,,,,,,,,,,,,,,,,,421951.861811133,False,-21951.861811132985,21951.861811132985
https://www.funda.nl/detail/koop/almere/huis-belter-wijdestraat-10/43370309/,Belter Wijdestraat,10.0,1316 JT,Almere,Waterwijk West,475000.0,€ 3.711,Verkocht onder voorbehoud,"Eengezinswoning, tussenwoning",Bestaande bouw,1984,Gedeeltelijk gestoffeerd,,,128 m²,,,10 m²,186 m²,452 m³,5 kamers (4 slaapkamers),1 badkamer en 1 apart toilet,"Douche, ligbad, toilet, wastafel, en wastafelmeubel",3 woonlagen,Elektra,A,Geen isolatie,,,9 m²,Volle eigendom,,Achtertuin en voortuin,"80 m² (14,20 meter diep en 5,60 meter breed)",Gelegen op het zuidoosten bereikbaar via achterom,Vrijstaande houten berging,,1.62,42%,€ 3.779,Energie Prestatie Advies,,,,,,,,,,,,,,,,,,,,,468877.04196629795,True,6122.958033702045,6122.958033702045
https://www.funda.nl/detail/koop/almere/huis-tarantellastraat-29/89556699/,Tarantellastraat,29.0,1326 LX,Almere,Danswijk Noordwest,420000.0,€ 3.500,Verkocht onder voorbehoud,"Eengezinswoning, tussenwoning",Bestaande bouw,1997,,Lessenaardak bedekt met pannen,,120 m²,,,18 m²,138 m²,396 m³,5 kamers (4 slaapkamers),1 badkamer en 1 apart toilet,"Inloopdouche, toilet, wastafel, en wastafelmeubel",3 woonlagen,,A,,Stadsverwarming,Stadsverwarming,138 m²,Volle eigendom,,Achtertuin en voortuin,,,Vrijstaande houten berging,Openbaar parkeren,1.615,48%,,,,,,,,,,,,,,,,,,,,,,,486134.94482933136,True,-66134.94482933136,66134.94482933136
https://www.funda.nl/detail/koop/almere/huis-jasmijnstraat-59/43382832/,Jasmijnstraat,59.0,1338 ZT,Almere,Bloemenbuurt Oost,525000.0,€ 4.412,Beschikbaar,"Eengezinswoning, geschakelde woning",Bestaande bouw,1990,Gedeeltelijk gestoffeerd,Samengesteld dak bedekt met bitumineuze dakbedekking en pannen,,119 m²,26 m²,19 m²,,232 m²,460 m³,5 kamers (3 slaapkamers),1 badkamer en 1 apart toilet,"Inloopdouche, toilet, en wastafelmeubel",2 woonlagen,"Alarminstallatie, dakraam, glasvezelkabel, mechanische ventilatie, schuifpui, en TV kabel",B,Volledig geïsoleerd,Cv-ketel,,232 m²,Volle eigendom,"Aan water, in bosrijke omgeving, in woonwijk en vrij uitzicht",Achtertuin en voortuin,"98 m² (10,00 meter diep en 9,80 meter breed)",Gelegen op het noordwesten,,Op eigen terrein en openbaar parkeren,1.23,44%,€ 3.707,,"Gas gestookt, huur",Inpandig en parkeerplaats,1 auto,,,,,,,,,,,,,,,,,,483631.7816881867,True,41368.21831181331,41368.21831181331
https://www.funda.nl/detail/koop/almere/huis-warehouse-bouwnr-bnr-9/43000824/,Warehouse - (Bouwnr. Bnr 9),,1362 KJ,Almere,Europakwartier Oost (brt),642500.0,€ 4.831,Beschikbaar,"Eengezinswoning, tussenwoning",Nieuwbouw,Na 2020,,,,133 m²,,,,104 m²,621 m³,1 kamer,,,1 woonlaag,Glasvezelkabel en zonnepanelen,A+++,Volledig geïsoleerd,Stadsverwarming en gehele vloerverwarming,Stadsverwarming,104 m²,,,,,,Vrijstaande houten berging,,2.27,44%,€ 4.829,SWK Garantiecertificaat,,,,,,,,,,,,,,,,,,,,,657265.6875363125,True,-14765.6875363125,14765.6875363125
https://www.funda.nl/detail/koop/almere/huis-sprenglaar-134/43387540/,Sprenglaar,134.0,1359 KD,Almere,De Laren Zuid,525000.0,€ 3.804,Beschikbaar,"Eengezinswoning, tussenwoning",Bestaande bouw,2016,,Zadeldak bedekt met pannen,,138 m²,,,6 m²,145 m²,490 m³,5 kamers (4 slaapkamers),1 badkamer en 1 apart toilet,"Douche, toilet, en wastafelmeubel",3 woonlagen,Elektra,A,"Dakisolatie, HR-glas, muurisolatie, vloerisolatie en volledig geïsoleerd",Gedeeltelijke vloerverwarming,Cv-ketel,145 m²,Volle eigendom,In woonwijk,Achtertuin en voortuin,"50 m² (10,00 meter diep en 5,00 meter breed)",Gelegen op het noordoosten bereikbaar via achterom,Vrijstaande houten berging,,425.0,66%,,,,,,,,,,,,,,,,,,,,,,,553555.7646789466,False,-28555.76467894658,28555.76467894658
https://www.funda.nl/detail/koop/almere/huis-makreelstraat-17/89606507/,Makreelstraat,17.0,1317 RG,Almere,Waterwijk Noord,435000.0,€ 4.183,Beschikbaar,"Eengezinswoning, tussenwoning",Bestaande bouw,1984,Gedeeltelijk gestoffeerd,Zadeldak bedekt met pannen,,104 m²,,14 m²,6 m²,123 m²,380 m³,5 kamers (3 slaapkamers),1 badkamer en 1 apart toilet,"Dubbele wastafel, inloopdouche, toilet, wastafel, en wastafelmeubel",3 woonlagen,Elektra,A,Geen isolatie,Stadsverwarming,Stadsverwarming,123 m²,Volle eigendom,Aan rustige weg en in woonwijk,Achtertuin en voortuin,"48 m² (8,75 meter diep en 5,50 meter breed)",Gelegen op het zuiden bereikbaar via achterom,Vrijstaande houten berging,Openbaar parkeren,1.48,39%,,,,,,,,,,,,,,,,,,,,,,,400719.1962500568,True,34280.80374994321,34280.80374994321
https://www.funda.nl/detail/koop/almere/huis-menuetstraat-31/43238424/,Menuetstraat,31.0,1312 TX,Almere,Muziekwijk N.-Noord,769500.0,€ 4.809,Beschikbaar,"Eengezinswoning, 2-onder-1-kapwoning",Bestaande bouw,1994,Gestoffeerd,Zadeldak bedekt met pannen,,160 m²,60 m²,17 m²,,320 m²,722 m³,6 kamers (5 slaapkamers),1 badkamer en 1 apart toilet,"Sauna, bidet, inloopdouche, stoomcabine, toilet, en wastafelmeubel",2 woonlagen,"Airconditioning, alarminstallatie, buitenzonwering, mechanische ventilatie, natuurlijke ventilatie, rolluiken, sauna, en TV kabel",A+,"Dakisolatie, dubbel glas, HR-glas en muurisolatie",Stadsverwarming,Centrale voorziening,320 m²,Volle eigendom,"Aan park, in woonwijk en vrij uitzicht",Achtertuin en voortuin,"144 m² (13,30 meter diep en 10,80 meter breed)",Gelegen op het zuidoosten,,Op eigen terrein en openbaar parkeren,1.605,45%,€ 4.170,,,Parkeerplaats,,,,,,,,,,,,,,,,,,,721482.5318620305,True,48017.468137969496,48017.468137969496
https://www.funda.nl/detail/koop/almere/huis-oldewierde-158/89764934/,Oldewierde,158.0,1353 HS,Almere,Keiwierde en Oldewierde,375000.0,€ 3.641,Onder bod,"Eengezinswoning, tussenwoning",Bestaande bouw,1982,,Plat dak bedekt met bitumineuze dakbedekking,,103 m²,9 m²,,,133 m²,374 m³,4 kamers (3 slaapkamers),1 badkamer en 1 apart toilet,"Douche, ligbad, toilet, en wastafel",2 woonlagen,Elektra,Niet beschikbaar,,Cv-ketel,Cv-ketel,133 m²,Volle eigendom,In woonwijk,Achtertuin en voortuin,"52 m² (8,00 meter diep en 6,50 meter breed)",Gelegen op het zuidwesten,Aangebouwde stenen berging,Openbaar parkeren,1.075,38%,,,Gas gestookt,,,,,,,,,,,,,,,,,,,,386869.5350632768,True,-11869.535063276824,11869.535063276824
https://www.funda.nl/detail/koop/almere/huis-eendrachtstraat-61/89644445/,Eendrachtstraat,61.0,1335 TM,Almere,Oostvaardersbuurt Oost,470000.0,€ 3.357,Onder bod,"Eengezinswoning, tussenwoning",Bestaande bouw,2001,,Plat dak bedekt met pannen,,140 m²,,,10 m²,186 m²,480 m³,4 kamers (3 slaapkamers),1 badkamer en 1 apart toilet,Douche en ligbad,3 woonlagen,Elektra,A,"Dakisolatie, dubbel glas, muurisolatie, vloerisolatie en volledig geïsoleerd",Cv-ketel,Cv-ketel,186 m²,Volle eigendom,Aan rustige weg en in woonwijk,Achtertuin,"78 m² (13,00 meter diep en 6,00 meter breed)",,Vrijstaande houten berging,Op eigen terrein,2.165,54%,€ 3.598,,"Gas gestookt, lease",Carport,,,,,,,,,,,,,,,,,,,566336.2859486532,True,-96336.28594865324,96336.28594865324
https://www.funda.nl/detail/koop/almere/huis-poldermolenweg-157/89726099/,Poldermolenweg,157.0,1333 BB,Almere,Molenbuurt Oost,495000.0,€ 3.511,Beschikbaar,"Eengezinswoning, 2-onder-1-kapwoning",Bestaande bouw,1984,Gestoffeerd,Zadeldak bedekt met pannen,,141 m²,,,21 m²,235 m²,567 m³,4 kamers (3 slaapkamers),1 badkamer en 1 apart toilet,"Douche, ligbad, toilet, en wastafel",3 woonlagen,Elektra,C,Dubbel glas en volledig geïsoleerd,Cv-ketel,Cv-ketel,235 m²,Volle eigendom,"Aan rustige weg, in bosrijke omgeving en in woonwijk",Achtertuin,"121 m² (14,48 meter diep en 8,36 meter breed)",Gelegen op het noordoosten,Aangebouwde houten berging,Op eigen terrein,2.17,38%,€ 3.564,,"2024, eigendom",,,,,,,,,,,,,,,,,,,,583627.4338762084,True,-88627.43387620838,88627.43387620838
https://www.funda.nl/detail/koop/almere/huis-warehouse-bouwnr-bnr-20/43000810/,Warehouse - (Bouwnr. Bnr 20),,1362 KJ,Almere,Europakwartier Oost (brt),680000.0,€ 4.595,Verkocht onder voorbehoud,"Eengezinswoning, tussenwoning",Nieuwbouw,Na 2020,,,,148 m²,,,,137 m²,645 m³,1 kamer,,,1 woonlaag,Glasvezelkabel en zonnepanelen,A+++,Volledig geïsoleerd,Stadsverwarming en gehele vloerverwarming,Stadsverwarming,137 m²,,,,,,Vrijstaande houten berging,,2.27,44%,€ 4.829,SWK Garantiecertificaat,,,,,,,,,,,,,,,,,,,,,711807.1406956498,True,-31807.14069564978,31807.14069564978
https://www.funda.nl/detail/koop/almere/huis-spechtlaan-4/43387065/,Spechtlaan,4.0,1343 AL,Almere,Vogelhorst Noord,950000.0,€ 5.901,Verkocht onder voorbehoud,"Villa, vrijstaande woning",Bestaande bouw,1992,,Zadeldak bedekt met pannen,,161 m²,37 m²,,34 m²,1.047 m²,665 m³,6 kamers (4 slaapkamers),1 badkamer en 2 aparte toiletten,"Douche, dubbele wastafel, ligbad, en wastafelmeubel",2 woonlagen en een zolder,"Elektra, verwarming en stromend water",A,"Dakisolatie, dubbel glas en muurisolatie",Cv-ketel,Cv-ketel,243 m²,Volle eigendom,In bosrijke omgeving,Tuin rondom,,,Vrijstaande houten berging,Op eigen terrein,565.0,29%,€ 5.158,,"Vaillant EcoTEC 36/30 CW5 Plus (gas gestookt combiketel uit 2021, eigendom)",Aangebouwde stenen garage,1 auto,,,,,,,,,,,,,,,,,,829291.0651736597,True,120708.9348263403,120708.9348263403
https://www.funda.nl/detail/koop/almere/huis-havik-bouwnr-30/43132934/,Havik (Bouwnr. 30),,1358 EL,Almere,Overgooi (brt),1130000.0,€ 5.280,Verkocht onder voorbehoud,"Villa, vrijstaande woning",Nieuwbouw,Na 2020,,,,214 m²,,,,1.519 m²,833 m³,1 kamer,,,1 woonlaag,Zonnepanelen,Niet beschikbaar,Volledig geïsoleerd,,,1.519 m²,,"Aan bosrand, aan rustige weg, in bosrijke omgeving, landelijk gelegen, open ligging en vrij uitzicht",Tuin rondom,,,,Op eigen terrein,720.0,46%,€ 5.136,,,Parkeerplaats,,,,,,,,,,,,,,,,,,,1251108.5449596178,True,-121108.54495961778,121108.54495961778
https://www.funda.nl/detail/koop/almere/huis-belter-wijdestraat-33/89683704/,Belter Wijdestraat,33.0,1316 JS,Almere,Waterwijk West,435000.0,€ 3.955,Beschikbaar,"Eengezinswoning, tussenwoning",Bestaande bouw,1984,Gestoffeerd,,,110 m²,,,14 m²,137 m²,383 m³,6 kamers (3 slaapkamers),1 badkamer en 1 apart toilet,"Douche, toilet, wastafel, en wastafelmeubel",3 woonlagen,"Dakraam, natuurlijke ventilatie, en schuifpui",A,Volledig geïsoleerd,Stadsverwarming,Stadsverwarming,137 m²,Volle eigendom,In woonwijk,Achtertuin en voortuin,"42 m² (8,50 meter diep en 4,89 meter breed)",Gelegen op het noordoosten bereikbaar via achterom,Vrijstaande houten berging,Op eigen terrein en openbaar parkeren,1.62,42%,€ 3.792,,,,,,,,,,,,,,,,,,,,,,403874.06032440526,True,31125.93967559474,31125.93967559474
https://www.funda.nl/detail/koop/almere/huis-jimi-hendrixstraat-59/43311009/,Jimi Hendrixstraat,59.0,1311 HW,Almere,Muziekwijk N.-Zuidwest,470000.0,€ 4.017,Beschikbaar,"Eengezinswoning, tussenwoning",Bestaande bouw,1992,,Zadeldak bedekt met pannen,,117 m²,,,11 m²,143 m²,403 m³,5 kamers (4 slaapkamers),1 badkamer en 1 apart toilet,"Douche, toilet, wastafel, en wastafelmeubel",3 woonlagen en een vliering,Elektra,A+,,Stadsverwarming,Stadsverwarming,143 m²,Volle eigendom,Aan rustige weg en in woonwijk,Achtertuin en voortuin,"69 m² (13,00 meter diep en 5,32 meter breed)",Gelegen op het westen bereikbaar via achterom,Vrijstaande houten berging,Openbaar parkeren,1.315,46%,€ 4.042,,,,,,,,,,,,,,,,,,,,,,490103.248263327,True,-20103.248263326997,20103.248263326997
https://www.funda.nl/detail/koop/almere/huis-drijfanker-50/43393730/,Drijfanker,50.0,1319 DB,Almere,Noorderplassen W.-Oost,1250000.0,€ 5.507,Beschikbaar,"Villa, vrijstaande woning",Bestaande bouw,2006,,Plat dak bedekt met bitumineuze dakbedekking,,227 m²,,83 m²,10 m²,,844 m³,5 kamers (4 slaapkamers),2 badkamers en 1 apart toilet,"Bidet, jacuzzi, stoomcabine, toilet, wastafelmeubel, douche, en wastafel",3 woonlagen,Elektra,A,Geen isolatie,Stadsverwarming en gedeeltelijke vloerverwarming,Centrale voorziening,,Volle eigendom,"Aan rustige weg, aan vaarwater, aan water, in woonwijk en vrij uitzicht","Achtertuin, voortuin en zijtuin","150 m² (5,00 meter diep en 30,00 meter breed)",Gelegen op het zuidoosten bereikbaar via achterom,Vrijstaande houten berging,Op eigen terrein en openbaar parkeren,2.265,56%,€ 4.310,,,Parkeerplaats,,,,Dakterras aanwezig,,,,,,,,,,,,,,,1067320.1209820723,True,182679.87901792768,182679.87901792768
https://www.funda.nl/detail/koop/almere/huis-james-stewartstraat-248/89522505/,James Stewartstraat,248.0,1325 JN,Almere,Filmwijk Bouwrai Zuid,575000.0,€ 4.356,Beschikbaar,"Eengezinswoning, geschakelde 2-onder-1-kapwoning",Bestaande bouw,1992,Dubbele bewoning mogelijk,,,132 m²,16 m²,36 m²,,238 m²,523 m³,5 kamers (4 slaapkamers),1 badkamer en 2 aparte toiletten,Douche en ligbad,3 woonlagen,Elektra,B,Dubbel glas en volledig geïsoleerd,Stadsverwarming,Stadsverwarming,238 m²,Volle eigendom,Aan rustige weg en in woonwijk,Achtertuin en voortuin,"96 m² (14,49 meter diep en 6,62 meter breed)",Gelegen op het zuidwesten bereikbaar via achterom,,Op eigen terrein en openbaar parkeren,1.535,30%,€ 4.162,,,Inpandig,1 auto,,,,,,,,,,,,,,,,,,594266.6753303517,False,-19266.67533035169,19266.67533035169
https://www.funda.nl/detail/koop/almere/huis-madagaskarstraat-4/89771509/,Madagaskarstraat,4.0,1339 RE,Almere,Eilandenbuurt Oost,845000.0,€ 4.774,Beschikbaar,"Villa, vrijstaande woning",Bestaande bouw,2002,,Zadeldak bedekt met pannen,,177 m²,21 m²,,,500 m²,334 m³,6 kamers (5 slaapkamers),1 badkamer en 1 apart toilet,"Dubbele wastafel, inloopdouche, ligbad, toilet, en wastafelmeubel",3 woonlagen,Elektra,A,Dakisolatie en volledig geïsoleerd,Cv-ketel en warmte terugwininstallatie,Cv-ketel,500 m²,Volle eigendom,,Tuin rondom,,,,Op eigen terrein,1.475,41%,€ 3.838,,"Vaillant ECOTEC plus CW5+ (gas gestookt combiketel uit 2016, eigendom)",Aangebouwde stenen garage,1 auto,,,,,,,,,,,,,,,,,,775853.8636032448,True,69146.13639675523,69146.13639675523
https://www.funda.nl/detail/koop/almere/huis-antillenweg-20/89760688/,Antillenweg,20.0,1339 KE,Almere,Eilandenbuurt Zuid,555000.0,€ 3.405,Verkocht onder voorbehoud,"Herenhuis, tussenwoning (split-level woning)",Bestaande bouw,2001,Gedeeltelijk gestoffeerd,Plat dak bedekt met bitumineuze dakbedekking,,163 m²,6 m²,61 m²,5 m²,111 m²,570 m³,5 kamers (4 slaapkamers),2 badkamers en 2 aparte toiletten,"Inloopdouche, ligbad, 2 wastafelmeubels, douche, en toilet",3 woonlagen,"Domotica, glasvezelkabel, mechanische ventilatie, natuurlijke ventilatie, en schuifpui",A,Volledig geïsoleerd,Cv-ketel en gedeeltelijke vloerverwarming,Cv-ketel,111 m²,Volle eigendom,,Voortuin,,,,Openbaar parkeren,1.235,53%,,,"Atag (gas gestookt uit 2012, eigendom)",,,,,Dakterras aanwezig,,,,,,,,,,,,,,,588789.5264736495,True,-33789.526473649545,33789.526473649545
https://www.funda.nl/detail/koop/almere/huis-b1-bouwnr-3/43809567/,B1 (Bouwnr. 3),,1362 LC,Almere,Olympiakwartier Oost (brt),522195.0,€ 4.662,Verkocht onder voorbehoud,"Eengezinswoning, tussenwoning",Nieuwbouw,2025,,,,112 m²,,,,82 m²,404 m³,5 kamers (4 slaapkamers),,,3 woonlagen,,A++,,,,82 m²,,In woonwijk,,,,Vrijstaande houten berging,,125.0,,,,,,,,,,,,,,,,,,,,,,,,532242.0756886163,True,-10047.075688616256,10047.075688616256
https://www.funda.nl/detail/koop/almere/huis-vierlaags-herenhuis-bouwnr-1/89308158/,Vierlaags herenhuis (Bouwnr. 1),,1362 JT,Almere,Europakwartier Oost (brt),654000.0,€ 4.419,Onder optie,"Herenhuis, tussenwoning",Nieuwbouw,2026,,Plat dak,,148 m²,,,6 m²,111 m²,385 m³,7 kamers (6 slaapkamers),1 badkamer en 1 apart toilet,,4 woonlagen,Elektra,A+++,,,,111 m²,,,Achtertuin,"37 m² (0,10 meter diep en 0,04 meter breed)",,Vrijstaande houten berging,Openbaar parkeren,2.27,44%,€ 4.829,,,,,,,,,,,,,,,,,,,,,,657354.9326300618,True,-3354.932630061754,3354.932630061754
https://www.funda.nl/detail/koop/almere/huis-jan-rijksenstraat-82/43320206/,Jan Rijksenstraat,82.0,1335 NV,Almere,Oostvaardersbuurt West,375000.0,€ 4.167,Beschikbaar,"Eengezinswoning, tussenwoning",Bestaande bouw,2000,,Zadeldak bedekt met pannen,,90 m²,,,6 m²,121 m²,318 m³,4 kamers (3 slaapkamers),1 badkamer en 1 apart toilet,"Douche, toilet, en wastafel",3 woonlagen,Elektra,Niet beschikbaar,"Dubbel glas, HR-glas en volledig geïsoleerd",Cv-ketel,Cv-ketel,121 m²,Volle eigendom,Aan rustige weg en in woonwijk,Achtertuin en voortuin,"55 m² (11,00 meter diep en 5,00 meter breed)",Gelegen op het noordoosten bereikbaar via achterom,Vrijstaande houten berging,Openbaar parkeren,2.465,50%,€ 3.859,,"Intergas (gas gestookt combiketel uit 2012, eigendom)",Parkeerplaats,,,,,,,,,,,,,,,,,,,383103.82437161426,True,-8103.824371614261,8103.824371614261
https://www.funda.nl/detail/koop/almere/huis-hultense-bos/89735251/,Hultense Bos,,1358 GG,Almere,Overgooi (brt),1000000.0,€ 5.000,Beschikbaar,"Villa, vrijstaande woning",Nieuwbouw,2026,,,,200 m²,,,,,520 m³,6 kamers (5 slaapkamers),2 badkamers en 1 apart toilet,,3 woonlagen,"Glasvezelkabel, mechanische ventilatie, natuurlijke ventilatie, en zonnepanelen",A++++,"Dakisolatie, HR-glas, muurisolatie en volledig geïsoleerd",Gedeeltelijke vloerverwarming en warmtepomp,,,,,,,,,Op eigen terrein,720.0,46%,€ 5.136,,,Carport,,,,,,,,,,,,,,,,,,,1131114.3260209914,True,-131114.32602099143,131114.32602099143
https://www.funda.nl/detail/koop/almere/huis-lucky-lukestraat-63/89734915/,Lucky Lukestraat,63.0,1336 MK,Almere,Stripheldenbuurt Zuid,485000.0,€ 3.674,Verkocht onder voorbehoud,"Eengezinswoning, geschakelde woning",Bestaande bouw,2007,,Plat dak bedekt met bitumineuze dakbedekking,,132 m²,,9 m²,6 m²,116 m²,453 m³,5 kamers (3 slaapkamers),1 badkamer en 1 apart toilet,"Douche, ligbad, toilet, wastafelmeubel, en whirlpool",3 woonlagen,"Airconditioning, glasvezelkabel, en mechanische ventilatie",A,Volledig geïsoleerd,Cv-ketel,Cv-ketel,116 m²,Volle eigendom,"Aan water, in woonwijk en vrij uitzicht",Voortuin,,Gelegen op het zuidoosten,Vrijstaande houten berging,Op eigen terrein en openbaar parkeren,1.335,57%,€ 3.957,,"2007, eigendom",,,,,Balkon aanwezig,,,,,"48 m² (9,50 meter diep en 5,00 meter breed)",,,,,,,,,,523523.73640534654,True,-38523.73640534654,38523.73640534654
https://www.funda.nl/detail/koop/almere/huis-tante-pollewopstraat-4/89720869/,Tante Pollewopstraat,4.0,1336 KC,Almere,Stripheldenbuurt Midden- oost,365000.0,€ 4.101,Verkocht onder voorbehoud,"Eengezinswoning, tussenwoning",Bestaande bouw,2004,,Plat dak bedekt met bitumineuze dakbedekking,,89 m²,,,4 m²,146 m²,312 m³,4 kamers (3 slaapkamers),1 badkamer en 1 apart toilet,"Douche, ligbad, toilet, en wastafel",2 woonlagen,Elektra,A+,Geen isolatie,Cv-ketel,Cv-ketel,146 m²,Volle eigendom,,Achtertuin en voortuin,"72 m² (12,00 meter diep en 6,00 meter breed)",Gelegen op het zuidwesten bereikbaar via achterom,Vrijstaande houten berging,Openbaar parkeren,1.275,50%,€ 3.921,,,,,,,,,,,,,,,,,,,,,,408586.7471705572,True,-43586.74717055721,43586.74717055721
https://www.funda.nl/detail/koop/almere/huis-antillenweg-32/89758559/,Antillenweg,32.0,1339 KE,Almere,Eilandenbuurt Zuid,525000.0,€ 3.409,Onder bod,"Eengezinswoning, tussenwoning (split-level woning)",Bestaande bouw,2001,Dubbele bewoning mogelijk,,,154 m²,,48 m²,2 m²,111 m²,545 m³,5 kamers (4 slaapkamers),1 badkamer en 2 aparte toiletten,,3 woonlagen,Glasvezelkabel en mechanische ventilatie,A,"Dubbel glas, vloerisolatie en volledig geïsoleerd",Cv-ketel,Cv-ketel,111 m²,Volle eigendom,"Aan rustige weg, aan vaarwater en in woonwijk",Achtertuin en voortuin,,,,Op eigen terrein en openbaar parkeren,1.235,53%,,,"Remeha 28 Kwh (gas gestookt combiketel uit 2026, eigendom)",,,,,Dakterras aanwezig,,,,,,,,,,,,,,,579650.061093204,True,-54650.061093203956,54650.061093203956
https://www.funda.nl/detail/koop/almere/huis-havik-bouwnr-34/43132936/,Havik (Bouwnr. 34),,1358 EL,Almere,Overgooi (brt),1125000.0,€ 5.257,Onder optie,"Villa, vrijstaande woning",Nieuwbouw,Na 2020,,,,214 m²,,,,1.646 m²,833 m³,1 kamer,,,1 woonlaag,Zonnepanelen,Niet beschikbaar,Volledig geïsoleerd,,,1.646 m²,,"Aan bosrand, aan rustige weg, in bosrijke omgeving, landelijk gelegen, open ligging en vrij uitzicht",Tuin rondom,,,,Op eigen terrein,720.0,46%,€ 5.136,,,Parkeerplaats,,,,,,,,,,,,,,,,,,,1251108.5449596178,True,-126108.54495961778,126108.54495961778
https://www.funda.nl/detail/koop/almere/huis-arubapier-35/89503659/,Arubapier,35.0,1339 KA,Almere,Eilandenbuurt Zuid,489500.0,€ 3.353,Beschikbaar,"Eengezinswoning, tussenwoning",Bestaande bouw,2001,,,,146 m²,,51 m²,,68 m²,519 m³,5 kamers (4 slaapkamers),2 badkamers en 1 apart toilet,,4 woonlagen,,B,HR-glas en volledig geïsoleerd,Cv-ketel,Cv-ketel,68 m²,Volle eigendom,Aan water,,,,,,1.235,53%,,,"Gas gestookt, eigendom",,,,,,,,,,,,,,,,,,,,494563.48085367435,True,-5063.480853674351,5063.480853674351
https://www.funda.nl/detail/koop/almere/huis-baarsweg-17/43256239/,Baarsweg,17.0,1317 RZ,Almere,Waterwijk Noord,550000.0,€ 4.135,Beschikbaar,"Eengezinswoning, geschakelde 2-onder-1-kapwoning",Bestaande bouw,1991,,Zadeldak bedekt met pannen,,133 m²,8 m²,7 m²,6 m²,182 m²,446 m³,5 kamers (4 slaapkamers),1 badkamer en 1 apart toilet,"Douche, toilet, en wastafelmeubel",3 woonlagen,Elektra,A,Geen isolatie,Stadsverwarming en gedeeltelijke vloerverwarming,Centrale voorziening,182 m²,Volle eigendom,"Aan rustige weg, in woonwijk en vrij uitzicht",Achtertuin en voortuin,"75 m² (10,00 meter diep en 7,50 meter breed)",Gelegen op het noordoosten bereikbaar via achterom,Vrijstaande houten berging,Openbaar parkeren,1.48,39%,,,,,,,,,,,,,,,,,,,,,,,559057.6249748268,False,-9057.624974826816,9057.624974826816
https://www.funda.nl/detail/koop/almere/huis-hendrik-ijzerbrootlaan-30/43221908/,Hendrik IJzerbrootlaan,30.0,1336 LG,Almere,Stripheldenbuurt Midden- oost,499500.0,€ 4.061,Beschikbaar,"Eengezinswoning, eindwoning",Bestaande bouw,2006,,Plat dak bedekt met bitumineuze dakbedekking,,123 m²,,,7 m²,124 m²,436 m³,5 kamers (4 slaapkamers),2 badkamers en 1 apart toilet,"Ligbad, 2 toiletten, 2 wastafelmeubels, en inloopdouche",3 woonlagen,Elektra,A,Geen isolatie,Cv-ketel,Cv-ketel,124 m²,Volle eigendom,Aan rustige weg en in woonwijk,Achtertuin en voortuin,"55 m² (11,00 meter diep en 5,00 meter breed)",Gelegen op het zuidwesten bereikbaar via achterom,Vrijstaande houten berging,Openbaar parkeren,1.275,50%,€ 3.921,,"Intergas (gas gestookt combiketel, eigendom)",,,,,,,,,,,,,,,,,,,,523230.1185617373,True,-23730.118561737298,23730.118561737298
https://www.funda.nl/detail/koop/almere/huis-giek-15/43372658/,Giek,15.0,1319 BL,Almere,Noorderplassen W.-Zuid,720000.0,€ 4.045,Beschikbaar,"Eengezinswoning, 2-onder-1-kapwoning",Bestaande bouw,2006,,Plat dak,,178 m²,,22 m²,,256 m²,645 m³,6 kamers (4 slaapkamers),1 badkamer en 1 apart toilet,"Douche, dubbele wastafel, ligbad, en vloerverwarming",3 woonlagen,Elektra en verwarming,A+,Volledig geïsoleerd,Stadsverwarming en gedeeltelijke vloerverwarming,Stadsverwarming,256 m²,Volle eigendom,"Aan rustige weg, aan vaarwater, aan water, in bosrijke omgeving, in woonwijk en open ligging",Voortuin en zijtuin,,Gelegen op het zuidwesten,Inpandig,Op eigen terrein,2.185,51%,€ 3.998,,,,,,,Dakterras aanwezig,,,,,"40 m² (4,40 meter diep en 9,20 meter breed)",,,,,,,,,,761093.2333472462,True,-41093.23334724619,41093.23334724619
https://www.funda.nl/detail/koop/almere/huis-hans-lodeizenstraat-55/43325182/,Hans Lodeizenstraat,55.0,1321 SJ,Almere,Literatuurwijk Midden-west,740000.0,€ 4.625,Beschikbaar,"Eengezinswoning, 2-onder-1-kapwoning",Bestaande bouw,2001,,Samengesteld dak,,160 m²,15 m²,21 m²,15 m²,352 m²,679 m³,5 kamers (4 slaapkamers),1 badkamer en 1 apart toilet,"Douche, dubbele wastafel, ligbad, toilet, en wastafelmeubel",2 woonlagen en een vliering,Elektra,A,"Dakisolatie, muurisolatie en vloerisolatie",Stadsverwarming,Stadsverwarming,352 m²,Volle eigendom,In woonwijk,"Achtertuin, voortuin en zijtuin","165 m² (15,00 meter diep en 11,00 meter breed)",Gelegen op het zuidoosten bereikbaar via achterom,Vrijstaande houten berging,Op eigen terrein en openbaar parkeren,2.055,48%,€ 4.120,,,"Niet aanwezig, wel mogelijk",,,Toegankelijk voor mensen met een beperking en toegankelijk voor ouderen,,,,,,,,,,,,,,,,729289.6482706647,True,10710.351729335263,10710.351729335263
https://www.funda.nl/detail/koop/almere/huis-3-laagse-tussenwoning-bouwnr-7/43225039/,3-Laagse tussenwoning (Bouwnr. 7),,1362 LK,Almere,Olympiakwartier Oost (brt),550000.0,€ 4.741,Verkocht onder voorbehoud,"Eengezinswoning, tussenwoning",Nieuwbouw,Na 2020,,Plat dak,,116 m²,,,,95 m²,420 m³,5 kamers (4 slaapkamers),1 badkamer en 1 apart toilet,"Douche, toilet, en wastafel",3 woonlagen,Elektra,A+++,Geen isolatie,Stadsverwarming,Stadsverwarming,95 m²,,In woonwijk,Achtertuin,,,Vrijstaande houten berging,Openbaar parkeren,125.0,,,Woningborg Garantiecertificaat,,,,,,,,,,,,,,,,,,,,,557897.5873114609,False,-7897.587311460869,7897.587311460869
https://www.funda.nl/detail/koop/almere/huis-jan-dirk-van-exterlaan-22/89633373/,Jan Dirk van Exterlaan,22.0,1336 LJ,Almere,Stripheldenbuurt Oost,950000.0,€ 5.135,Beschikbaar,"Villa, vrijstaande woning",Bestaande bouw,2010,,Schilddak bedekt met pannen,,185 m²,56 m²,,,574 m²,904 m³,8 kamers (4 slaapkamers),1 badkamer en 2 aparte toiletten,"Inloopdouche, ligbad, en wastafelmeubel","2 woonlagen, een zolder, en een kelder",Elektra,B,Volledig geïsoleerd,Cv-ketel,Cv-ketel,574 m²,Volle eigendom,Aan rustige weg en in woonwijk,Tuin rondom,,,,Op eigen terrein,980.0,50%,€ 4.574,,"Nefit - Topline HRC 45/CW6 (gas gestookt combiketel, eigendom)",Aangebouwde stenen garage,1 auto,,,,,,,,,,,,,,,,,,954023.7668996358,True,-4023.7668996357825,4023.7668996357825
https://www.funda.nl/detail/koop/almere/huis-3-laagse-hoekwoning-bouwnr-29/43225094/,3-Laagse hoekwoning (Bouwnr. 29),,1362 LK,Almere,Olympiakwartier Oost (brt),575000.0,€ 4.873,Verkocht onder voorbehoud,"Eengezinswoning, hoekwoning",Nieuwbouw,Na 2020,,Plat dak,,118 m²,,,,,427 m³,5 kamers (4 slaapkamers),1 badkamer en 1 apart toilet,"Douche, toilet, en wastafel",3 woonlagen,Elektra,A+++,Geen isolatie,Stadsverwarming,Stadsverwarming,,,In woonwijk,Achtertuin,,,Vrijstaande houten berging,Openbaar parkeren,125.0,,,Woningborg Garantiecertificaat,,,,,,,,,,,,,,,,,,,,,576812.4086326472,True,-1812.4086326472461,1812.4086326472461
https://www.funda.nl/detail/koop/almere/huis-coendersborgstraat-18/43310338/,Coendersborgstraat,18.0,1333 VR,Almere,Landgoederenbuurt Noord,450000.0,€ 4.128,Beschikbaar,"Bungalow, hoekwoning (semi-bungalow)",Bestaande bouw,1991,,,,109 m²,9 m²,1 m²,,148 m²,406 m³,4 kamers (3 slaapkamers),2 badkamers en 1 apart toilet,"Inloopdouche, wastafelmeubel, douche, toilet, en wastafel",2 woonlagen,"Buitenzonwering, mechanische ventilatie, rolluiken, en zonnepanelen",A,HR-glas en volledig geïsoleerd,Cv-ketel en gedeeltelijke vloerverwarming,Cv-ketel,148 m²,Volle eigendom,Aan rustige weg en in woonwijk,Zijtuin,,Gelegen op het zuidoosten,,,1.415,45%,€ 3.724,,"Nefit (gas gestookt combiketel uit 2023, eigendom)",,,,,,"40 m² (10,00 meter diep en 4,00 meter breed)",,,,,,,,,,,,,,486421.0610354001,True,-36421.06103540008,36421.06103540008
https://www.funda.nl/detail/koop/almere/huis-bakboord-5/43375154/,Bakboord,5.0,1316 VA,Almere,Noorderplassen Oost,1195000.0,€ 4.959,Beschikbaar,"Eengezinswoning, geschakelde 2-onder-1-kapwoning",Bestaande bouw,1992,,Samengesteld dak,,241 m²,6 m²,69 m²,,458 m²,862 m³,7 kamers (4 slaapkamers),3 badkamers en 1 apart toilet,"3 douches, wastafel, 2 wastafelmeubels, 2 dubbele wastafels, en 2 toiletten",3 woonlagen,"Airconditioning, alarminstallatie, glasvezelkabel, mechanische ventilatie, natuurlijke ventilatie, schuifpui, TV kabel, en zonnepanelen",A,Volledig geïsoleerd,Stadsverwarming en gedeeltelijke vloerverwarming,Stadsverwarming,458 m²,Volle eigendom,"Aan rustige weg, aan vaarwater, aan water, in woonwijk en open ligging","Achtertuin, voortuin en zijtuin","168 m² (12,00 meter diep en 14,00 meter breed)",Gelegen op het zuidwesten,Inpandig,Op eigen terrein,715.0,30%,€ 4.771,,,Carport,,,,Dakterras aanwezig,,,,,,,,,,,,,,,942058.1862909204,False,252941.81370907964,252941.81370907964
https://www.funda.nl/detail/koop/almere/huis-honingbijstraat-2/89725458/,Honingbijstraat,2.0,1338 KS,Almere,Faunabuurt Zuidoost,675000.0,€ 4.530,Verkocht onder voorbehoud,"Villa, geschakelde woning (split-level woning)",Bestaande bouw,1995,Gedeeltelijk gestoffeerd,Plat dak bedekt met bitumineuze dakbedekking,,149 m²,50 m²,,,356 m²,671 m³,5 kamers (4 slaapkamers),1 badkamer en 2 aparte toiletten,"Dubbele wastafel, inloopdouche, en wastafelmeubel",3 woonlagen en een kelder,"Elektra, verwarming en stromend water",A,Volledig geïsoleerd,Cv-ketel,Cv-ketel,356 m²,Volle eigendom,In woonwijk,Achtertuin en voortuin,"190 m² (16,50 meter diep en 11,50 meter breed)",Gelegen op het zuidwesten bereikbaar via achterom,,Op eigen terrein,1.06,56%,,,"Remeha Avanta Ice 28c CW4 (gas gestookt combiketel uit 2023, eigendom)",Aangebouwde houten garage en inpandig,1 auto,,,Frans balkon aanwezig,,,,,,,,,,,,,,,608915.1809854818,True,66084.81901451817,66084.81901451817
https://www.funda.nl/detail/koop/almere/huis-lucky-lukestraat-22/43323858/,Lucky Lukestraat,22.0,1336 MK,Almere,Stripheldenbuurt Zuid,550000.0,€ 4.167,Beschikbaar,"Eengezinswoning, hoekwoning",Bestaande bouw,2007,Gedeeltelijk gestoffeerd,Lessenaardak bedekt met pannen,,132 m²,,,43 m²,271 m²,466 m³,7 kamers (5 slaapkamers),2 badkamers en 1 apart toilet,"Dubbele wastafel, 2 inloopdouches, ligbad, 2 toiletten, vloerverwarming, 2 wastafelmeubels, en wastafel",4 woonlagen,Elektra,A,Geen isolatie,Cv-ketel en gedeeltelijke vloerverwarming,Cv-ketel,271 m²,Volle eigendom,"Aan rustige weg, in bosrijke omgeving, in woonwijk en vrij uitzicht","Achtertuin, voortuin en zijtuin","175 m² (13,35 meter diep en 13,10 meter breed)",Gelegen op het zuidoosten bereikbaar via achterom,Vrijstaande houten berging,Openbaar parkeren,1.335,57%,€ 3.957,Energie Prestatie Advies,,,,,,,,,,,,,,,,,,,,,578247.9677030457,True,-28247.967703045695,28247.967703045695
https://www.funda.nl/detail/koop/almere/huis-m-de-klerkstraat-16/89758223/,M. de Klerkstraat,16.0,1333 PN,Almere,Bouwmeesterbuurt Noord,375000.0,€ 3.788,Onder bod,"Eengezinswoning, tussenwoning",Bestaande bouw,1988,,,,99 m²,,12 m²,5 m²,148 m²,349 m³,5 kamers (4 slaapkamers),1 badkamer en 1 apart toilet,"Inloopdouche, toilet, en wastafel",3 woonlagen,Mechanische ventilatie en natuurlijke ventilatie,B,Gedeeltelijk dubbel glas en muurisolatie,Cv-ketel en gedeeltelijke vloerverwarming,Cv-ketel,148 m²,Volle eigendom,In woonwijk en open ligging,Achtertuin en voortuin,"82 m² (15,21 meter diep en 5,41 meter breed)",Gelegen op het noordwesten bereikbaar via achterom,Vrijstaande stenen berging,Openbaar parkeren,1.825,42%,€ 3.823,,"ATAG (gas gestookt combiketel uit 2020, eigendom)",,,,,Dakterras aanwezig,,,,,,,,,,,,,,,384699.15741159144,True,-9699.15741159144,9699.15741159144
https://www.funda.nl/detail/koop/almere/huis-anna-maria-van-schurmanlaan-30/89629539/,Anna Maria van Schurmanlaan,30.0,1349 BC,Almere,Oosterwold Zuid,475000.0,€ 5.108,Verkocht onder voorbehoud,"Eengezinswoning, tussenwoning",Bestaande bouw,2023,,Plat dak bedekt met bitumineuze dakbedekking,,93 m²,,,6 m²,147 m²,329 m³,4 kamers (3 slaapkamers),1 badkamer en 1 apart toilet,"Douche, toilet, en wastafel",2 woonlagen,Elektra,A++++,Volledig geïsoleerd,Gehele vloerverwarming en warmtepomp,,147 m²,Volle eigendom,"Aan bosrand, aan rustige weg, beschutte ligging, in bosrijke omgeving, in woonwijk en landelijk gelegen",Achtertuin en voortuin,"88 m² (16,00 meter diep en 5,50 meter breed)",Gelegen op het zuidoosten bereikbaar via achterom,Aangebouwde houten berging,Openbaar parkeren,3.53,40%,€ 5.670,Energie Prestatie Advies,,,,,,,,,,,,,,,,,,,,,546698.0978814175,False,-71698.09788141749,71698.09788141749
https://www.funda.nl/detail/koop/almere/huis-chopinpad-18/43375126/,Chopinpad,18.0,1323 RX,Almere,Muziekwijk Z.-West,450000.0,€ 4.018,Beschikbaar,"Eengezinswoning, tussenwoning",Bestaande bouw,1990,,Zadeldak bedekt met pannen,,112 m²,,,21 m²,132 m²,449 m³,4 kamers (3 slaapkamers),1 badkamer en 2 aparte toiletten,"Dubbele wastafel, inloopdouche, ligbad, vloerverwarming, wastafelmeubel, en whirlpool",3 woonlagen,Buitenzonwering en mechanische ventilatie,B,,Stadsverwarming en gedeeltelijke vloerverwarming,Stadsverwarming,132 m²,Volle eigendom,Aan rustige weg en in woonwijk,Achtertuin en voortuin,"60 m² (12,00 meter diep en 5,00 meter breed)",Gelegen op het zuidoosten bereikbaar via achterom,Vrijstaande houten berging,Openbaar parkeren,1.315,42%,€ 3.989,,,Vrijstaande houten garage,1 auto,,,Dakterras aanwezig,,,,,,,,,,,,,,,474816.6784602451,True,-24816.67846024508,24816.67846024508
https://www.funda.nl/detail/koop/almere/huis-jan-steenstraat-87/43241971/,Jan Steenstraat,87.0,1318 JS,Almere,Tussen de Vaarten N.- Noord,375000.0,€ 4.518,Beschikbaar,"Eengezinswoning, tussenwoning",Bestaande bouw,1999,,,,83 m²,,6 m²,8 m²,155 m²,312 m³,3 kamers (2 slaapkamers),,,1 woonlaag,Mechanische ventilatie,A,,Stadsverwarming,Stadsverwarming,155 m²,,"Aan rustige weg, in woonwijk en open ligging",,,,,Openbaar parkeren,1.925,50%,€ 4.263,,,,,€ 400.000 kosten koper,,,,,,,,,,,,,,,,,365829.51530677686,True,9170.484693223145,9170.484693223145
https://www.funda.nl/detail/koop/almere/huis-velsenpad-13/89711293/,Velsenpad,13.0,1324 PX,Almere,Stedenwijk Midden-noord,410000.0,€ 3.661,Verkocht onder voorbehoud,"Eengezinswoning, tussenwoning",Bestaande bouw,1981,Gestoffeerd,Zadeldak bedekt met pannen,,112 m²,6 m²,,,106 m²,421 m³,5 kamers (4 slaapkamers),1 apart toilet,,3 woonlagen,Elektra,A,Dubbel glas en vloerisolatie,Stadsverwarming,Stadsverwarming,106 m²,Volle eigendom,In woonwijk,Achtertuin,,,Aangebouwde stenen berging,Openbaar parkeren,1.31,46%,€ 3.654,,,,,,,,,,,,,,,,,,,,,,411761.1334558317,True,-1761.133455831674,1761.133455831674
https://www.funda.nl/detail/koop/almere/huis-zanzibarstraat-16/89746752/,Zanzibarstraat,16.0,1339 RR,Almere,Eilandenbuurt Oost,500000.0,€ 3.788,Verkocht onder voorbehoud,"Eengezinswoning, tussenwoning",Bestaande bouw,2001,,Zadeldak bedekt met pannen,,132 m²,,19 m²,9 m²,168 m²,430 m³,6 kamers (4 slaapkamers),1 badkamer en 2 aparte toiletten,"Inloopdouche, ligbad, wastafel, en wastafelmeubel",3 woonlagen,Elektra,A++,Volledig geïsoleerd,Cv-ketel,Cv-ketel,168 m²,Volle eigendom,Aan rustige weg en in woonwijk,Achtertuin en voortuin,"59 m² (9,66 meter diep en 6,07 meter breed)",Gelegen op het westen bereikbaar via achterom,Vrijstaande houten berging,Op eigen terrein en openbaar parkeren,1.475,41%,€ 3.838,,"Remeha (gas gestookt combiketel uit 2014, eigendom)",,,,,,,,,,,,,,,,,,,,513708.2996463644,True,-13708.299646364409,13708.299646364409
https://www.funda.nl/detail/koop/almere/huis-eindhovenstraat-31/43357452/,Eindhovenstraat,31.0,1324 ZA,Almere,Stedenwijk Zuid,374500.0,€ 3.783,Verkocht onder voorbehoud,"Eengezinswoning, eindwoning",Bestaande bouw,1982,,Plat dak bedekt met bitumineuze dakbedekking,,99 m²,,,8 m²,158 m²,295 m³,4 kamers (3 slaapkamers),1 badkamer en 1 apart toilet,"Inloopdouche, toilet, wastafel, en wastafelmeubel",2 woonlagen,"Glasvezelkabel, mechanische ventilatie, en TV kabel",A,Dubbel glas en HR-glas,Stadsverwarming,,158 m²,Volle eigendom,In woonwijk,Achtertuin en voortuin,,,Vrijstaande stenen berging,Op eigen terrein en openbaar parkeren,2.22,38%,€ 3.744,,,,,,,,,,,,,,,,,,,,,,413109.27835043176,True,-38609.27835043176,38609.27835043176
https://www.funda.nl/detail/koop/almere/huis-tussenwoning-type-b-bouwnr-2/43369218/,Tussenwoning Type B (Bouwnr. 2),,1325 VW,Almere,Laterna Magikapark,630000.0,€ 4.701,Beschikbaar,"Eengezinswoning, tussenwoning",Nieuwbouw,Na 2020,,,,134 m²,,,,103 m²,350 m³,5 kamers (4 slaapkamers),1 badkamer en 2 aparte toiletten,Inloopdouche,3 woonlagen,,A+++,,,,103 m²,,Aan park,,,,Vrijstaande houten berging,,20.0,,,,,,,,,,,,,,,,,,,,,,,,646212.1965524415,True,-16212.196552441455,16212.196552441455
https://www.funda.nl/detail/koop/almere/huis-adriaan-de-grootpad-107/43102109/,Adriaan de Grootpad,107.0,1349 ME,Almere,Oosterwold Noord,575000.0,€ 6.609,Beschikbaar,"Eengezinswoning, tussenwoning",Bestaande bouw,2025,,,,87 m²,,43 m²,6 m²,131 m²,307 m³,4 kamers (3 slaapkamers),1 badkamer en 1 apart toilet,"Douche, dubbele wastafel, urinoir, en wastafelmeubel",2 woonlagen,"Glasvezelkabel, mechanische ventilatie, schuifpui, TV kabel, en zonnepanelen",A++++,Volledig geïsoleerd,Warmtepomp,,1 m²,Volle eigendom,"Aan rustige weg, beschutte ligging, in woonwijk en landelijk gelegen",Achtertuin en voortuin,,,Vrijstaande houten berging,Op afgesloten terrein en op eigen terrein,2.605,43%,€ 6.504,,,,,,,,,,,,,,,,,,,,,,516400.9098463258,True,58599.09015367419,58599.09015367419
https://www.funda.nl/detail/koop/almere/huis-annie-mg-schmidtweg-12/89738970/,Annie M.G. Schmidtweg,12.0,1321 JE,Almere,Literatuurwijk Zuid,600000.0,€ 3.593,Verkocht onder voorbehoud,"Eengezinswoning, geschakelde woning",Bestaande bouw,1999,,Samengesteld dak bedekt met bitumineuze dakbedekking,,167 m²,,,7 m²,330 m²,566 m³,5 kamers (4 slaapkamers),1 badkamer en 1 apart toilet,"Dubbele wastafel, inloopdouche, en toilet",3 woonlagen,Elektra,A,,,,330 m²,Volle eigendom,In woonwijk,Achtertuin en voortuin,"171 m² (19,00 meter diep en 9,00 meter breed)",Gelegen op het noordwesten,Vrijstaande houten berging,Op eigen terrein en openbaar parkeren,2.07,55%,€ 3.990,,,,,,,,,,,,,,,,,,,,,,624339.8237005068,True,-24339.823700506822,24339.823700506822
https://www.funda.nl/detail/koop/almere/huis-dinsdagstraat-8/43239922/,Dinsdagstraat,8.0,1335 LH,Almere,Seizoenenbuurt Noord,450000.0,€ 3.214,Verkocht onder voorbehoud,"Eengezinswoning, geschakelde woning",Bestaande bouw,2001,,Lessenaardak bedekt met pannen,,140 m²,,20 m²,,170 m²,484 m³,5 kamers (3 slaapkamers),1 badkamer en 1 apart toilet,"Douche, toilet, en wastafel",3 woonlagen,Mechanische ventilatie,A,Dubbel glas,Cv-ketel,Cv-ketel,170 m²,Volle eigendom,"Aan bosrand, in woonwijk en vrij uitzicht",Achtertuin,"84 m² (14,00 meter diep en 6,00 meter breed)",Gelegen op het zuidoosten,,Op eigen terrein en openbaar parkeren,1.0,45%,€ 4.133,,"Atag (gas gestookt combiketel uit 2022, huur)",,,,,Dakterras aanwezig,,,,,,,,,,,,,,,568475.4077429384,True,-118475.40774293838,118475.40774293838
https://www.funda.nl/detail/koop/almere/huis-3-laagse-tussenwoning-bouwnr-37/43225028/,3-Laagse tussenwoning (Bouwnr. 37),,1362 LK,Almere,Olympiakwartier Oost (brt),580000.0,€ 4.874,Verkocht onder voorbehoud,"Eengezinswoning, tussenwoning",Nieuwbouw,Na 2020,,Plat dak,,119 m²,,,,106 m²,432 m³,5 kamers (4 slaapkamers),1 badkamer en 1 apart toilet,"Douche, toilet, en wastafel",3 woonlagen,Elektra,A+++,Geen isolatie,Stadsverwarming,Stadsverwarming,106 m²,,In woonwijk,Achtertuin,,,Vrijstaande houten berging,Openbaar parkeren,125.0,,,Woningborg Garantiecertificaat,,,,,,,,,,,,,,,,,,,,,568873.4915939297,True,11126.508406070294,11126.508406070294
https://www.funda.nl/detail/koop/almere/huis-john-fordstraat-43/89774697/,John Fordstraat,43.0,1325 TG,Almere,Filmwijk Zuid-zuid van Walt Disneyplts.,499000.0,€ 4.377,Beschikbaar,"Eengezinswoning, eindwoning",Bestaande bouw,1996,,Zadeldak bedekt met pannen,,114 m²,,3 m²,8 m²,124 m²,404 m³,5 kamers (4 slaapkamers),1 badkamer en 1 apart toilet,Inloopdouche en wastafel,3 woonlagen,Elektra,A,"Dubbel glas, vloerisolatie en volledig geïsoleerd",,,124 m²,Volle eigendom,In woonwijk,Achtertuin en voortuin,"53 m² (10,60 meter diep en 4,99 meter breed)",Gelegen op het noordwesten,Vrijstaande houten berging,Openbaar parkeren,1.78,48%,€ 4.683,,,,,,,,,,,,,,,,,,,,,,454126.0846837965,True,44873.91531620349,44873.91531620349
https://www.funda.nl/detail/koop/almere/huis-magneetveld-43/43388880/,Magneetveld,43.0,1359 JE,Almere,De Velden Zuid,700000.0,€ 4.730,Beschikbaar,"Eengezinswoning, 2-onder-1-kapwoning",Bestaande bouw,2000,Gedeeltelijk gestoffeerd,Zadeldak bedekt met pannen,,148 m²,32 m²,6 m²,,265 m²,631 m³,5 kamers (4 slaapkamers),1 badkamer en 2 aparte toiletten,"Douche, ligbad, en wastafelmeubel",3 woonlagen,Elektra,A,Geen isolatie,Cv-ketel,Cv-ketel,265 m²,Volle eigendom,"Aan rustige weg, in bosrijke omgeving, in woonwijk en landelijk gelegen",Achtertuin en voortuin,"104 m² (13,00 meter diep en 8,00 meter breed)",Gelegen op het zuidoosten bereikbaar via achterom,,Op eigen terrein,985.0,41%,€ 4.753,,"Intergas ( combiketel uit 2023, eigendom)",Inpandig,1 auto,,,Balkon aanwezig,,,,,,,,,,,,,,,693508.9360880924,True,6491.063911907608,6491.063911907608
https://www.funda.nl/detail/koop/almere/huis-bizetstraat-14/89698680/,Bizetstraat,14.0,1323 BZ,Almere,Muziekwijk Z.-Oost,435000.0,€ 3.850,Verkocht onder voorbehoud,"Eengezinswoning, tussenwoning",Bestaande bouw,1989,,Zadeldak bedekt met pannen,,113 m²,,,5 m²,119 m²,388 m³,5 kamers (4 slaapkamers),1 badkamer en 1 apart toilet,"Dubbele wastafel, inloopdouche, en toilet",2 woonlagen en een zolder,Elektra,A,"Dakisolatie, dubbel glas, muurisolatie, vloerisolatie en volledig geïsoleerd",Stadsverwarming,Stadsverwarming,119 m²,Volle eigendom,In woonwijk,Achtertuin en voortuin,"71 m² (11,32 meter diep en 6,30 meter breed)",Gelegen op het zuidwesten bereikbaar via achterom,Vrijstaande stenen berging,Openbaar parkeren,2.99,35%,€ 4.128,,,,,,,,,,,,,,,,,,,,,,460718.24526534765,True,-25718.24526534765,25718.24526534765
https://www.funda.nl/detail/koop/almere/huis-sint-annabos-3/89712389/,Sint Annabos,3.0,1358 GE,Almere,Overgooi (brt),1875000.0,€ 5.237,Beschikbaar,"Villa, vrijstaande woning",Bestaande bouw,2024,,,,358 m²,,,100 m²,2.283 m²,1.283 m³,6 kamers (5 slaapkamers),1 apart toilet,,3 woonlagen,"Glasvezelkabel, mechanische ventilatie, en zonnepanelen",A+++,HR-glas en volledig geïsoleerd,"Gehele vloerverwarming, warmte terugwininstallatie en warmtepomp",,2.283 m²,Volle eigendom,,Achtertuin,"1.917 m² (71,00 meter diep en 27,00 meter breed)",,,,720.0,46%,€ 5.136,,,Aangebouwde stenen garage,,,,,,,,,,,,,,,,,,,1620529.4484551419,True,254470.55154485814,254470.55154485814
https://www.funda.nl/detail/koop/almere/huis-toernooiveld-45/89589228/,Toernooiveld,45.0,1359 JP,Almere,De Velden Zuid,760000.0,€ 5.135,Verkocht onder voorbehoud,"Eengezinswoning, 2-onder-1-kapwoning",Bestaande bouw,1999,,Samengesteld dak bedekt met bitumineuze dakbedekking en pannen,,148 m²,18 m²,7 m²,,233 m²,534 m³,6 kamers (4 slaapkamers),1 badkamer en 2 aparte toiletten,"Douche, dubbele wastafel, en ligbad",3 woonlagen en een vliering,Elektra,A,"Dakisolatie, dubbel glas, muurisolatie, vloerisolatie en volledig geïsoleerd",Cv-ketel en open haard,Cv-ketel,233 m²,Volle eigendom,"Aan rustige weg, in bosrijke omgeving en in woonwijk",Achtertuin en voortuin,"90 m² (10,00 meter diep en 9,00 meter breed)",Gelegen op het zuiden bereikbaar via achterom,,Op eigen terrein en openbaar parkeren,985.0,41%,€ 4.753,,"Vaillant (gas gestookt combiketel uit 2015, eigendom)",Aangebouwde stenen garage,1 auto,,,Balkon aanwezig,,,,,,,,,,,,,,,711641.8144360448,False,48358.18556395522,48358.18556395522
https://www.funda.nl/detail/koop/almere/huis-praagpad-13/43366782/,Praagpad,13.0,1334 EC,Almere,Centrum Almere Buiten Noord,350000.0,€ 3.723,Verkocht onder voorbehoud,"Eengezinswoning, tussenwoning",Bestaande bouw,1987,,,,94 m²,,4 m²,8 m²,120 m²,318 m³,4 kamers (3 slaapkamers),,,2 woonlagen,Mechanische ventilatie,B,,Cv-ketel,Cv-ketel,120 m²,,,Achtertuin,"10,00 meter diep en 5,00 meter breed",Gelegen op het westen bereikbaar via achterom,,Openbaar parkeren,1.56,25%,€ 3.807,,"Gas gestookt, eigendom",Vrijstaande stenen garage,1 auto,,,Balkon aanwezig,,,,,,,,,,,,,,,379842.02562107355,True,-29842.025621073553,29842.025621073553
https://www.funda.nl/detail/koop/almere/huis-marie-curiestraat-32/89610758/,Marie Curiestraat,32.0,1341 BM,Almere,Nobelhorst West,650000.0,€ 4.333,Beschikbaar,"Eengezinswoning, tussenwoning",Bestaande bouw,2018,,,,150 m²,,,7 m²,161 m²,509 m³,5 kamers (4 slaapkamers),2 badkamers en 1 apart toilet,"2 dubbele wastafels, 2 inloopdouches, 2 ligbaden, 2 toiletten, vloerverwarming, en 2 wastafelmeubels",3 woonlagen,Elektra,A,Dubbel glas en volledig geïsoleerd,Cv-ketel,Cv-ketel,161 m²,Volle eigendom,"Aan rustige weg, in bosrijke omgeving en in woonwijk",Achtertuin en voortuin,"61 m² (11,00 meter diep en 5,50 meter breed)",Gelegen op het zuidwesten bereikbaar via achterom,Vrijstaande houten berging,Op eigen terrein,2.425,65%,€ 4.472,,"Gas gestookt combiketel, eigendom",,,,,,,,,,,,,,,,,,,,644819.0133514017,True,5180.986648598337,5180.986648598337
https://www.funda.nl/detail/koop/almere/huis-twickellaan-164/43242778/,Twickellaan,164.0,1333 ZB,Almere,Landgoederenbuurt Zuid en West,475000.0,€ 3.322,Verkocht onder voorbehoud,"Eengezinswoning, geschakelde 2-onder-1-kapwoning",Bestaande bouw,1993,,Samengesteld dak bedekt met bitumineuze dakbedekking en pannen,,143 m²,17 m²,,,254 m²,567 m³,5 kamers (4 slaapkamers),2 badkamers en 1 apart toilet,"2 douches, dubbele wastafel, ligbad, toilet, en wastafel",3 woonlagen,Elektra,B,Dubbel glas en volledig geïsoleerd,Cv-ketel,Cv-ketel,254 m²,Volle eigendom,"Aan bosrand, aan rustige weg, in woonwijk en vrij uitzicht",Achtertuin en voortuin,"123 m² (14,50 meter diep en 8,50 meter breed)",Gelegen op het zuidwesten bereikbaar via achterom,,Op eigen terrein en openbaar parkeren,1.225,38%,,,"Remeha (gas gestookt combiketel uit 2010, eigendom)",Aangebouwde stenen garage en parkeerplaats,1 auto,,,,,,,,,,,,,,,,,,633293.1983415964,True,-158293.1983415964,158293.1983415964
https://www.funda.nl/detail/koop/almere/huis-preludeweg-39/89775578/,Preludeweg,39.0,1312 SM,Almere,Muziekwijk N.-Noord,485000.0,€ 3.674,Beschikbaar,"Eengezinswoning, hoekwoning",Bestaande bouw,1992,,Plat dak bedekt met bitumineuze dakbedekking,,132 m²,,6 m²,17 m²,194 m²,458 m³,5 kamers (4 slaapkamers),1 badkamer en 1 apart toilet,"Douche, dubbele wastafel, toilet, en wastafelmeubel",3 woonlagen,"Glasvezelkabel, schuifpui, TV kabel, en zonnepanelen",A+,"Dakisolatie, dubbel glas, muurisolatie, vloerisolatie en volledig geïsoleerd",Stadsverwarming en gedeeltelijke vloerverwarming,Stadsverwarming,194 m²,Volle eigendom,Aan rustige weg en in woonwijk,"Achtertuin, voortuin en zijtuin","75 m² (10,00 meter diep en 7,50 meter breed)",Gelegen op het zuidoosten bereikbaar via achterom,,Op eigen terrein en openbaar parkeren,1.605,45%,€ 4.170,,,,,,,,,,,,,,,,,,,,,,534005.6438443855,True,-49005.643844385515,49005.643844385515
https://www.funda.nl/detail/koop/almere/huis-stamerbos-46/43139249/,Stamerbos,46.0,1358 EP,Almere,Overgooi (brt),1195000.0,€ 4.544,Beschikbaar,"Villa, geschakelde woning",Bestaande bouw,2011,,Plat dak bedekt met bitumineuze dakbedekking,,263 m²,,50 m²,24 m²,1.365 m²,968 m³,7 kamers (6 slaapkamers),2 badkamers en 2 aparte toiletten,"2 inloopdouches, ligbad, vloerverwarming, 2 wastafelmeubels, en toilet",3 woonlagen,Elektra,A,,Cv-ketel,Cv-ketel,1.365 m²,Volle eigendom,"Aan rustige weg, in bosrijke omgeving, in woonwijk, open ligging en vrij uitzicht",Achtertuin en voortuin,"1.050 m² (35,00 meter diep en 30,00 meter breed)",Gelegen op het westen,Vrijstaande houten berging,Op eigen terrein,720.0,46%,€ 5.136,,"Itho ( combiketel uit 2011, eigendom)",Garagebox,1 auto,€ 1.295.000 kosten koper,,Balkon aanwezig,,,,,,,,,,,,,,,1108808.6594746048,True,86191.34052539524,86191.34052539524
https://www.funda.nl/detail/koop/almere/huis-3-laagse-tussenwoning-bouwnr-103/43225019/,3-Laagse tussenwoning (Bouwnr. 103),,1362 LK,Almere,Olympiakwartier Oost (brt),535000.0,€ 4.820,Verkocht onder voorbehoud,"Eengezinswoning, tussenwoning",Nieuwbouw,Na 2020,,Plat dak,,111 m²,,,,91 m²,403 m³,5 kamers (4 slaapkamers),1 badkamer en 1 apart toilet,"Douche, toilet, en wastafel",3 woonlagen,Elektra,A+++,Geen isolatie,Stadsverwarming,Stadsverwarming,91 m²,,In woonwijk,Achtertuin,,,Vrijstaande houten berging,Openbaar parkeren,125.0,,,Woningborg Garantiecertificaat,,,,,,,,,,,,,,,,,,,,,539397.6332660245,True,-4397.633266024524,4397.633266024524
https://www.funda.nl/detail/koop/almere/huis-holbeinstraat-171/89648042/,Holbeinstraat,171.0,1328 TW,Almere,Tussen de Vaarten Z.- Zuidoost,575000.0,€ 3.230,Verkocht onder voorbehoud,"Eengezinswoning, hoekwoning (bedrijfs- of dienstwoning)",Bestaande bouw,2003,Dubbele bewoning aanwezig en gedeeltelijk gestoffeerd,Plat dak bedekt met bitumineuze dakbedekking,,178 m²,,26 m²,,187 m²,625 m³,8 kamers (6 slaapkamers),2 badkamers en 1 apart toilet,"2 douches, 2 toiletten, 2 wastafels, en 2 wastafelmeubels",3 woonlagen,"Balansventilatie, glasvezelkabel, mechanische ventilatie, natuurlijke ventilatie, rolluiken, schuifpui, en zonnepanelen",A+,"Dakisolatie, dubbel glas, muurisolatie en vloerisolatie",Stadsverwarming,Stadsverwarming,187 m²,Volle eigendom,"Aan rustige weg, in bosrijke omgeving, in woonwijk en vrij uitzicht","Voortuin, zijtuin en zonneterras",,,,Openbaar parkeren,1.495,42%,€ 4.229,Energie Prestatie Advies,,,,,Toegankelijk voor mensen met een beperking en toegankelijk voor ouderen,Dakterras aanwezig,,,,,,,,,,,,,,,653371.2418085993,True,-78371.24180859933,78371.24180859933
https://www.funda.nl/detail/koop/almere/huis-3-laagse-hoekwoning-bouwnr-1/43225080/,3-Laagse hoekwoning (Bouwnr. 1),,1362 LK,Almere,Olympiakwartier Oost (brt),605000.0,€ 4.802,Onder optie,"Eengezinswoning, hoekwoning",Nieuwbouw,Na 2020,,Plat dak,,126 m²,,,,112 m²,469 m³,5 kamers (4 slaapkamers),1 badkamer en 1 apart toilet,"Douche, toilet, en wastafel",3 woonlagen,Elektra,A+++,Geen isolatie,Stadsverwarming,Stadsverwarming,112 m²,,In woonwijk,Achtertuin,,,Vrijstaande houten berging,Openbaar parkeren,125.0,,,Woningborg Garantiecertificaat,,,,,,,,,,,,,,,,,,,,,606280.469429718,True,-1280.4694297179813,1280.4694297179813
https://www.funda.nl/detail/koop/almere/huis-zanglijster-bouwnr-29/43132143/,Zanglijster (Bouwnr. 29),,1358 EL,Almere,Overgooi (brt),1085000.0,€ 5.994,Onder optie,"Villa, vrijstaande woning",Nieuwbouw,Na 2020,,,,181 m²,,,,1.522 m²,704 m³,1 kamer,,,1 woonlaag,,Niet beschikbaar,,,,1.522 m²,,"Aan bosrand, aan rustige weg, in bosrijke omgeving, landelijk gelegen, open ligging en vrij uitzicht",Tuin rondom,,,,Op eigen terrein,720.0,46%,€ 5.136,,,Parkeerplaats,,,,,,,,,,,,,,,,,,,1107887.2177671352,True,-22887.21776713524,22887.21776713524
https://www.funda.nl/detail/koop/almere/huis-burchard-de-volderstraat-106/89756841/,Burchard de Volderstraat,106.0,1349 HJ,Almere,Oosterwold Noord,619500.0,€ 7.842,Beschikbaar,"Bungalow, vrijstaande woning",Nieuwbouw,2026,,Lessenaardak bedekt met overig,,79 m²,,3 m²,,881 m²,265 m³,3 kamers (2 slaapkamers),1 badkamer en 1 apart toilet,,1 woonlaag,"Airconditioning, dakraam, mechanische ventilatie, natuurlijke ventilatie, en zonnepanelen",Niet beschikbaar,"Dakisolatie, driedubbel glas, muurisolatie en vloerisolatie",Heteluchtverwarming,Elektrische boiler,881 m² (deelperceel),Volle eigendom,Aan bosrand en vrij uitzicht,Tuin rondom,,,,Op eigen terrein,2.605,43%,€ 6.504,,,,,,,,,,,,,,,,,,,,,,628074.6840451886,True,-8574.684045188595,8574.684045188595
https://www.funda.nl/detail/koop/almere/huis-anjerstraat-18/43376553/,Anjerstraat,18.0,1338 TN,Almere,Bloemenbuurt Zuid,545000.0,€ 3.028,Beschikbaar,"Eengezinswoning, tussenwoning",Bestaande bouw,1999,,Plat dak bedekt met bitumineuze dakbedekking,,180 m²,,,21 m²,171 m²,575 m³,6 kamers (3 slaapkamers),1 badkamer en 1 apart toilet,"Dubbele wastafel, inloopdouche, toilet, en wastafelmeubel",3 woonlagen,"Glasvezelkabel, mechanische ventilatie, schuifpui, TV kabel, en zonnepanelen",A+,Volledig geïsoleerd,Cv-ketel,Cv-ketel,171 m²,Volle eigendom,In woonwijk,Achtertuin en voortuin,"51 m² (8,00 meter diep en 6,40 meter breed)",Gelegen op het zuidwesten bereikbaar via achterom,,Op eigen terrein en openbaar parkeren,1.31,47%,€ 3.520,,"Remeha (gas gestookt combiketel uit 2015, huur)",,,,,Dakterras aanwezig,,,,,,,,,,,,,,,645437.119242005,True,-100437.11924200505,100437.11924200505
https://www.funda.nl/detail/koop/almere/huis-alseidenstraat-2/89724580/,Alseïdenstraat,2.0,1363 SR,Almere,Homeruskwartier Midden,275000.0,€ 7.857,Verkocht onder voorbehoud,"Eengezinswoning, vrijstaande woning",Bestaande bouw,2018,,Plat dak bedekt met bitumineuze dakbedekking,,35 m²,,,,96 m²,129 m³,3 kamers (1 slaapkamer),1 badkamer,"Douche, toilet, en wastafel",3 woonlagen,"Glasvezelkabel, mechanische ventilatie, natuurlijke ventilatie, schuifpui, en TV kabel",B,"Dakisolatie, dubbel glas, muurisolatie en vloerisolatie",Stadsverwarming,Stadsverwarming,96 m²,Volle eigendom,"Aan park, in woonwijk en vrij uitzicht",Tuin rondom,,,,Openbaar parkeren,2.625,44%,€ 4.691,,,,,,,,,,,,,,,,,,,,,,275274.0162684389,True,-274.01626843889244,274.01626843889244
https://www.funda.nl/detail/koop/almere/huis-william-jamesstraat-25/89734406/,William Jamesstraat,25.0,1349 GL,Almere,Oosterwold Noord,1200000.0,€ 6.218,Beschikbaar,"Villa, vrijstaande woning",Bestaande bouw,2022,,,,193 m²,,,,2.000 m²,718 m³,6 kamers (5 slaapkamers),,,3 woonlagen,,A++,,,,2.000 m²,Volle eigendom,,Tuin rondom,,,,Op eigen terrein,2.605,43%,€ 6.504,,,,,,,,,,€ 100 per maand,,,,,,,,,,,,1099330.9537977234,True,100669.0462022766,100669.0462022766
https://www.funda.nl/detail/koop/almere/huis-a2-bouwnr-5/43809572/,A2 (Bouwnr. 5),,1362 LC,Almere,Olympiakwartier Oost (brt),563060.0,€ 4.732,Verkocht onder voorbehoud,"Eengezinswoning, hoekwoning",Nieuwbouw,2025,,,,119 m²,,,,129 m²,453 m³,5 kamers (4 slaapkamers),,,3 woonlagen,,A++,,,,129 m²,,In woonwijk,,,,Vrijstaande houten berging,,125.0,,,,,,,,,,,,,,,,,,,,,,,,569080.2797415494,True,-6020.279741549399,6020.279741549399
https://www.funda.nl/detail/koop/almere/huis-speulderbos-11/43217326/,Speulderbos,11.0,1358 BB,Almere,Overgooi (brt),1250000.0,€ 5.952,Onder bod,"Villa, vrijstaande woning",Bestaande bouw,2022,"Dubbele bewoning aanwezig, dubbele bewoning mogelijk en gedeeltelijk gestoffeerd",Samengesteld dak,,210 m²,10 m²,,10 m²,1.625 m²,863 m³,7 kamers (5 slaapkamers),2 badkamers en 2 aparte toiletten,"Douche, vloerverwarming, wastafel, 2 wastafelmeubels, dubbele wastafel, inloopdouche, en ligbad",2 woonlagen en een vliering,Elektra,A+++,Volledig geïsoleerd,"Gehele vloerverwarming, warmte terugwininstallatie en warmtepomp",Doorstroomboiler,1.625 m²,Volle eigendom,"Aan bosrand, aan rustige weg, buiten bebouwde kom en in bosrijke omgeving",Tuin rondom,,,Vrijstaande houten berging,Op eigen terrein en openbaar parkeren,720.0,46%,€ 5.136,Woningborg Garantiecertificaat,,,,,Toegankelijk voor ouderen,,,,€ 198 per maand,,,,,,,,,,,,1259033.7507344023,True,-9033.750734402332,9033.750734402332
https://www.funda.nl/detail/koop/almere/huis-keizerarendlaan-19/89729255/,Keizerarendlaan,19.0,1343 CE,Almere,Vogelhorst Zuid,895000.0,€ 5.359,Beschikbaar,"Villa, vrijstaande woning",Bestaande bouw,2021,Gedeeltelijk gestoffeerd,Plat dak bedekt met bitumineuze dakbedekking,,167 m²,,24 m²,18 m²,446 m²,606 m³,6 kamers (5 slaapkamers),1 badkamer en 1 apart toilet,"Inloopdouche, ligbad, toilet, en wastafelmeubel",3 woonlagen,Elektra,A++,Volledig geïsoleerd,Gehele vloerverwarming en warmtepomp,Doorstroomboiler,446 m²,Volle eigendom,"Beschutte ligging, in bosrijke omgeving, in woonwijk en vrij uitzicht",Tuin rondom,,,Vrijstaande stenen berging,Op eigen terrein en openbaar parkeren,1.06,44%,€ 5.650,,,Parkeerplaats,,,,Dakterras aanwezig,,,,,,,,,,,,,,,898548.828012103,True,-3548.828012102982,3548.828012102982
https://www.funda.nl/detail/koop/almere/huis-belcampohof-18/43317598/,Belcampohof,18.0,1321 GC,Almere,Literatuurwijk Midden-oost,425000.0,€ 4.427,Beschikbaar,"Eengezinswoning, tussenwoning",Bestaande bouw,1998,Gedeeltelijk gestoffeerd,Plat dak,,96 m²,,,10 m²,130 m²,320 m³,5 kamers (3 slaapkamers),1 badkamer en 1 apart toilet,"Inloopdouche, ligbad, toilet, en wastafel",2 woonlagen,Elektra,A,Volledig geïsoleerd,Stadsverwarming,Stadsverwarming,130 m²,Volle eigendom,"Aan rustige weg, beschutte ligging en in woonwijk",Achtertuin,"62 m² (11,50 meter diep en 5,40 meter breed)",Gelegen op het zuidwesten bereikbaar via achterom,Vrijstaande houten berging,Openbaar parkeren,1.825,57%,€ 4.073,,,,,,,,,,,,,,,,,,,,,,414841.72699298186,True,10158.273007018142,10158.273007018142
https://www.funda.nl/detail/koop/almere/huis-s-gravenhagehof-38/89608813/,'s-Gravenhagehof,38.0,1324 SZ,Almere,Stedenwijk Midden-west,375000.0,€ 5.952,Verkocht onder voorbehoud,"Bungalow, geschakelde woning",Bestaande bouw,1991,,Plat dak bedekt met bitumineuze dakbedekking,,63 m²,,43 m²,12 m²,170 m²,226 m³,3 kamers (2 slaapkamers),1 badkamer en 1 apart toilet,"Douche, wastafel, en wastafelmeubel",1 woonlaag,Elektra,A,Volledig geïsoleerd,Stadsverwarming,Stadsverwarming,170 m²,Volle eigendom,Aan rustige weg en in woonwijk,Achtertuin en voortuin,"55 m² (8,50 meter diep en 6,46 meter breed)",Gelegen op het zuidwesten bereikbaar via achterom,Aangebouwde houten berging,Op eigen terrein,1.885,37%,€ 3.818,,,Carport,,,Toegankelijk voor mensen met een beperking en toegankelijk voor ouderen,,,,,,,,,,,,,,,,315533.7256855812,True,59466.274314418784,59466.274314418784
https://www.funda.nl/detail/koop/almere/huis-gustaaf-gelderstraat-60/43202392/,Gustaaf Gelderstraat,60.0,1318 BD,Almere,Verzetswijk West,450000.0,€ 3.358,Verkocht onder voorbehoud,"Eengezinswoning, tussenwoning",Bestaande bouw,1995,,Zadeldak bedekt met pannen,,134 m²,,,9 m²,135 m²,449 m³,5 kamers (4 slaapkamers),1 badkamer en 1 apart toilet,"Ligbad, toilet, en wastafel",3 woonlagen,Elektra,A,Geen isolatie,Stadsverwarming,Stadsverwarming,135 m²,Volle eigendom,Aan rustige weg en in woonwijk,Achtertuin en voortuin,"62 m² (12,00 meter diep en 5,20 meter breed)",Gelegen op het zuidoosten bereikbaar via achterom,Vrijstaande houten berging,Openbaar parkeren,1.34,50%,€ 3.889,,,,,,,,,,,,,,,,,,,,,,508032.1189078226,True,-58032.11890782259,58032.11890782259
https://www.funda.nl/detail/koop/almere/huis-mahoniestraat-31/43316443/,Mahoniestraat,31.0,1339 CV,Almere,Regenboogbuurt Noord en Oost,375000.0,€ 4.688,Beschikbaar,"Eengezinswoning, tussenwoning",Bestaande bouw,1996,Gedeeltelijk gestoffeerd,Plat dak bedekt met bitumineuze dakbedekking,,80 m²,,17 m²,6 m²,138 m²,270 m³,4 kamers (3 slaapkamers),1 badkamer en 1 apart toilet,"Douche, toilet, en wastafelmeubel",2 woonlagen,Elektra,A,Geen isolatie,Cv-ketel,Cv-ketel,138 m²,Volle eigendom,"Aan rustige weg, in woonwijk en vrij uitzicht",Achtertuin en voortuin,"60 m² (12,00 meter diep en 5,00 meter breed)",Gelegen op het noordwesten bereikbaar via achterom,Vrijstaande houten berging,Openbaar parkeren,2.44,47%,€ 3.947,,"Combiketel uit 2016, eigendom",,,,,,,,,,,,,,,,,,,,350563.14207649213,False,24436.857923507865,24436.857923507865
https://www.funda.nl/detail/koop/almere/huis-douwe-dabbertstraat-16/89328014/,Douwe Dabbertstraat,16.0,1336 BM,Almere,Stripheldenbuurt Noordwest,995000.0,€ 4.628,Verkocht onder voorbehoud,"Villa, vrijstaande woning",Bestaande bouw,2017,,Schilddak bedekt met pannen,,215 m²,9 m²,,,390 m²,773 m³,6 kamers (4 slaapkamers),2 badkamers en 1 apart toilet,"2 dubbele wastafels, 2 inloopdouches, ligbad, en toilet",3 woonlagen,Elektra en verwarming,A,Volledig geïsoleerd,Cv-ketel en warmte terugwininstallatie,Cv-ketel,390 m²,Volle eigendom,"Aan rustige weg, aan vaarwater, in bosrijke omgeving, in woonwijk, open ligging en vrij uitzicht",Tuin rondom,,,Inpandig,Op eigen terrein en openbaar parkeren,1.0,43%,€ 4.323,,"Gas gestookt combiketel uit 2017, eigendom",,,,,Frans balkon aanwezig,,,,,,,,,,,,,,,1068624.80638373,True,-73624.80638372991,73624.80638372991
https://www.funda.nl/detail/koop/almere/huis-herenhuis-bouwnr-20/89286660/,Herenhuis (Bouwnr. 20),,1362 JG,Almere,Europakwartier Oost (brt),602500.0,€ 4.939,Onder optie,"Herenhuis, tussenwoning",Nieuwbouw,2025,,,,122 m²,,,6 m²,84 m²,317 m³,5 kamers (4 slaapkamers),,,3 woonlagen,,A+++,,,,84 m²,,,,,,,,2.27,44%,€ 4.829,,,,,,,,,,,,,,,,,,,,,,583346.1598281758,True,19153.84017182421,19153.84017182421
https://www.funda.nl/detail/koop/almere/huis-adrienne-solserstraat-12/89755713/,Adrienne Solserstraat,12.0,1325 NT,Almere,Filmwijk Midden,465000.0,€ 4.650,Verkocht onder voorbehoud,"Eengezinswoning, tussenwoning",Bestaande bouw,1995,,Zadeldak bedekt met pannen,,100 m²,,,21 m²,134 m²,377 m³,5 kamers (4 slaapkamers),1 badkamer en 1 apart toilet,"Douche, jacuzzi, ligbad, toilet, wastafel, en wastafelmeubel",2 woonlagen en een zolder met een vliering,Elektra,A+,HR-glas en vloerisolatie,Stadsverwarming,Stadsverwarming,134 m²,Volle eigendom,In woonwijk,Achtertuin en voortuin,"45 m² (9,00 meter diep en 5,00 meter breed)",Gelegen op het noordoosten bereikbaar via achterom,Vrijstaande houten berging,Openbaar parkeren,1.95,48%,€ 4.045,Energie Prestatie Advies,,,,,,,,,,,,,,,,,,,,,423813.28349863616,True,41186.716501363844,41186.716501363844
https://www.funda.nl/detail/koop/almere/huis-pauwlaan-17/89738600/,Pauwlaan,17.0,1343 CA,Almere,Vogelhorst Zuid,1330000.0,€ 5.833,Beschikbaar,"Eengezinswoning, vrijstaande woning",Bestaande bouw,2018,,Schilddak bedekt met pannen,,228 m²,17 m²,15 m²,47 m²,886 m²,959 m³,6 kamers (4 slaapkamers),1 badkamer en 1 apart toilet,"Dubbele wastafel, inloopdouche, ligbad, toilet, vloerverwarming, en wastafelmeubel",2 woonlagen en een vliering,Elektra,A,"Dakisolatie, dubbel glas, muurisolatie, vloerisolatie en volledig geïsoleerd","Cv-ketel, gedeeltelijke vloerverwarming en warmtepomp",Cv-ketel,886 m²,Volle eigendom,"Aan bosrand, aan park, aan rustige weg, in bosrijke omgeving, in woonwijk en vrij uitzicht","Achtertuin, tuin rondom, voortuin en zijtuin","447 m² (19,00 meter diep en 23,50 meter breed)",Gelegen op het zuidoosten bereikbaar via achterom,Vrijstaande houten berging,"Op afgesloten terrein, op eigen terrein en openbaar parkeren",1.06,44%,€ 5.650,,"Daikin (gas gestookt combiketel uit 2018, eigendom)",Vrijstaande stenen garage,1 auto,,,,,,,,,,,,,,,,,,1186417.9907352417,True,143582.00926475832,143582.00926475832
https://www.funda.nl/detail/koop/almere/huis-anjerstraat-10/89464906/,Anjerstraat,10.0,1338 TN,Almere,Bloemenbuurt Zuid,475000.0,€ 2.639,Beschikbaar,"Eengezinswoning, geschakelde woning",Bestaande bouw,1999,,Plat dak bedekt met bitumineuze dakbedekking,,180 m²,,20 m²,,171 m²,566 m³,6 kamers (3 slaapkamers),1 badkamer,"Douche, toilet, en wastafelmeubel",3 woonlagen,Glasvezelkabel en mechanische ventilatie,A,Volledig geïsoleerd,Cv-ketel,Cv-ketel,171 m²,Volle eigendom,,Achtertuin en voortuin,,,,Op eigen terrein en openbaar parkeren,1.31,47%,€ 3.520,,,"Niet aanwezig, wel mogelijk",,€ 495.000 kosten koper,,,,,,,,,,,,,,,,,626348.1997024834,True,-151348.19970248337,151348.19970248337
https://www.funda.nl/detail/koop/almere/huis-krachtveld-15/43376542/,Krachtveld,15.0,1359 KH,Almere,De Velden Zuid,745000.0,€ 5.034,Verkocht onder voorbehoud,"Eengezinswoning, 2-onder-1-kapwoning",Bestaande bouw,1999,,Zadeldak bedekt met pannen,,148 m²,17 m²,5 m²,,258 m²,513 m³,5 kamers (4 slaapkamers),1 badkamer en 2 aparte toiletten,Douche en wastafelmeubel,3 woonlagen,"Elektra, verwarming en stromend water",A,"Dakisolatie, dubbel glas, muurisolatie, vloerisolatie en volledig geïsoleerd",Cv-ketel,Cv-ketel,258 m²,Volle eigendom,Aan rustige weg en in woonwijk,Achtertuin en voortuin,"94 m² (11,00 meter diep en 8,50 meter breed)",Gelegen op het zuidoosten bereikbaar via achterom,,Op eigen terrein en openbaar parkeren,985.0,41%,€ 4.753,,"Combi (gas gestookt combiketel uit 2015, eigendom)",Inpandig en parkeerplaats,1 auto,,,,,,,,,,,,,,,,,,673753.2105770066,True,71246.78942299343,71246.78942299343
https://www.funda.nl/detail/koop/almere/huis-warehouse-bouwnr-bnr-2/43000805/,Warehouse - (Bouwnr. Bnr 2),,1362 KJ,Almere,Europakwartier Oost (brt),635000.0,€ 4.774,Onder optie,"Eengezinswoning, tussenwoning",Nieuwbouw,Na 2020,,,,133 m²,,,,101 m²,589 m³,1 kamer,,,1 woonlaag,Glasvezelkabel en zonnepanelen,A+++,Volledig geïsoleerd,Stadsverwarming en gehele vloerverwarming,Stadsverwarming,101 m²,,,,,,Vrijstaande houten berging,,2.27,44%,€ 4.829,SWK Garantiecertificaat,,,,,,,,,,,,,,,,,,,,,657265.6875363125,True,-22265.6875363125,22265.6875363125
https://www.funda.nl/detail/koop/almere/huis-kweekgrasstraat-32/89694489/,Kweekgrasstraat,32.0,1313 BX,Almere,Bedrijventerrein Frezersplaats,1500000.0,€ 6.696,Beschikbaar,"Eengezinswoning, vrijstaande woning",Bestaande bouw,,,Plat dak bedekt met bitumineuze dakbedekking,,224 m²,,22 m²,,1.525 m²,702 m³,7 kamers (4 slaapkamers),1 badkamer en 1 apart toilet,"Douche, jacuzzi, toilet, vloerverwarming, en wastafelmeubel",2 woonlagen en een zolder,"Airconditioning, alarminstallatie, buitenzonwering, glasvezelkabel, en mechanische ventilatie",A,,Gehele vloerverwarming,Stadsverwarming,1.525 m²,Volle eigendom,In woonwijk,Achtertuin en tuin rondom,,,,Op eigen terrein,110.0,30%,,,,,,,,,,,,,,,,,1991-2000,,,,,,1026065.6007282136,True,473934.39927178645,473934.39927178645
https://www.funda.nl/detail/koop/almere/huis-azaleastraat-4/43313833/,Azaleastraat,4.0,1338 ZW,Almere,Bloemenbuurt Oost,485000.0,€ 3.943,Beschikbaar,"Eengezinswoning, 2-onder-1-kapwoning",Bestaande bouw,1990,,Zadeldak bedekt met pannen,,123 m²,9 m²,2 m²,5 m²,194 m²,467 m³,5 kamers (4 slaapkamers),1 badkamer en 1 apart toilet,"Dubbele wastafel, ligbad, en wastafelmeubel",2 woonlagen en een vliering,"Airconditioning, buitenzonwering, dakraam, glasvezelkabel, mechanische ventilatie, rookkanaal, schuifpui, en TV kabel",C,"Dubbel glas, HR-glas en volledig geïsoleerd",Cv-ketel,Cv-ketel,194 m²,Volle eigendom,Aan rustige weg en in woonwijk,Achtertuin en voortuin,"64 m² (8,50 meter diep en 7,50 meter breed)",Gelegen op het zuidwesten bereikbaar via achterom,Vrijstaande houten berging,Openbaar parkeren,1.23,44%,€ 3.707,,"Vaillant VHR (gas gestookt combiketel uit 2018, eigendom)",,,,,,,,,,,,,,,,,,,,541448.2519866347,True,-56448.251986634685,56448.251986634685
https://www.funda.nl/detail/koop/almere/huis-tussenwoning-type-b-bouwnr-12/43369202/,Tussenwoning Type B (Bouwnr. 12),,1325 VW,Almere,Laterna Magikapark,680000.0,€ 5.075,Beschikbaar,"Eengezinswoning, tussenwoning",Nieuwbouw,Na 2020,,,,134 m²,,,,180 m²,350 m³,5 kamers (4 slaapkamers),1 badkamer en 2 aparte toiletten,Inloopdouche,3 woonlagen,,A+++,,,,180 m²,,Aan park,,,,Vrijstaande houten berging,,20.0,,,,,,,,,,,,,,,,,,,,,,,,646212.1965524415,True,33787.803447558545,33787.803447558545
https://www.funda.nl/detail/koop/almere/huis-dettifossstraat-162/43129254/,Dettifossstraat,162.0,1363 BX,Almere,Columbuskwartier Zuid,995000.0,€ 4.761,Beschikbaar,"Villa, geschakelde woning",Bestaande bouw,2018,,Plat dak,,209 m²,7 m²,124 m²,,205 m²,784 m³,6 kamers (5 slaapkamers),3 badkamers en 2 aparte toiletten,"Douche, toilet, 2 inloopdouches, en 2 wastafelmeubels",2 woonlagen,Mechanische ventilatie en zonnepanelen,A,"Dakisolatie, driedubbel glas, dubbel glas, eco-bouw, gedeeltelijk dubbel glas, geen spouw, grotendeels dubbelglas, HR-glas, kierdichting, muurisolatie, vloerisolatie, volledig geïsoleerd en voorzetramen",Stadsverwarming,Stadsverwarming,205 m²,Volle eigendom,"Aan park, aan rustige weg, in woonwijk en vrij uitzicht","Patio/atrium, voortuin en zijtuin",,Gelegen op het zuidwesten,,Op eigen terrein en openbaar parkeren,1.375,44%,€ 5.593,,,,,,,Dakterras aanwezig,,,,,"49 m² (0,07 meter diep en 0,07 meter breed)",,,,,,,,,,853268.204299996,True,141731.79570000398,141731.79570000398
https://www.funda.nl/detail/koop/almere/huis-carel-willinklaan-56/43189133/,Carel Willinklaan,56.0,1328 GB,Almere,Tussen de Vaarten Z.- Noordoost,580000.0,€ 3.580,Beschikbaar,"Herenhuis, hoekwoning",Bestaande bouw,2001,,,,162 m²,16 m²,,,297 m²,572 m³,5 kamers (3 slaapkamers),1 badkamer en 1 apart toilet,Douche en toilet,3 woonlagen,"Mechanische ventilatie, TV kabel, en zonnepanelen",A,"Dubbel glas, HR-glas en volledig geïsoleerd",Stadsverwarming,,297 m²,Volle eigendom,"Aan park, in woonwijk en vrij uitzicht","Achtertuin, voortuin en zijtuin",,Gelegen op het zuidwesten,,Op eigen terrein,2.16,50%,€ 3.809,,,Inpandig en parkeerplaats,1 auto,,,,"275 m² (25,00 meter diep en 11,00 meter breed)",,,,,,,,,,,,,,609271.6846888169,True,-29271.684688816895,29271.684688816895
https://www.funda.nl/detail/koop/almere/huis-fazantlaan-5/89662289/,Fazantlaan,5.0,1343 AB,Almere,Vogelhorst Noord,935000.0,€ 5.772,Verkocht onder voorbehoud,"Villa, vrijstaande woning",Bestaande bouw,1991,,Schilddak bedekt met pannen,,162 m²,4 m²,47 m²,10 m²,1.026 m²,649 m³,5 kamers (4 slaapkamers),2 badkamers en 2 aparte toiletten,"Douche, 2 inloopdouches, 2 wastafelmeubels, dubbele wastafel, ligbad, stoomcabine, en whirlpool",2 woonlagen en een zolder,Elektra,B,Volledig geïsoleerd,Cv-ketel,Cv-ketel,307 m²,Volle eigendom,"Aan rustige weg, beschutte ligging, in bosrijke omgeving en in woonwijk","Achtertuin, tuin rondom, voortuin en zijtuin","672 m² (24,00 meter diep en 28,00 meter breed)",Gelegen op het zuiden bereikbaar via achterom,Vrijstaande houten berging,Op eigen terrein,565.0,29%,€ 5.158,,"INTERGAS kompakt (gas gestookt combiketel uit 2016, eigendom)","Niet aanwezig, wel mogelijk",,,,Balkon aanwezig,,,,,,,,,,,,,,,874556.5364889401,True,60443.463511059876,60443.463511059876
https://www.funda.nl/detail/koop/almere/huis-grondzeilerplantsoen-69/89779250/,Grondzeilerplantsoen,69.0,1333 BT,Almere,Molenbuurt West,400000.0,€ 4.396,Beschikbaar,"Eengezinswoning, tussenwoning",Bestaande bouw,1986,,Plat dak bedekt met bitumineuze dakbedekking,,91 m²,,,7 m²,114 m²,295 m³,5 kamers (3 slaapkamers),1 badkamer en 1 apart toilet,"Douche, inloopdouche, toilet, en wastafelmeubel",2 woonlagen,Elektra,A,Volledig geïsoleerd,Cv-ketel,Cv-ketel,114 m²,Volle eigendom,"Aan rustige weg, beschutte ligging en in woonwijk",Achtertuin,"52 m² (10,00 meter diep en 5,15 meter breed)",Gelegen op het zuiden bereikbaar via achterom,Vrijstaande houten berging,Openbaar parkeren,1.775,52%,,,"Remeha Tzerra (gas gestookt combiketel, eigendom)",,,,,,,,,,,,,,,,,,,,378551.2915150962,True,21448.708484903793,21448.708484903793
https://www.funda.nl/detail/koop/almere/huis-a1-bouwnr-7/43809458/,A1 (Bouwnr. 7),,1362 LC,Almere,Olympiakwartier Oost (brt),522660.0,€ 4.667,Verkocht onder voorbehoud,"Eengezinswoning, tussenwoning",Nieuwbouw,2025,,,,112 m²,,,,90 m²,404 m³,5 kamers (4 slaapkamers),,,3 woonlagen,,A++,,,,90 m²,,In woonwijk,,,,Vrijstaande houten berging,,125.0,,,,,,,,,,,,,,,,,,,,,,,,532242.0756886163,True,-9582.075688616256,9582.075688616256
https://www.funda.nl/detail/koop/almere/huis-maurice-chevalierstraat-15/43207286/,Maurice Chevalierstraat,15.0,1311 HA,Almere,Muziekwijk N.-Zuidwest,519000.0,€ 4.254,Verkocht onder voorbehoud,"Eengezinswoning, geschakelde woning",Bestaande bouw,1992,,Lessenaardak bedekt met pannen,,122 m²,16 m²,,,315 m²,520 m³,3 kamers (2 slaapkamers),,,2 woonlagen,Elektra,Niet beschikbaar,"Dakisolatie, dubbel glas en muurisolatie",Stadsverwarming,Stadsverwarming,315 m²,Volle eigendom,,Achtertuin en voortuin,"121 m² (11,00 meter diep en 11,00 meter breed)",Gelegen op het zuiden,Vrijstaande houten berging,Op eigen terrein en openbaar parkeren,1.315,46%,€ 4.042,,,Aangebouwde stenen garage,1 auto,,,,,,,,,,,,,,,,,,526125.5686407001,True,-7125.568640700076,7125.568640700076
https://www.funda.nl/detail/koop/almere/huis-volkerakpad-6/89604665/,Volkerakpad,6.0,1316 LT,Almere,Waterwijk Midden,425000.0,€ 3.899,Onder bod,"Eengezinswoning, tussenwoning",Bestaande bouw,1984,,,,109 m²,,,8 m²,122 m²,365 m³,4 kamers (3 slaapkamers),1 badkamer en 1 apart toilet,"Inloopdouche, toilet, vloerverwarming, en wastafelmeubel",3 woonlagen,Elektra,A++,,Heteluchtverwarming en stadsverwarming,Stadsverwarming,122 m²,Volle eigendom,In woonwijk,Achtertuin,"56 m² (10,70 meter diep en 5,20 meter breed)",Gelegen op het westen bereikbaar via achterom,Vrijstaande houten berging,Openbaar parkeren,1.75,39%,€ 4.036,,,,,,,,,,,,,,,,,,,,,,424544.154415266,True,455.84558473399375,455.84558473399375
https://www.funda.nl/detail/koop/almere/huis-herman-kruyderstraat-61/43173007/,Herman Kruyderstraat,61.0,1328 EB,Almere,Tussen de Vaarten Z.- Noordoost,500000.0,€ 4.274,Verkocht onder voorbehoud,"Eengezinswoning, hoekwoning",Bestaande bouw,2001,,Lessenaardak bedekt met pannen,,117 m²,8 m²,2 m²,,140 m²,440 m³,3 kamers (2 slaapkamers),1 badkamer en 1 apart toilet,Douche en dubbele wastafel,2 woonlagen,Elektra,A,"Dakisolatie, dubbel glas, muurisolatie en vloerisolatie",Stadsverwarming en gedeeltelijke vloerverwarming,Stadsverwarming,140 m²,Volle eigendom,In woonwijk,Patio/atrium,,Gelegen op het westen,Aangebouwde stenen berging,Openbaar parkeren,2.16,50%,€ 3.809,,,,,,Toegankelijk voor mensen met een beperking en toegankelijk voor ouderen,,,"31 m² (4,88 meter diep en 6,25 meter breed)",,,,,,,,,,,,,470726.36214051076,True,29273.637859489245,29273.637859489245
https://www.funda.nl/detail/koop/almere/huis-rijwoning-bouwnr-5/89970590/,Rijwoning (Bouwnr. 5),,1362 JG,Almere,Europakwartier Oost (brt),605000.0,€ 4.291,Verkocht onder voorbehoud,"Eengezinswoning, tussenwoning",Nieuwbouw,2024,,,,141 m²,,,,,533 m³,6 kamers (5 slaapkamers),,,3 woonlagen,,Niet beschikbaar,,,,,,,Achtertuin en voortuin,,,,,2.27,44%,€ 4.829,,,,,,,,,,,,,,,,,,,,,,645833.3715842508,True,-40833.371584250825,40833.371584250825
https://www.funda.nl/detail/koop/almere/huis-lahemaalaan-127/89660755/,Lahemaalaan,127.0,1362 JT,Almere,Europakwartier Oost (brt),678852.0,€ 4.380,Beschikbaar,"Eengezinswoning, tussenwoning",Nieuwbouw,Na 2020,,Plat dak,,155 m²,,5 m²,,,403 m³,5 kamers (3 slaapkamers),,,3 woonlagen,"Balansventilatie, mechanische ventilatie, en zonnepanelen",A+++,,Gehele vloerverwarming,Stadsverwarming,,,Aan rustige weg en in woonwijk,Achtertuin,,,,Openbaar parkeren,2.27,44%,€ 4.829,Woningborg Garantiecertificaat,,,,,,,,,,,,,,,,,,,,,709817.8918153167,True,-30965.891815316747,30965.891815316747
https://www.funda.nl/detail/koop/almere/huis-ecrustraat-27/43322583/,Ecrustraat,27.0,1339 AV,Almere,Regenboogbuurt Noord en Oost,350000.0,€ 3.977,Beschikbaar,"Eengezinswoning, tussenwoning",Bestaande bouw,1996,Kluswoning,Plat dak bedekt met bitumineuze dakbedekking,,88 m²,,,7 m²,144 m²,311 m³,4 kamers (3 slaapkamers),1 badkamer en 1 apart toilet,"Douche, ligbad, toilet, wastafel, en wastafelmeubel",2 woonlagen,Elektra,A,Geen isolatie,Cv-ketel,Cv-ketel,144 m²,Volle eigendom,In woonwijk,Achtertuin en voortuin,"83 m² (16,40 meter diep en 5,05 meter breed)",Gelegen op het noordoosten bereikbaar via achterom,Vrijstaande houten berging,Openbaar parkeren,2.44,47%,€ 3.947,Energie Prestatie Advies,"Intergas (gas gestookt uit 2014, eigendom)",,,,,,,,,,,,,,,,,,,,385658.8182210127,False,-35658.81822101271,35658.81822101271
https://www.funda.nl/detail/koop/almere/huis-oeverwalhof-54/43392529/,Oeverwalhof,54.0,1349 JE,Almere,Oosterwold Zuid,575000.0,€ 7.012,Verkocht onder voorbehoud,"Bungalow, tussenwoning",Bestaande bouw,2022,,Samengesteld dak bedekt met overig,,82 m²,,,,,340 m³,3 kamers (2 slaapkamers),1 badkamer en 1 apart toilet,"Dubbele wastafel, inloopdouche, vloerverwarming, en wastafelmeubel",1 woonlaag,"Glasvezelkabel, mechanische ventilatie, schuifpui, en zonnepanelen",A++++,Volledig geïsoleerd,Gehele vloerverwarming en warmtepomp,Elektrische boiler,,Volle eigendom,"Aan rustige weg, in woonwijk en open ligging",Tuin rondom,,,,Op eigen terrein,3.53,40%,€ 5.670,,,,,,Toegankelijk voor mensen met een beperking en toegankelijk voor ouderen,,,,,,,,,,,,,,,,524982.7800228077,False,50017.21997719235,50017.21997719235
https://www.funda.nl/detail/koop/almere/huis-picassoweg-20/89766568/,Picassoweg,20.0,1328 KN,Almere,Tussen de Vaarten Z.- Midden west,615000.0,€ 3.820,Onder bod,"Eengezinswoning, eindwoning",Bestaande bouw,2005,,Plat dak bedekt met bitumineuze dakbedekking,,161 m²,21 m²,,,246 m²,686 m³,5 kamers (3 slaapkamers),1 badkamer en 1 apart toilet,"Dubbele wastafel, inloopdouche, ligbad, en toilet",2 woonlagen,Elektra,A,Volledig geïsoleerd,Stadsverwarming,Stadsverwarming,246 m²,Volle eigendom,Aan rustige weg en in woonwijk,Achtertuin en voortuin,"66 m² (6,00 meter diep en 11,00 meter breed)",Gelegen op het zuidwesten,,Op eigen terrein,1.715,48%,€ 3.637,,,Aangebouwde stenen garage,1 auto,,,,,,,,,,,,,,,,,,620906.3195819617,True,-5906.319581961725,5906.319581961725
https://www.funda.nl/detail/koop/almere/huis-ja-brinkmanstraat-83/43241476/,J.A. Brinkmanstraat,83.0,1333 MC,Almere,Bouwmeesterbuurt Noord,435000.0,€ 3.919,Verkocht onder voorbehoud,"Eengezinswoning, tussenwoning",Bestaande bouw,1988,Gedeeltelijk gestoffeerd,Zadeldak bedekt met pannen,,111 m²,,1 m²,7 m²,158 m²,391 m³,6 kamers (4 slaapkamers),1 badkamer en 1 apart toilet,"Douche, toilet, en wastafelmeubel",3 woonlagen,"Dakraam, mechanische ventilatie, natuurlijke ventilatie, schuifpui, en TV kabel",A,"Dakisolatie, dubbel glas, HR-glas, muurisolatie, vloerisolatie en volledig geïsoleerd",Cv-ketel en gedeeltelijke vloerverwarming,Cv-ketel,158 m²,Volle eigendom,Aan rustige weg en in woonwijk,Achtertuin en voortuin,"84 m² (15,00 meter diep en 5,60 meter breed)",Gelegen op het zuiden bereikbaar via achterom,,Openbaar parkeren,1.825,42%,€ 3.823,Energie Prestatie Advies,"HR-107 (gas gestookt, eigendom)",,,,,,,,,,,,,,,,,,,,438197.70285386423,True,-3197.7028538642335,3197.7028538642335
https://www.funda.nl/detail/koop/almere/huis-louis-de-funesstraat-25/43309253/,Louis de Funèsstraat,25.0,1325 GA,Almere,Filmwijk Bouwrai Noord,475000.0,€ 4.279,Onder bod,"Eengezinswoning, tussenwoning",Bestaande bouw,1993,,Zadeldak bedekt met pannen,,111 m²,,,5 m²,128 m²,385 m³,5 kamers (4 slaapkamers),1 badkamer en 1 apart toilet,"Douche, toilet, wastafel, en wastafelmeubel",3 woonlagen,"Dakraam, mechanische ventilatie, en zonnepanelen",A,,Stadsverwarming en gedeeltelijke vloerverwarming,Stadsverwarming,128 m²,Volle eigendom,Aan rustige weg en in woonwijk,Achtertuin en voortuin,"58 m² (11,50 meter diep en 5,00 meter breed)",Gelegen op het oosten bereikbaar via achterom,Vrijstaande houten berging,Betaald parkeren en openbaar parkeren,1.37,40%,€ 4.562,,,,,,,,,,,,,,,,,,,,,,440354.07121590036,True,34645.92878409964,34645.92878409964
https://www.funda.nl/detail/koop/almere/huis-jarenweg-3/43380423/,Jarenweg,3.0,1335 CD,Almere,Seizoenenbuurt Oost,500000.0,€ 3.937,Beschikbaar,"Eengezinswoning, tussenwoning",Bestaande bouw,1997,Gedeeltelijk gestoffeerd,Zadeldak,,127 m²,,11 m²,8 m²,183 m²,449 m³,5 kamers (4 slaapkamers),1 badkamer en 1 apart toilet,"Douche, ligbad, toilet, wastafel, en wastafelmeubel",3 woonlagen,Elektra,A,"Dakisolatie, dubbel glas en vloerisolatie",Cv-ketel,Cv-ketel,183 m²,Volle eigendom,In woonwijk,Achtertuin en voortuin,"75 m² (10,00 meter diep en 7,49 meter breed)",Gelegen op het zuidoosten bereikbaar via achterom,Vrijstaande stenen berging,Op eigen terrein en openbaar parkeren,1.63,43%,€ 4.194,,"HR-107 ketel (gas gestookt uit 2020, eigendom)",,,,,,,,,,,,,,,,,,,,498225.10276130994,False,1774.8972386900568,1774.8972386900568
https://www.funda.nl/detail/koop/almere/huis-nat-king-colestraat-23/89779725/,Nat King Colestraat,23.0,1311 PA,Almere,Muziekwijk N.-Zuidoost,485000.0,€ 3.880,Onder bod,"Eengezinswoning, tussenwoning",Bestaande bouw,1992,,Zadeldak bedekt met pannen,,125 m²,,,6 m²,135 m²,415 m³,5 kamers (4 slaapkamers),1 badkamer en 1 apart toilet,"Sauna, douche, dubbele wastafel, toilet, vloerverwarming, wastafelmeubel, en whirlpool",3 woonlagen,Elektra,A+,"Dakisolatie, dubbel glas, HR-glas, muurisolatie, vloerisolatie en volledig geïsoleerd",Stadsverwarming en gedeeltelijke vloerverwarming,Stadsverwarming,135 m²,Volle eigendom,In woonwijk,Achtertuin en voortuin,"53 m² (10,50 meter diep en 5,00 meter breed)",Gelegen op het zuidoosten bereikbaar via achterom,Aangebouwde stenen berging,Openbaar parkeren,1.915,34%,€ 4.472,,,,,,,,,,,,,,,,,,,,,,491345.2420053966,True,-6345.242005396576,6345.242005396576
https://www.funda.nl/detail/koop/almere/huis-kornetstraat-56/43393233/,Kornetstraat,56.0,1312 XG,Almere,Muziekwijk N.-Noordwest,540000.0,€ 3.418,Beschikbaar,"Eengezinswoning, hoekwoning",Bestaande bouw,1992,,Zadeldak bedekt met pannen,,158 m²,,9 m²,,246 m²,519 m³,6 kamers (4 slaapkamers),1 badkamer en 2 aparte toiletten,Douche en wastafel,4 woonlagen,Elektra en verwarming,A,Dakisolatie en vloerisolatie,Stadsverwarming,Stadsverwarming,246 m²,Eigendom belast met opstal,In woonwijk,"Achtertuin, voortuin en zijtuin","106 m² (10,00 meter diep en 10,00 meter breed)",Gelegen op het noordoosten bereikbaar via achterom,Aangebouwde stenen berging,Op eigen terrein en openbaar parkeren,1.185,46%,€ 3.799,,,,,,,Balkon aanwezig,,,,,,,,,,,,,,,622341.7398981559,False,-82341.73989815591,82341.73989815591
https://www.funda.nl/detail/koop/almere/huis-nobellaan-20/43318398/,Nobellaan,20.0,1341 BJ,Almere,Nobelhorst West,545000.0,€ 4.467,Beschikbaar,"Eengezinswoning, hoekwoning",Bestaande bouw,2016,,Zadeldak bedekt met pannen,,122 m²,,,6 m²,118 m²,419 m³,5 kamers (3 slaapkamers),1 badkamer en 1 apart toilet,"Inloopdouche, toilet, en wastafelmeubel",3 woonlagen,Elektra,A,Volledig geïsoleerd,Cv-ketel,Cv-ketel,118 m²,Volle eigendom,In woonwijk,Achtertuin en voortuin,"44 m² (8,00 meter diep en 5,50 meter breed)",Gelegen op het zuidoosten bereikbaar via achterom,Vrijstaande houten berging,Openbaar parkeren,2.425,65%,€ 4.472,,"Intergas (gas gestookt combiketel uit 2016, eigendom)",,,,,,,,,,,,,,,,,,,,535107.4604962498,True,9892.539503750158,9892.539503750158
https://www.funda.nl/detail/koop/almere/huis-generaal-overakkerstraat-18/43374744/,Generaal Overakkerstraat,18.0,1318 CM,Almere,Verzetswijk Oost,525000.0,€ 4.375,Beschikbaar,"Eengezinswoning, tussenwoning",Bestaande bouw,1995,,Zadeldak bedekt met pannen,,120 m²,,,9 m²,149 m²,448 m³,5 kamers (4 slaapkamers),1 badkamer en 1 apart toilet,"Douche, toilet, en wastafelmeubel",3 woonlagen,Elektra,A,Geen isolatie,Stadsverwarming,Stadsverwarming,149 m²,Volle eigendom,Aan rustige weg en in woonwijk,Achtertuin en voortuin,"72 m² (14,30 meter diep en 5,00 meter breed)",Gelegen op het zuidoosten bereikbaar via achterom,Vrijstaande houten berging,Openbaar parkeren,2.06,42%,€ 3.893,,,,,,,,,,,,,,,,,,,,,,471576.7815565837,True,53423.21844341629,53423.21844341629
https://www.funda.nl/detail/koop/almere/huis-4-laagse-tussenwoning-bouwnr-19/43225047/,4-Laagse tussenwoning (Bouwnr. 19),,1362 LK,Almere,Olympiakwartier Oost (brt),595000.0,€ 4.648,Verkocht onder voorbehoud,"Eengezinswoning, tussenwoning",Nieuwbouw,Na 2020,,Plat dak,,128 m²,,,,,468 m³,6 kamers (4 slaapkamers),1 badkamer en 1 apart toilet,"Douche, toilet, en wastafel",4 woonlagen,Elektra,A++,Geen isolatie,Stadsverwarming,Stadsverwarming,,,In woonwijk,Achtertuin,,,Vrijstaande houten berging,Openbaar parkeren,125.0,,,Woningborg Garantiecertificaat,,,,,,,,,,,,,,,,,,,,,582538.1337148505,True,12461.866285149474,12461.866285149474
https://www.funda.nl/detail/koop/almere/huis-roer-72/89714728/,Roer,72.0,1319 CM,Almere,Noorderplassen W.-Zuid,395000.0,€ 5.000,Onder bod,"Eengezinswoning, eindwoning",Bestaande bouw,2008,Gestoffeerd,Samengesteld dak bedekt met bitumineuze dakbedekking en pannen,,79 m²,,,22 m²,,316 m³,3 kamers (2 slaapkamers),1 badkamer en 1 apart toilet,"Inloopdouche, toilet, wastafel, en wastafelmeubel",3 woonlagen,Elektra,A,Volledig geïsoleerd,Stadsverwarming,Stadsverwarming,,Volle eigendom,"Aan rustige weg, in woonwijk en vrij uitzicht",Achtertuin en voortuin,"100 m² (10,00 meter diep en 10,00 meter breed)",Gelegen op het zuiden bereikbaar via achterom,Vrijstaande houten berging,Openbaar parkeren,2.185,51%,€ 3.998,,,,,,,,,,,,,,,,,,,,,,404407.8449574174,True,-9407.844957417401,9407.844957417401
https://www.funda.nl/detail/koop/almere/huis-hoekwoning-type-c-bouwnr-8/43369213/,Hoekwoning Type C (Bouwnr. 8),,1325 VW,Almere,Laterna Magikapark,699000.0,€ 5.216,Beschikbaar,"Eengezinswoning, hoekwoning",Nieuwbouw,Na 2020,,,,134 m²,,,,209 m²,350 m³,5 kamers (4 slaapkamers),1 badkamer en 2 aparte toiletten,Inloopdouche,3 woonlagen,,A++,,,,209 m²,,Aan park,,,,Vrijstaande houten berging,,20.0,,,,,,,,,,,,,,,,,,,,,,,,653603.4211823189,True,45396.57881768106,45396.57881768106
https://www.funda.nl/detail/koop/almere/huis-stormzeil-81/43377941/,Stormzeil,81.0,1319 EE,Almere,Noorderplassen W.-West,600000.0,€ 4.918,Verkocht onder voorbehoud,"Eengezinswoning, tussenwoning",Bestaande bouw,2019,Gedeeltelijk gestoffeerd,Lessenaardak bedekt met pannen,,122 m²,,,5 m²,125 m²,446 m³,5 kamers (4 slaapkamers),1 badkamer en 1 apart toilet,"Douche, toilet, wastafel, en wastafelmeubel",3 woonlagen,Elektra,A+++,Volledig geïsoleerd,Stadsverwarming,Stadsverwarming,125 m²,Volle eigendom,"Aan park, in woonwijk, open ligging en vrij uitzicht",Achtertuin en voortuin,"55 m² (10,14 meter diep en 5,40 meter breed)",Gelegen op het oosten,Vrijstaande houten berging,Openbaar parkeren,1.62,71%,€ 4.496,,,,,,,,,,,,,,,,,,,,,,578611.7647385055,True,21388.235261494527,21388.235261494527
https://www.funda.nl/detail/koop/almere/huis-agatha-christiestraat-16/43329610/,Agatha Christiestraat,16.0,1349 NH,Almere,Oosterwold Zuid,730000.0,€ 7.935,Beschikbaar,"Bungalow, vrijstaande woning",Bestaande bouw,Na 2020,,Plat dak,,92 m²,,,4 m²,700 m²,276 m³,4 kamers (3 slaapkamers),1 badkamer en 1 apart toilet,Douche en wastafel,1 woonlaag,,A++++,Volledig geïsoleerd,,,700 m²,Volle eigendom,"Aan park, in woonwijk en vrij uitzicht",Tuin rondom,,,Vrijstaande houten berging,Op eigen terrein,3.53,40%,€ 5.670,Woningborg Garantiecertificaat,,,,,,,,,€ 70 per maand,,,,,,,,,,,,696886.1784185383,True,33113.8215814617,33113.8215814617
https://www.funda.nl/detail/koop/almere/huis-linnaeusweg-12/42726277/,Linnaeusweg,12.0,1331 AC,Almere,Buitenvaart (brt),,,Beschikbaar,"Eengezinswoning, geschakelde woning",Bestaande bouw,,,,,105 m²,,,307 m²,14.508 m²,567 m³,4 kamers (3 slaapkamers),,,2 woonlagen,,Niet beschikbaar,,,,614 m²,,,"Achtertuin, voortuin en zijtuin",,,,,205.0,41%,,,,,,,,,,,,,,,,,1991-2000,,,,,,,False,,
https://www.funda.nl/detail/koop/almere/huis-mallorcastraat-46/89787691/,Mallorcastraat,46.0,1339 XG,Almere,Eilandenbuurt West,415000.0,€ 4.192,Beschikbaar,"Eengezinswoning, tussenwoning",Bestaande bouw,2002,,Plat dak bedekt met bitumineuze dakbedekking,,99 m²,,,7 m²,140 m²,231 m³,5 kamers (3 slaapkamers),1 badkamer en 1 apart toilet,"Douche, toilet, en wastafel",2 woonlagen,Elektra,A,Volledig geïsoleerd,Cv-ketel,Cv-ketel,140 m²,Volle eigendom,Aan rustige weg en in woonwijk,Achtertuin en voortuin,"55 m² (11,00 meter diep en 5,00 meter breed)",Gelegen op het westen bereikbaar via achterom,Vrijstaande houten berging,Openbaar parkeren,1.78,56%,€ 3.864,,"Remeha Tzerra (gas gestookt combiketel uit 2016, eigendom)",,,,,,,,,,,,,,,,,,,,393220.77228951047,True,21779.227710489533,21779.227710489533
https://www.funda.nl/detail/koop/almere/huis-wm-dudokstraat-12/43356069/,W.M. Dudokstraat,12.0,1333 LR,Almere,Bedrijventerrein Bouwmeesterbuurt,650000.0,€ 3.631,Beschikbaar,"Herenhuis, geschakelde 2-onder-1-kapwoning",Bestaande bouw,2007,Dubbele bewoning mogelijk en gedeeltelijk gestoffeerd,Samengesteld dak bedekt met bitumineuze dakbedekking en pannen,,179 m²,,,9 m²,462 m²,564 m³,5 kamers (3 slaapkamers),1 apart toilet,,2 woonlagen,"Glasvezelkabel, mechanische ventilatie, schuifpui, en TV kabel",A,Geen isolatie,Cv-ketel en gedeeltelijke vloerverwarming,Cv-ketel,462 m²,Volle eigendom,In woonwijk en vrij uitzicht,Achtertuin en voortuin,"180 m² (15,00 meter diep en 12,00 meter breed)",Gelegen op het noordoosten,Vrijstaande houten berging,Op eigen terrein en openbaar parkeren,50.0,25%,,,"Intergas (gas gestookt uit 2013, eigendom)",Parkeerplaats,,,,,,,,,,,,,,,,,,,778080.867271746,True,-128080.86727174604,128080.86727174604
https://www.funda.nl/detail/koop/almere/huis-holbeinstraat-7/43382293/,Holbeinstraat,7.0,1328 TR,Almere,Tussen de Vaarten Z.- Zuidoost,385000.0,€ 4.936,Verkocht onder voorbehoud,"Eengezinswoning, tussenwoning",Bestaande bouw,2003,,Plat dak bedekt met bitumineuze dakbedekking,,78 m²,,,7 m²,137 m²,275 m³,4 kamers (3 slaapkamers),1 badkamer en 1 apart toilet,"Douche, toilet, en wastafelmeubel",2 woonlagen,Elektra,A,HR-glas en volledig geïsoleerd,Stadsverwarming,Stadsverwarming,137 m²,Volle eigendom,Aan rustige weg en in woonwijk,Achtertuin en voortuin,"60 m² (12,00 meter diep en 5,00 meter breed)",Gelegen op het noordoosten bereikbaar via achterom,Vrijstaande houten berging,Openbaar parkeren,1.495,42%,€ 4.229,,,,,,,,,,,,,,,,,,,,,,343333.39715626376,True,41666.60284373624,41666.60284373624
https://www.funda.nl/detail/koop/almere/huis-muiderzandweg/89714460/,Muiderzandweg,,1361 BJ,Almere,Duin Zuid,960000.0,€ 5.363,Beschikbaar,"Eengezinswoning, 2-onder-1-kapwoning",Nieuwbouw,Na 2020,,,,179 m²,,37 m²,5 m²,,465 m³,5 kamers (4 slaapkamers),1 badkamer,"Douche, toilet, en wastafel",3 woonlagen,,A++,,,,,,,Achtertuin,,,Aangebouwde houten berging,Op eigen terrein,2.055,30%,€ 5.624,,,,,,,,,,,,,,,,,,,,,,922271.04046152,True,37728.959538480034,37728.959538480034
https://www.funda.nl/detail/koop/almere/huis-hennahof-38/43150534/,Hennahof,38.0,1339 EC,Almere,Regenboogbuurt West,475000.0,€ 3.711,Beschikbaar,"Eengezinswoning, hoekwoning",Bestaande bouw,1996,,,,128 m²,,35 m²,,65 m²,459 m³,6 kamers (3 slaapkamers),1 badkamer en 1 apart toilet,"Douche, ligbad, toilet, en wastafelmeubel",4 woonlagen,Elektra,A,"Dubbel glas, muurisolatie en vloerisolatie",Cv-ketel,Cv-ketel,65 m²,Volle eigendom,In woonwijk en vrij uitzicht,Achtertuin,"18 m² (3,65 meter diep en 5,00 meter breed)",Gelegen op het zuiden,Inpandig,,1.81,46%,€ 3.710,,"Gas gestookt uit 2022, eigendom",,,,,Dakterras aanwezig,,,,,,,,,,,,,,,477078.5747044588,True,-2078.5747044588206,2078.5747044588206
https://www.funda.nl/detail/koop/almere/huis-erik-de-rodestraat-35/43315015/,Erik de Rodestraat,35.0,1363 LH,Almere,Columbuskwartier Noord,719000.0,€ 5.406,Onder bod,"Eengezinswoning, geschakelde woning",Bestaande bouw,2023,,Plat dak,,133 m²,,9 m²,6 m²,213 m²,548 m³,4 kamers (3 slaapkamers),1 badkamer en 2 aparte toiletten,"Dubbele wastafel, inloopdouche, ligbad, vloerverwarming, en wastafelmeubel",2 woonlagen,Elektra,A,Volledig geïsoleerd,Stadsverwarming en gehele vloerverwarming,Stadsverwarming,213 m²,Volle eigendom,Aan rustige weg en in woonwijk,Achtertuin en voortuin,"105 m² (14,00 meter diep en 7,50 meter breed)",Gelegen op het noordwesten bereikbaar via achterom,Vrijstaande houten berging,Op eigen terrein en openbaar parkeren,2.055,46%,€ 5.351,Energie Prestatie Advies,,,,,,,,,,,,,,,,,,,,,634861.1402176712,True,84138.85978232883,84138.85978232883
https://www.funda.nl/detail/koop/almere/huis-freyjaplantsoen-122/89640068/,Freyjaplantsoen,122.0,1363 WB,Almere,Homeruskwartier Zuid,550000.0,€ 4.297,Verkocht onder voorbehoud,"Eengezinswoning, tussenwoning",Bestaande bouw,2010,Gestoffeerd,Zadeldak bedekt met pannen,,128 m²,,,6 m²,147 m²,460 m³,6 kamers (5 slaapkamers),1 badkamer en 1 apart toilet,"Douche, toilet, wastafel, en zitbad",3 woonlagen,Elektra,A++,Volledig geïsoleerd,Stadsverwarming,Stadsverwarming,147 m²,Volle eigendom,In woonwijk en vrij uitzicht,Achtertuin en voortuin,"91 m² (16,90 meter diep en 5,40 meter breed)",Gelegen op het westen bereikbaar via achterom,Vrijstaande houten berging,Op eigen terrein en openbaar parkeren,2.42,45%,€ 4.952,,,,,,,,,,,,,,,,,,,,,,547325.9105610565,True,2674.0894389435416,2674.0894389435416
https://www.funda.nl/detail/koop/almere/huis-tussenwoning-bouwnr-2/89569054/,Tussenwoning (Bouwnr. 2),,1361 BS,Almere,Duin Zuid,795000.0,€ 5.000,Beschikbaar,"Eengezinswoning, tussenwoning",Nieuwbouw,2026,,,,159 m²,,24 m²,5 m²,130 m²,413 m³,5 kamers (4 slaapkamers),1 badkamer en 1 apart toilet,,4 woonlagen,Balansventilatie en zonnepanelen,A++,,Stadsverwarming,,130 m²,,Aan bosrand,,,,Aangebouwde houten berging,Op eigen terrein,2.055,30%,€ 5.624,Woningborg Garantiecertificaat,,,,,,,,,,,,,,,,,,,,,802501.5948168697,True,-7501.594816869707,7501.594816869707
https://www.funda.nl/detail/koop/almere/huis-anna-freudstraat-35/89777900/,Anna Freudstraat,35.0,1349 MH,Almere,Oosterwold Noord,419500.0,€ 4.822,Beschikbaar,"Eengezinswoning, eindwoning",Bestaande bouw,2025,,Plat dak bedekt met bitumineuze dakbedekking,,87 m²,5 m²,,5 m²,146 m²,307 m³,5 kamers (3 slaapkamers),1 badkamer en 1 apart toilet,Vloerverwarming,2 woonlagen,Elektra,A++++,Dakisolatie,Gehele vloerverwarming en warmtepomp,,146 m²,Volle eigendom,In woonwijk,Achtertuin en voortuin,"54 m² (0,09 meter diep en 0,06 meter breed)",Gelegen op het zuidoosten bereikbaar via achterom,Vrijstaande houten berging,Op eigen terrein,2.605,43%,€ 6.504,SWK Garantiecertificaat,,,,,,,,,,,,,,,,,,,,,510071.7242146147,True,-90571.72421461472,90571.72421461472
https://www.funda.nl/detail/koop/almere/huis-kamerlingh-onnesstraat-39/89778845/,Kamerlingh Onnesstraat,39.0,1341 BX,Almere,Nobelhorst West,1050000.0,€ 4.907,Beschikbaar,"Villa, vrijstaande woning",Bestaande bouw,2019,,Schilddak bedekt met pannen,,214 m²,9 m²,10 m²,,429 m²,820 m³,6 kamers (5 slaapkamers),2 badkamers,"2 douches, dubbele wastafel, ligbad, toilet, wastafelmeubel, en wastafel",3 woonlagen,Elektra,A++,Volledig geïsoleerd,Gehele vloerverwarming en warmtepomp,Elektrische boiler,429 m²,Volle eigendom,"Aan rustige weg, in bosrijke omgeving en in woonwijk",Tuin rondom,,,Aangebouwde stenen berging,Openbaar parkeren,2.425,65%,€ 4.472,,,,,,,,,,,,,,,,,,,,,,1024526.0272608056,True,25473.972739194403,25473.972739194403
https://www.funda.nl/detail/koop/almere/huis-wimpelplantsoen-203/89721882/,Wimpelplantsoen,203.0,1319 ED,Almere,Noorderplassen W.-Oost,525000.0,€ 5.585,Beschikbaar,"Eengezinswoning, tussenwoning",Bestaande bouw,2018,,,,94 m²,,,6 m²,103 m²,334 m³,4 kamers (3 slaapkamers),1 badkamer en 1 apart toilet,"Inloopdouche, toilet, en wastafel",2 woonlagen,,A+,,,,103 m²,,,Achtertuin,,,Vrijstaande houten berging,Openbaar parkeren,2.265,56%,€ 4.310,,,,,,,,,,,,,,,,,,,,,,477202.2316285144,True,47797.76837148558,47797.76837148558
https://www.funda.nl/detail/koop/almere/huis-royale-tussenwoning-bouwnr-16/89970584/,royale tussenwoning (Bouwnr. 16),,1362 JG,Almere,Europakwartier Oost (brt),677020.0,€ 4.368,Beschikbaar,"Eengezinswoning, tussenwoning",Nieuwbouw,2024,,,,155 m²,,,,83 m²,662 m³,5 kamers (3 slaapkamers),,,3 woonlagen,,Niet beschikbaar,,,,83 m²,,,,,,,,2.27,44%,€ 4.829,,,,,,,,,,,,,,,,,,,,,,680365.5651928213,True,-3345.565192821319,3345.565192821319
https://www.funda.nl/detail/koop/almere/huis-kapitein-de-langestraat-168/89607272/,Kapitein de Langestraat,168.0,1318 DR,Almere,Verzetswijk Oost,395000.0,€ 4.293,Beschikbaar,"Eengezinswoning, eindwoning",Bestaande bouw,1994,,Zadeldak bedekt met pannen,,92 m²,,,7 m²,135 m²,326 m³,5 kamers (3 slaapkamers),1 badkamer en 1 apart toilet,"Inloopdouche, toilet, en wastafelmeubel",2 woonlagen en een zolder,Elektra,A,Volledig geïsoleerd,Stadsverwarming,Stadsverwarming,135 m²,Volle eigendom,Aan rustige weg en in woonwijk,Achtertuin en voortuin,"55 m² (11,00 meter diep en 5,00 meter breed)",Gelegen op het noordoosten bereikbaar via achterom,Vrijstaande houten berging,Openbaar parkeren,2.06,42%,€ 3.893,,,,,,,,,,,,,,,,,,,,,,396036.95121739217,True,-1036.9512173921685,1036.9512173921685
https://www.funda.nl/detail/koop/almere/huis-luxemburgstraat-89/43351641/,Luxemburgstraat,89.0,1363 BK,Almere,Europakwartier W.-Noord,525000.0,€ 4.646,Onder bod,"Eengezinswoning, tussenwoning",Bestaande bouw,2009,Gedeeltelijk gestoffeerd,Plat dak bedekt met bitumineuze dakbedekking,,113 m²,,40 m²,20 m²,120 m²,402 m³,4 kamers (3 slaapkamers),1 badkamer en 1 apart toilet,"Douche, ligbad, toilet, wastafel, en wastafelmeubel",2 woonlagen,Elektra,A,Volledig geïsoleerd,Stadsverwarming,Stadsverwarming,120 m²,Volle eigendom,Aan rustige weg en in woonwijk,Zonneterras,,,Inpandig,Op eigen terrein,2.515,33%,€ 5.126,Energie Prestatie Advies,,Aangebouwde stenen garage,1 auto,,,Dakterras aanwezig,,,,,,,,,,,,,,,501316.26002272835,False,23683.739977271645,23683.739977271645
https://www.funda.nl/detail/koop/almere/huis-3-laagse-tussenwoning-bouwnr-31/43225011/,3-Laagse tussenwoning (Bouwnr. 31),,1362 LK,Almere,Olympiakwartier Oost (brt),535000.0,€ 4.820,Verkocht onder voorbehoud,"Eengezinswoning, tussenwoning",Nieuwbouw,Na 2020,,Plat dak,,111 m²,,,,88 m²,403 m³,5 kamers (4 slaapkamers),1 badkamer en 1 apart toilet,"Douche, toilet, en wastafel",3 woonlagen,Elektra,A+++,Geen isolatie,Stadsverwarming,Stadsverwarming,88 m²,,In woonwijk,Achtertuin,,,Vrijstaande houten berging,Openbaar parkeren,125.0,,,Woningborg Garantiecertificaat,,,,,,,,,,,,,,,,,,,,,539397.6332660245,True,-4397.633266024524,4397.633266024524
https://www.funda.nl/detail/koop/almere/huis-de-vlet-hoekwoning-bouwnr-311/43155623/,De Vlet - Hoekwoning (Bouwnr. 311),,1349 NC,Almere,Oosterwold Zuid,389000.0,€ 6.825,Onder optie,"Eengezinswoning, hoekwoning",Nieuwbouw,2025,,Plat dak,,57 m²,,,4 m²,149 m²,148 m³,3 kamers (2 slaapkamers),1 badkamer en 1 apart toilet,Douche en wastafel,2 woonlagen,Zonnepanelen,A++++,HR-glas en volledig geïsoleerd,Gehele vloerverwarming en warmtepomp,,149 m²,,"Aan rustige weg, in woonwijk, landelijk gelegen en vrij uitzicht",Achtertuin,,,Vrijstaande houten berging,Openbaar parkeren,3.53,40%,€ 5.670,,,,,,,,,,,,,,,,,,,,,,383009.85718450544,True,5990.142815494561,5990.142815494561
https://www.funda.nl/detail/koop/almere/huis-rougestraat-3/43309988/,Rougestraat,3.0,1339 AJ,Almere,Regenboogbuurt West,650000.0,€ 3.988,Onder bod,"Eengezinswoning, 2-onder-1-kapwoning",Bestaande bouw,1996,,Plat dak bedekt met bitumineuze dakbedekking,,163 m²,15 m²,,7 m²,295 m²,592 m³,6 kamers (5 slaapkamers),1 badkamer en 1 apart toilet,"Inloopdouche, toilet, en wastafelmeubel",3 woonlagen,Elektra,B,Geen isolatie,"Cv-ketel, gedeeltelijke vloerverwarming en warmtepomp",Cv-ketel,295 m²,Volle eigendom,Aan rustige weg en in woonwijk,"Achtertuin, voortuin en zijtuin","96 m² (8,00 meter diep en 12,00 meter breed)",Gelegen op het noordwesten bereikbaar via achterom,Vrijstaande houten berging,Openbaar parkeren,1.81,46%,€ 3.710,,"Combi (gas gestookt combiketel uit 2024, eigendom)",Inpandig,1 auto,,,,,,,,,,,,,,,,,,653066.2677212429,True,-3066.2677212428534,3066.2677212428534
https://www.funda.nl/detail/koop/almere/huis-albert-michelsonstraat-6/43375328/,Albert Michelsonstraat,6.0,1341 BL,Almere,Nobelhorst West,750000.0,€ 4.902,Verkocht onder voorbehoud,"Eengezinswoning, 2-onder-1-kapwoning",Bestaande bouw,2016,,Zadeldak bedekt met pannen,,153 m²,7 m²,20 m²,,212 m²,566 m³,6 kamers (4 slaapkamers),1 badkamer en 1 apart toilet,"Inloopdouche, toilet, vloerverwarming, en wastafelmeubel",3 woonlagen,Elektra,A,Geen isolatie,Cv-ketel,Cv-ketel,212 m²,Volle eigendom,,"Achtertuin, voortuin en zijtuin","81 m² (9,00 meter diep en 9,00 meter breed)",Gelegen op het noordwesten bereikbaar via achterom,Aangebouwde stenen berging,Op eigen terrein en openbaar parkeren,2.425,65%,€ 4.472,,"Intergas (gas gestookt combiketel uit 2016, eigendom)",,,,,,,,,,,,,,,,,,,,689124.6886793821,True,60875.31132061791,60875.31132061791
https://www.funda.nl/detail/koop/almere/huis-guadeloupestraat-7/89733491/,Guadeloupestraat,7.0,1339 MA,Almere,Eilandenbuurt Oost,650000.0,€ 4.194,Beschikbaar,"Eengezinswoning, vrijstaande woning",Bestaande bouw,2001,,Plat dak bedekt met bitumineuze dakbedekking,,155 m²,,,21 m²,257 m²,574 m³,6 kamers (4 slaapkamers),1 badkamer en 1 apart toilet,"Douche, ligbad, en wastafelmeubel",3 woonlagen,Elektrische deur en elektra,A+,Volledig geïsoleerd,"Cv-ketel, pelletkachel en gedeeltelijke vloerverwarming",Cv-ketel,257 m²,Volle eigendom,"Aan rustige weg, beschutte ligging en in woonwijk",Achtertuin en zijtuin,"56 m² (8,24 meter diep en 6,75 meter breed)",Gelegen op het zuiden,,Op eigen terrein en openbaar parkeren,1.475,41%,€ 3.838,,"Intergas compakt hre (gas gestookt combiketel uit 2018, eigendom)",Vrijstaande houten garage,1 auto,,,,,,,,,,,,,,,,,,709271.0114395767,True,-59271.011439576745,59271.011439576745
https://www.funda.nl/detail/koop/almere/huis-3-laagse-tussenwoning-bouwnr-5/43225036/,3-Laagse tussenwoning (Bouwnr. 5),,1362 LK,Almere,Olympiakwartier Oost (brt),535000.0,€ 4.820,Verkocht onder voorbehoud,"Eengezinswoning, tussenwoning",Nieuwbouw,Na 2020,,Plat dak,,111 m²,,,,95 m²,403 m³,5 kamers (4 slaapkamers),1 badkamer en 1 apart toilet,"Douche, toilet, en wastafel",3 woonlagen,Elektra,A+++,Geen isolatie,Stadsverwarming,Stadsverwarming,95 m²,,In woonwijk,Achtertuin,,,Vrijstaande houten berging,Openbaar parkeren,125.0,,,Woningborg Garantiecertificaat,,,,,,,,,,,,,,,,,,,,,539397.6332660245,True,-4397.633266024524,4397.633266024524
https://www.funda.nl/detail/koop/almere/huis-tussenwoning-bouwnr-15/89679596/,Tussenwoning (Bouwnr. 15),,1361 BS,Almere,Duin Zuid,775000.0,€ 5.065,Verkocht onder voorbehoud,"Eengezinswoning, tussenwoning",Nieuwbouw,2026,,,,153 m²,,45 m²,5 m²,159 m²,397 m³,5 kamers (4 slaapkamers),1 badkamer en 1 apart toilet,,3 woonlagen,Elektra,A++,,Stadsverwarming,,159 m²,,,,,,Aangebouwde houten berging,Op eigen terrein,2.055,30%,€ 5.624,,,,,,,,,,,,,,,,,,,,,,780152.2767959993,True,-5152.276795999263,5152.276795999263
https://www.funda.nl/detail/koop/almere/huis-hultense-bos-10-4/43304682/,Hultense Bos 10,4.0,1358 GG,Almere,Overgooi (brt),850000.0,€ 4.250,Beschikbaar,"Eengezinswoning, vrijstaande woning",Nieuwbouw,2026,,,,200 m²,,,,612 m²,1.000 m³,5 kamers (4 slaapkamers),1 badkamer en 1 apart toilet,"Douche, inloopdouche, ligbad, en toilet",2 woonlagen,,A+++++,,,,612 m²,Volle eigendom,"Aan vaarwater, aan water en open ligging",Tuin rondom,,,,Op eigen terrein,720.0,46%,€ 5.136,,,,,,,,,,,,,,,,,,,,,,1182502.340773894,True,-332502.340773894,332502.340773894
https://www.funda.nl/detail/koop/almere/huis-henry-fondastraat-15/43399051/,Henry Fondastraat,15.0,1325 HK,Almere,Filmwijk Bouwrai Zuid,520000.0,€ 3.377,Beschikbaar,"Eengezinswoning, tussenwoning",Bestaande bouw,1991,,Samengesteld dak bedekt met bitumineuze dakbedekking,,154 m²,,21 m²,,153 m²,532 m³,5 kamers (4 slaapkamers),1 badkamer,"Douche, ligbad, toilet, wastafel, en wastafelmeubel",3 woonlagen,"Glasvezelkabel, mechanische ventilatie, en TV kabel",A,Volledig geïsoleerd,Stadsverwarming,Stadsverwarming,153 m²,Volle eigendom,Aan rustige weg en in woonwijk,Achtertuin en voortuin,"52 m² (5,50 meter diep en 9,50 meter breed)",Gelegen op het noordoosten bereikbaar via achterom,,Op eigen terrein,1.535,30%,€ 4.162,,,,,,,Dakterras aanwezig,,,,,,,,,,,,,,,504893.79608404293,True,15106.20391595707,15106.20391595707
https://www.funda.nl/detail/koop/almere/huis-noord-macedoniestraat-17/43111274/,Noord-Macedoniëstraat,17.0,1362 KG,Almere,Europakwartier Oost (brt),698000.0,€ 4.592,Verkocht onder voorbehoud,"Eengezinswoning, tussenwoning",Bestaande bouw,Na 2020,,Plat dak,,152 m²,,,6 m²,129 m²,562 m³,5 kamers (4 slaapkamers),1 badkamer en 1 apart toilet,"Douche, toilet, en wastafel",3 woonlagen,Glasvezelkabel en zonnepanelen,A+++,Volledig geïsoleerd,Stadsverwarming en gehele vloerverwarming,Stadsverwarming,129 m² (deelperceel),Volle eigendom,In woonwijk,Achtertuin,,,Vrijstaande houten berging,Openbaar parkeren,2.27,44%,€ 4.829,SWK Garantiecertificaat,,,,,,,,,,,,,,,,,,,,,674504.2252172002,True,23495.774782799766,23495.774782799766
https://www.funda.nl/detail/koop/almere/huis-wim-schuhmacherhof-8/89761940/,Wim Schuhmacherhof,8.0,1328 GK,Almere,Tussen de Vaarten Z.- Noordoost,698000.0,€ 5.022,Beschikbaar,"Villa, vrijstaande woning",Bestaande bouw,2001,,Samengesteld dak bedekt met pannen,,139 m²,17 m²,,,357 m²,563 m³,4 kamers (3 slaapkamers),1 badkamer en 1 apart toilet,"Inloopdouche, ligbad, toilet, wastafel, wastafelmeubel, en whirlpool",2 woonlagen en een vliering,Elektra en verwarming,A+,Volledig geïsoleerd,Open haard en stadsverwarming,Stadsverwarming,357 m²,Volle eigendom,Aan rustige weg en in woonwijk,"Achtertuin, tuin rondom, voortuin en zijtuin",,,,Op eigen terrein en openbaar parkeren,2.16,50%,€ 3.809,,,Inpandig,1 auto,,,,,,,,,,,,,,,,,,725982.0615401577,True,-27982.06154015765,27982.06154015765
https://www.funda.nl/detail/koop/almere/huis-isaac-newtonstraat-60/43309103/,Isaac Newtonstraat,60.0,1349 DT,Almere,Oosterwold Noord,550000.0,€ 6.044,Beschikbaar,"Bungalow, tussenwoning",Bestaande bouw,2021,,Plat dak bedekt met bitumineuze dakbedekking,,91 m²,,,12 m²,402 m²,345 m³,3 kamers (2 slaapkamers),1 badkamer en 1 apart toilet,"Inloopdouche, vloerverwarming, en wastafelmeubel",1 woonlaag,Elektra,A++,Volledig geïsoleerd,Gehele vloerverwarming en warmtepomp,Doorstroomboiler,402 m²,,Aan rustige weg en in woonwijk,Achtertuin en voortuin,"240 m² (30,00 meter diep en 8,00 meter breed)",Gelegen op het zuidoosten bereikbaar via achterom,Vrijstaande houten berging,Op eigen terrein en openbaar parkeren,2.605,43%,€ 6.504,,,,,,Toegankelijk voor ouderen,,,,,,,,,,,,,,,,577381.8559196006,True,-27381.85591960058,27381.85591960058
https://www.funda.nl/detail/koop/almere/huis-kolkgriend-146/43327042/,Kolkgriend,146.0,1356 BL,Almere,Kolkgriend en Oostgriend,359500.0,€ 3.866,Beschikbaar,"Eengezinswoning, tussenwoning",Bestaande bouw,1980,Gedeeltelijk gestoffeerd,Plat dak bedekt met bitumineuze dakbedekking,,93 m²,,,7 m²,146 m²,309 m³,4 kamers (3 slaapkamers),1 badkamer en 1 apart toilet,"Douche, toilet, en wastafel",2 woonlagen,Elektra,B,Geen isolatie,Cv-ketel,Cv-ketel,146 m²,Volle eigendom,In woonwijk,Achtertuin en voortuin,"10,00 meter diep en 6,40 meter breed",Gelegen op het zuidoosten bereikbaar via achterom,Vrijstaande stenen berging,Openbaar parkeren,880.0,37%,€ 3.814,,"Nefit (gas gestookt combiketel uit 2020, eigendom)",,,,,,,,,,,,,,,,,,,,356191.65824277647,False,3308.341757223534,3308.341757223534
https://www.funda.nl/detail/koop/almere/huis-tussenwoning-bouwnr-3/89569044/,Tussenwoning (Bouwnr. 3),,1361 BS,Almere,Duin Zuid,780000.0,€ 5.098,Onder optie,"Eengezinswoning, tussenwoning",Nieuwbouw,2026,,,,153 m²,,24 m²,5 m²,132 m²,398 m³,5 kamers (4 slaapkamers),1 badkamer en 1 apart toilet,,3 woonlagen,Balansventilatie en zonnepanelen,A++,,Stadsverwarming,,132 m²,,Aan bosrand,,,,Aangebouwde houten berging,Op eigen terrein,2.055,30%,€ 5.624,Woningborg Garantiecertificaat,,,,,,,,,,,,,,,,,,,,,796031.7832411219,False,-16031.783241121913,16031.783241121913
https://www.funda.nl/detail/koop/almere/huis-gerard-philipestraat-21/43384791/,Gérard Philipestraat,21.0,1325 LL,Almere,Filmwijk Midden,750000.0,€ 3.676,Beschikbaar,"Eengezinswoning, vrijstaande woning",Bestaande bouw,1992,,Samengesteld dak bedekt met bitumineuze dakbedekking en pannen,,204 m²,8 m²,,,479 m²,600 m³,8 kamers (3 slaapkamers),2 badkamers en 1 apart toilet,"2 douches, 2 toiletten, vloerverwarming, wastafelmeubel, dubbele wastafel, en ligbad",2 woonlagen en een zolder,Elektra,A,"Dakisolatie, dubbel glas, muurisolatie en vloerisolatie","Houtkachel, stadsverwarming en gedeeltelijke vloerverwarming",Stadsverwarming,479 m²,Volle eigendom,"Aan vaarwater, aan water en in woonwijk",Tuin rondom,,,Aangebouwde stenen berging,Op eigen terrein en openbaar parkeren,1.95,48%,€ 4.045,,,,,,,,,,,,,,,,,,,,,,944726.4179938062,True,-194726.4179938062,194726.4179938062
https://www.funda.nl/detail/koop/almere/huis-tuinderswerf-59/43300343/,Tuinderswerf,59.0,1355 AW,Almere,Rozenwerf en Tuinderswerf,389000.0,€ 4.228,Onder bod,"Eengezinswoning, geschakelde woning (kwadrant woning)",Bestaande bouw,2017,,Samengesteld dak,,92 m²,6 m²,1 m²,,87 m²,360 m³,4 kamers (3 slaapkamers),1 badkamer en 1 apart toilet,"Douche, dubbele wastafel, toilet, en wastafelmeubel",2 woonlagen en een zolder,Elektra,A,Volledig geïsoleerd,Cv-ketel,Cv-ketel,87 m²,Volle eigendom,"Aan bosrand, aan rustige weg, beschutte ligging, in bosrijke omgeving en in woonwijk",Voortuin en zijtuin,,Gelegen op het zuidwesten,Aangebouwde houten berging,Openbaar parkeren,575.0,35%,€ 4.226,,"Gas gestookt combiketel uit 2017, eigendom",,,,,,,,,,"30 m² (10,00 meter diep en 3,00 meter breed)",,,,,,,,,,426026.4819108369,True,-37026.48191083688,37026.48191083688
https://www.funda.nl/detail/koop/almere/huis-isaac-newtonstraat-95/43389730/,Isaac Newtonstraat,95.0,1349 DT,Almere,Oosterwold Noord,535000.0,€ 6.524,Verkocht onder voorbehoud,"Bungalow, tussenwoning",Bestaande bouw,2021,,,,82 m²,,,9 m²,250 m²,289 m³,3 kamers (2 slaapkamers),1 badkamer,Douche en dubbele wastafel,1 woonlaag,,A+++,,,,250 m²,Volle eigendom,,Achtertuin en voortuin,"240 m² (30,00 meter diep en 8,00 meter breed)",Gelegen op het noordwesten bereikbaar via achterom,Vrijstaande houten berging,,2.605,43%,€ 6.504,,,Parkeerplaats,,,,,,,,,,,,,,,,,,,504967.35512874415,True,30032.64487125585,30032.64487125585
https://www.funda.nl/detail/koop/almere/huis-tapirstraat-8/89712862/,Tapirstraat,8.0,1338 JN,Almere,Faunabuurt Zuidoost,460000.0,€ 3.622,Verkocht onder voorbehoud,"Eengezinswoning, tussenwoning",Bestaande bouw,1993,,Plat dak bedekt met bitumineuze dakbedekking,,127 m²,,27 m²,7 m²,140 m²,447 m³,5 kamers (4 slaapkamers),1 badkamer en 1 apart toilet,,3 woonlagen,Elektra,A,HR-glas en volledig geïsoleerd,Cv-ketel,Cv-ketel,140 m²,Volle eigendom,,Achtertuin,,,Aangebouwde stenen berging,Openbaar parkeren,1.06,56%,,,"Remeha Tzerra Ace Matic 35c cw5 (gas gestookt combiketel uit 2025, eigendom)",,,,,,,,,,,,,,,,,,,,495800.8052235121,True,-35800.805223512114,35800.805223512114
https://www.funda.nl/detail/koop/almere/huis-vlissingenstraat-8/43325493/,Vlissingenstraat,8.0,1324 TG,Almere,Stedenwijk Midden-west,400000.0,€ 3.922,Beschikbaar,"Eengezinswoning, tussenwoning",Bestaande bouw,1982,,,,102 m²,,,8 m²,168 m²,371 m³,4 kamers (3 slaapkamers),,,2 woonlagen,Glasvezelkabel en mechanische ventilatie,A,,Stadsverwarming,Stadsverwarming,168 m²,,Aan rustige weg en in centrum,Achtertuin,"13,00 meter diep en 6,00 meter breed",Gelegen op het oosten bereikbaar via achterom,,Openbaar parkeren,1.885,37%,€ 3.818,,,Vrijstaande stenen garage,1 auto,,,,,,,,,,,,,,,,,,409702.0820662511,True,-9702.082066251081,9702.082066251081
https://www.funda.nl/detail/koop/almere/huis-hans-lodeizenstraat-54/43319240/,Hans Lodeizenstraat,54.0,1321 SH,Almere,Literatuurwijk Midden-west,600000.0,€ 4.054,Beschikbaar,"Eengezinswoning, geschakelde woning",Bestaande bouw,2001,,Plat dak bedekt met bitumineuze dakbedekking,,148 m²,,8 m²,9 m²,219 m²,489 m³,6 kamers (4 slaapkamers),1 badkamer en 1 apart toilet,"Douche, ligbad, toilet, en wastafelmeubel",2 woonlagen,Elektra,A++,Volledig geïsoleerd,Stadsverwarming,Stadsverwarming,219 m²,Volle eigendom,In woonwijk,Achtertuin en voortuin,"68 m² (9,00 meter diep en 7,50 meter breed)",Gelegen op het noordwesten bereikbaar via achterom,Vrijstaande houten berging,Op eigen terrein en openbaar parkeren,2.055,48%,€ 4.120,,,,,,,,,,,,,,,,,,,,,,584225.7783253086,True,15774.22167469142,15774.22167469142
https://www.funda.nl/detail/koop/almere/huis-matkoplaan-7/89786734/,Matkoplaan,7.0,1343 EA,Almere,Vogelhorst Noord,1575000.0,€ 5.748,Beschikbaar,"Villa, vrijstaande woning",Bestaande bouw,2025,,Schilddak bedekt met riet,,274 m²,16 m²,36 m²,,856 m²,1.091 m³,11 kamers (6 slaapkamers),2 badkamers en 1 apart toilet,"Douche, dubbele wastafel, 2 inloopdouches, ligbad, vloerverwarming, en wastafelmeubel",3 woonlagen,Elektra,A+++,Dakisolatie en muurisolatie,Gehele vloerverwarming en warmtepomp,,856 m²,Volle eigendom,In woonwijk,Tuin rondom,,,,Op eigen terrein,565.0,29%,€ 5.158,,,Aangebouwde stenen garage,1 auto,,,,,,,,,,,,,,,,,,1267475.0335313133,True,307524.9664686867,307524.9664686867
https://www.funda.nl/detail/koop/almere/huis-gilles-de-geusstraat-29/43246608/,Gilles de Geusstraat,29.0,1336 LA,Almere,Stripheldenbuurt Midden- oost,425000.0,€ 3.829,Verkocht onder voorbehoud,"Eengezinswoning, tussenwoning",Bestaande bouw,2006,Gedeeltelijk gestoffeerd,Zadeldak bedekt met pannen,,111 m²,,,14 m²,139 m²,393 m³,4 kamers (2 slaapkamers),1 badkamer en 1 apart toilet,"Inloopdouche, ligbad, toilet, wastafel, en wastafelmeubel",3 woonlagen,Elektra,A+,Geen isolatie,Cv-ketel,Cv-ketel,139 m²,Volle eigendom,In woonwijk,Achtertuin en voortuin,"82 m² (14,00 meter diep en 5,85 meter breed)",Gelegen op het noordoosten bereikbaar via achterom,Vrijstaande houten berging,Openbaar parkeren,1.275,50%,€ 3.921,,"Intergas Kompakt HR (gas gestookt combiketel uit 2006, eigendom)",,,,,,,,,,,,,,,,,,,,480575.4410714768,True,-55575.44107147679,55575.44107147679
https://www.funda.nl/detail/koop/almere/huis-laan-der-voc-224/89614064/,Laan der V.O.C.,224.0,1335 RX,Almere,Oostvaardersbuurt West,499000.0,€ 3.158,Beschikbaar,"Eengezinswoning, tussenwoning",Bestaande bouw,2003,,Plat dak bedekt met bitumineuze dakbedekking,,158 m²,,,4 m²,99 m²,519 m³,5 kamers (4 slaapkamers),2 badkamers,"Douche, 2 toiletten, inloopdouche, en wastafel",4 woonlagen,Glasvezelkabel en mechanische ventilatie,A,Dubbel glas en volledig geïsoleerd,Cv-ketel,Cv-ketel,99 m²,Volle eigendom,Aan rustige weg en in woonwijk,Achtertuin en voortuin,"30 m² (5,00 meter diep en 6,00 meter breed)",Gelegen op het zuidoosten,,Openbaar parkeren,2.465,50%,€ 3.859,,"Gas gestookt uit 2024, eigendom",,,,,,,,,,,,,,,,,,,,540498.998922256,True,-41498.998922256054,41498.998922256054
https://www.funda.nl/detail/koop/almere/huis-4-laagse-hoekwoning-bouwnr-17/43225049/,4-Laagse hoekwoning (Bouwnr. 17),,1362 LK,Almere,Olympiakwartier Oost (brt),625000.0,€ 4.883,Verkocht onder voorbehoud,"Eengezinswoning, hoekwoning",Nieuwbouw,Na 2020,,Plat dak,,128 m²,,,,95 m²,468 m³,6 kamers (4 slaapkamers),1 badkamer en 1 apart toilet,"Douche, toilet, en wastafel",4 woonlagen,Elektra,A++,Geen isolatie,Stadsverwarming,Stadsverwarming,95 m²,,In woonwijk,Achtertuin,,,Vrijstaande houten berging,Openbaar parkeren,125.0,,,Woningborg Garantiecertificaat,,,,,,,,,,,,,,,,,,,,,594839.3304334083,False,30160.669566591736,30160.669566591736
https://www.funda.nl/detail/koop/almere/huis-razeil-34/43396898/,Razeil,34.0,1319 EA,Almere,Noorderplassen W.-West,625000.0,€ 4.281,Onder bod,"Eengezinswoning, geschakelde woning",Bestaande bouw,2008,,Zadeldak bedekt met pannen,,146 m²,,10 m²,7 m²,138 m²,544 m³,5 kamers (4 slaapkamers),1 badkamer en 1 apart toilet,"Inloopdouche, ligbad, toilet, en wastafelmeubel",3 woonlagen,Elektra,A+,Dubbel glas,Stadsverwarming,Stadsverwarming,138 m² (deelperceel),Volle eigendom,In bosrijke omgeving en in woonwijk,Achtertuin,,,Vrijstaande houten berging,Openbaar parkeren,1.62,71%,€ 4.496,,,,,,,,,,€ 85 per maand,,,,,,,,,,,,631570.269697433,True,-6570.269697432988,6570.269697432988
https://www.funda.nl/detail/koop/almere/huis-3-laagse-hoekwoning-bouwnr-84/43225095/,3-Laagse hoekwoning (Bouwnr. 84),,1362 LK,Almere,Olympiakwartier Oost (brt),570000.0,€ 4.831,Verkocht onder voorbehoud,"Eengezinswoning, hoekwoning",Nieuwbouw,Na 2020,,Plat dak,,118 m²,,,,,427 m³,5 kamers (4 slaapkamers),1 badkamer en 1 apart toilet,"Douche, toilet, en wastafel",3 woonlagen,Elektra,A++,Geen isolatie,Stadsverwarming,Stadsverwarming,,,In woonwijk,Achtertuin,,,Vrijstaande houten berging,Openbaar parkeren,125.0,,,Woningborg Garantiecertificaat,,,,,,,,,,,,,,,,,,,,,571915.0648241105,True,-1915.064824110479,1915.064824110479
https://www.funda.nl/detail/koop/almere/huis-melanie-kleinpad-21/43371338/,Melanie Kleinpad,21.0,1349 MB,Almere,Oosterwold Noord,439000.0,€ 5.046,Verkocht onder voorbehoud,"Eengezinswoning, tussenwoning",Bestaande bouw,2025,,Plat dak bedekt met bitumineuze dakbedekking,,87 m²,,,6 m²,128 m²,307 m³,4 kamers (3 slaapkamers),1 badkamer en 1 apart toilet,"Douche, toilet, en wastafel",2 woonlagen,Elektra,A++++,Geen isolatie,Gehele vloerverwarming en warmtepomp,Elektrische boiler,1 m²,Volle eigendom,In woonwijk,Achtertuin en voortuin,"64 m² (12,00 meter diep en 5,30 meter breed)",Gelegen op het zuidwesten bereikbaar via achterom,Vrijstaande houten berging,Op eigen terrein en openbaar parkeren,2.605,43%,€ 6.504,,,Parkeerplaats,,,,,,,,,,,,,,,,,,,503192.1292827471,True,-64192.129282747104,64192.129282747104
https://www.funda.nl/detail/koop/almere/huis-3-laagse-tussenwoning-bouwnr-93/43225008/,3-Laagse tussenwoning (Bouwnr. 93),,1362 LK,Almere,Olympiakwartier Oost (brt),595000.0,€ 4.722,Verkocht onder voorbehoud,"Eengezinswoning, tussenwoning",Nieuwbouw,Na 2020,,Plat dak,,126 m²,,,,102 m²,451 m³,5 kamers (4 slaapkamers),1 badkamer en 1 apart toilet,"Douche, toilet, en wastafel",3 woonlagen,Elektra,A+++,Geen isolatie,Stadsverwarming,Stadsverwarming,102 m²,,In woonwijk,Achtertuin,,,Vrijstaande houten berging,Openbaar parkeren,125.0,,,Woningborg Garantiecertificaat,,,,,,,,,,,,,,,,,,,,,594122.0694973768,True,877.9305026232032,877.9305026232032
https://www.funda.nl/detail/koop/almere/huis-michael-faradaystraat-82/89772830/,Michael Faradaystraat,82.0,1349 LJ,Almere,Oosterwold Noord,515000.0,€ 5.920,Beschikbaar,"Eengezinswoning, tussenwoning",Bestaande bouw,2022,,Plat dak bedekt met bitumineuze dakbedekking,,87 m²,,,5 m²,884 m²,308 m³,4 kamers (3 slaapkamers),1 badkamer en 1 apart toilet,"Inloopdouche, toilet, en wastafel",2 woonlagen,"Buitenzonwering, glasvezelkabel, mechanische ventilatie, TV kabel, en zonnepanelen",A++++,Volledig geïsoleerd,Gehele vloerverwarming en warmtepomp,Elektrische boiler,884 m²,Volle eigendom,"Aan rustige weg, in woonwijk en vrij uitzicht",Achtertuin en voortuin,"404 m² (10,22 meter diep en 39,52 meter breed)",Gelegen op het zuidwesten,Vrijstaande houten berging,Op eigen terrein en openbaar parkeren,2.605,43%,€ 6.504,,,,,,,,,,,,,,,,,,,,,,526403.9544445862,True,-11403.954444586183,11403.954444586183
https://www.funda.nl/detail/koop/almere/huis-godfried-bomansstraat-16/89777740/,Godfried Bomansstraat,16.0,1321 BG,Almere,Literatuurwijk Midden-oost,675000.0,€ 4.245,Beschikbaar,"Eengezinswoning, 2-onder-1-kapwoning",Bestaande bouw,1998,Gestoffeerd,Samengesteld dak bedekt met kunststof,,159 m²,,,10 m²,245 m²,531 m³,5 kamers (4 slaapkamers),1 badkamer en 1 apart toilet,"Douche, toilet, en wastafelmeubel",3 woonlagen,Elektra,A,"Dubbel glas, muurisolatie en volledig geïsoleerd",Stadsverwarming,Stadsverwarming,245 m²,Volle eigendom,"Aan park, aan rustige weg, in woonwijk, open ligging en vrij uitzicht",Achtertuin en voortuin,"85 m² (8,76 meter diep en 9,72 meter breed)",Gelegen op het noordwesten bereikbaar via achterom,Vrijstaande houten berging,Op eigen terrein en openbaar parkeren,1.825,57%,€ 4.073,Brandveiligheid en Energie Prestatie Advies,,,,,,,,,,,,,,,,,,,,,672785.5323122384,True,2214.467687761644,2214.467687761644
https://www.funda.nl/detail/koop/almere/huis-john-bardeenstraat-16/43303583/,John Bardeenstraat,16.0,1341 DS,Almere,Nobelhorst Oost,950000.0,€ 5.307,Beschikbaar,"Villa, vrijstaande woning",Bestaande bouw,2025,,Dwarskap bedekt met pannen,,179 m²,,26 m²,,247 m²,700 m³,5 kamers (4 slaapkamers),2 badkamers en 1 apart toilet,"2 inloopdouches, 2 toiletten, vloerverwarming, 2 wastafelmeubels, en ligbad",3 woonlagen,"Glasvezelkabel, mechanische ventilatie, en schuifpui",A++,Volledig geïsoleerd,Gedeeltelijke vloerverwarming en warmtepomp,Elektrische boiler,247 m²,Volle eigendom,,"Achtertuin, voortuin en zijtuin","63 m² (5,50 meter diep en 11,50 meter breed)",Gelegen op het noordoosten bereikbaar via achterom,,Op eigen terrein en openbaar parkeren,1.97,67%,€ 4.786,,,Carport en parkeerplaats,,,,,,,,,,,,,,,,,,,933634.0116702786,True,16365.988329721382,16365.988329721382
https://www.funda.nl/detail/koop/almere/huis-3-laagse-hoekwoning-bouwnr-100/43225097/,3-Laagse hoekwoning (Bouwnr. 100),,1362 LK,Almere,Olympiakwartier Oost (brt),605000.0,€ 4.802,Verkocht onder voorbehoud,"Eengezinswoning, hoekwoning",Nieuwbouw,Na 2020,,Plat dak,,126 m²,,,,,451 m³,5 kamers (4 slaapkamers),1 badkamer en 1 apart toilet,"Douche, toilet, en wastafel",3 woonlagen,Elektra,A++,Geen isolatie,Stadsverwarming,Stadsverwarming,,,In woonwijk,Achtertuin,,,Vrijstaande houten berging,Openbaar parkeren,125.0,,,Woningborg Garantiecertificaat,,,,,,,,,,,,,,,,,,,,,601162.6163017844,True,3837.3836982155917,3837.3836982155917
https://www.funda.nl/detail/koop/almere/huis-matho-tongastraat-11/89649472/,Matho Tongastraat,11.0,1336 GN,Almere,Stripheldenbuurt Midden- west,450000.0,€ 4.128,Beschikbaar,"Eengezinswoning, tussenwoning",Bestaande bouw,2004,,Zadeldak bedekt met pannen,,109 m²,,,14 m²,144 m²,388 m³,5 kamers (4 slaapkamers),1 badkamer,"Douche, toilet, wastafel, en wastafelmeubel",3 woonlagen,Elektra,A,HR-glas en volledig geïsoleerd,Cv-ketel,Cv-ketel,144 m²,Volle eigendom,Aan rustige weg en in woonwijk,Achtertuin en voortuin,"75 m² (15,00 meter diep en 5,00 meter breed)",Gelegen op het noordoosten bereikbaar via achterom,Vrijstaande houten berging,Openbaar parkeren,1.46,55%,€ 3.969,,"Neft HRC24Smartline (2004, eigendom)",,,€ 455.000 kosten koper,,,,,,,,,,,,,,,,,427570.9325793893,True,22429.067420610692,22429.067420610692
https://www.funda.nl/detail/koop/almere/huis-beltmolenstraat-4/43384947/,Beltmolenstraat,4.0,1333 AB,Almere,Molenbuurt West,390000.0,€ 3.645,Beschikbaar,"Eengezinswoning, tussenwoning",Bestaande bouw,1984,,Zadeldak bedekt met pannen,,107 m²,,,7 m²,123 m²,367 m³,5 kamers (4 slaapkamers),1 badkamer en 1 apart toilet,"Douche, toilet, en wastafelmeubel",3 woonlagen,Elektra,A,Geen isolatie,Cv-ketel,Cv-ketel,123 m²,,"Aan rustige weg, in woonwijk en open ligging",Achtertuin en voortuin,"57 m² (10,50 meter diep en 5,40 meter breed)",Gelegen op het zuidwesten bereikbaar via achterom,Vrijstaande houten berging,Openbaar parkeren,1.775,52%,,,"Intergas hre (gas gestookt combiketel uit 2016, eigendom)",,,,,,,,,,,,,,,,,,,,401118.2017078469,True,-11118.201707846893,11118.201707846893
https://www.funda.nl/detail/koop/almere/huis-de-vlet-hoekwoning-bouwnr-324/43155624/,De Vlet - Hoekwoning (Bouwnr. 324),,1349 NC,Almere,Oosterwold Zuid,389000.0,€ 6.825,Verkocht onder voorbehoud,"Eengezinswoning, hoekwoning",Nieuwbouw,2025,,Plat dak,,57 m²,,,4 m²,149 m²,148 m³,3 kamers (2 slaapkamers),1 badkamer en 1 apart toilet,Douche en wastafel,2 woonlagen,Zonnepanelen,A++++,HR-glas en volledig geïsoleerd,Gehele vloerverwarming en warmtepomp,,149 m²,,"Aan rustige weg, in woonwijk, landelijk gelegen en vrij uitzicht",Achtertuin,,,Vrijstaande houten berging,Openbaar parkeren,3.53,40%,€ 5.670,,,,,,,,,,,,,,,,,,,,,,383009.85718450544,True,5990.142815494561,5990.142815494561
https://www.funda.nl/detail/koop/almere/huis-sinaasappelstraat-1/89786829/,Sinaasappelstraat,1.0,1326 GN,Almere,Parkwijk Zuidwest,825000.0,€ 4.911,Beschikbaar,"Villa, vrijstaande woning",Bestaande bouw,1998,,Tentdak bedekt met pannen,,168 m²,,18 m²,23 m²,490 m²,634 m³,6 kamers (4 slaapkamers),2 badkamers en 1 apart toilet,"2 douches, dubbele wastafel, 2 toiletten, wastafelmeubel, en wastafel",3 woonlagen,Elektra,A,Dubbel glas,Stadsverwarming en gedeeltelijke vloerverwarming,Stadsverwarming,490 m²,Volle eigendom,"Aan park, aan rustige weg, in woonwijk en vrij uitzicht",Achtertuin en voortuin,"0,15 meter diep en 0,17 meter breed",Gelegen op het zuidoosten,Vrijstaande houten berging,Op eigen terrein en openbaar parkeren,590.0,40%,,,,"Niet aanwezig, wel mogelijk",,,,,,,,,,,,,,,,,,,815733.8820192273,True,9266.117980772746,9266.117980772746
https://www.funda.nl/detail/koop/almere/huis-overgouw-37/89729370/,Overgouw,37.0,1351 KD,Almere,Kromgouw en Overgouw,430000.0,€ 3.386,Verkocht onder voorbehoud,"Eengezinswoning, eindwoning",Bestaande bouw,1981,Gedeeltelijk gestoffeerd,Zadeldak bedekt met pannen,,127 m²,,1 m²,20 m²,211 m²,450 m³,6 kamers (4 slaapkamers),1 badkamer en 1 apart toilet,"Inloopdouche, toilet, wastafel, en wastafelmeubel",3 woonlagen,Elektra,C,"Dakisolatie, muurisolatie en vloerisolatie",Cv-ketel,Cv-ketel,211 m²,Volle eigendom,"Aan rustige weg, in bosrijke omgeving en in centrum",Achtertuin en voortuin,,,Vrijstaande stenen berging,Op eigen terrein en openbaar parkeren,535.0,37%,,Energie Prestatie Advies,"Gas gestookt combiketel, eigendom",,,,,,,,,,,,,,,,,,,,469765.08242055523,True,-39765.082420555234,39765.082420555234
https://www.funda.nl/detail/koop/almere/huis-kiekendieflaan-16/89601870/,Kiekendieflaan,16.0,1343 BG,Almere,Vogelhorst Zuid,950000.0,€ 5.307,Beschikbaar,"Eengezinswoning, 2-onder-1-kapwoning",Bestaande bouw,1997,,Samengesteld dak bedekt met bitumineuze dakbedekking en pannen,,179 m²,10 m²,14 m²,9 m²,654 m²,667 m³,6 kamers (4 slaapkamers),2 badkamers en 2 aparte toiletten,2 inloopdouches en 2 wastafelmeubels,2 woonlagen en een zolder,"Buitenzonwering, mechanische ventilatie, natuurlijke ventilatie, en TV kabel",B,"Dakisolatie, dubbel glas, muurisolatie en vloerisolatie",Cv-ketel en gedeeltelijke vloerverwarming,Cv-ketel,1 m² (deelperceel),Mandelig,"Aan bosrand, aan park, aan rustige weg, beschutte ligging, in bosrijke omgeving en in woonwijk","Achtertuin, voortuin, zijtuin en zonneterras","396 m² (22,00 meter diep en 18,00 meter breed)",Gelegen op het zuidoosten bereikbaar via achterom,Vrijstaande houten berging,Op eigen terrein en openbaar parkeren,1.06,44%,€ 5.650,,"Intergas (gas gestookt combiketel uit 2015, eigendom)",,,,,Dakterras aanwezig en balkon aanwezig,,,,,,,,,,,,,,,861314.3178193065,True,88685.68218069349,88685.68218069349
https://www.funda.nl/detail/koop/almere/huis-sperwer-bouwnr-35/43132939/,Sperwer (Bouwnr. 35),,1358 EL,Almere,Overgooi (brt),1100000.0,€ 5.584,Onder optie,"Villa, vrijstaande woning",Nieuwbouw,Na 2020,,,,197 m²,,,,1.512 m²,741 m³,1 kamer,,,1 woonlaag,Zonnepanelen,Niet beschikbaar,Volledig geïsoleerd,,,1.512 m²,,"Aan bosrand, aan rustige weg, in bosrijke omgeving, landelijk gelegen, open ligging en vrij uitzicht",,,,,Op eigen terrein,720.0,46%,€ 5.136,,,Parkeerplaats,,,,,,,,,,,,,,,,,,,1150030.0301381077,True,-50030.030138107715,50030.030138107715
https://www.funda.nl/detail/koop/almere/huis-esdoornplantsoen-32/89729633/,Esdoornplantsoen,32.0,1326 BX,Almere,Parkwijk Noordoost,640000.0,€ 3.478,Verkocht onder voorbehoud,"Eengezinswoning, geschakelde woning",Bestaande bouw,1995,,Lessenaardak bedekt met pannen,,184 m²,,,11 m²,231 m²,623 m³,8 kamers (7 slaapkamers),1 badkamer en 2 aparte toiletten,"Dubbele wastafel, inloopdouche, vloerverwarming, en wastafelmeubel",3 woonlagen en een vliering,Elektra,A,Dubbel glas en volledig geïsoleerd,Stadsverwarming en gehele vloerverwarming,Stadsverwarming,231 m²,Volle eigendom,Aan rustige weg en in woonwijk,Achtertuin en voortuin,"87 m² (9,90 meter diep en 8,77 meter breed)",Gelegen op het zuidoosten bereikbaar via achterom,Vrijstaande houten berging,Openbaar parkeren,1.875,47%,€ 3.881,,,,,,,,,,,,,,,,,,,,,,682532.9291760424,True,-42532.92917604244,42532.92917604244
https://www.funda.nl/detail/koop/almere/huis-4-laagse-tussenwoning-bouwnr-22/43225048/,4-Laagse tussenwoning (Bouwnr. 22),,1362 LK,Almere,Olympiakwartier Oost (brt),595000.0,€ 4.648,Onder optie,"Eengezinswoning, tussenwoning",Nieuwbouw,Na 2020,,Plat dak,,128 m²,,,,,468 m³,6 kamers (4 slaapkamers),1 badkamer en 1 apart toilet,"Douche, toilet, en wastafel",4 woonlagen,Elektra,A++,Geen isolatie,Stadsverwarming,Stadsverwarming,,,In woonwijk,Achtertuin,,,Vrijstaande houten berging,Openbaar parkeren,125.0,,,Woningborg Garantiecertificaat,,,,,,,,,,,,,,,,,,,,,582538.1337148505,True,12461.866285149474,12461.866285149474
https://www.funda.nl/detail/koop/almere/huis-mondriaanweg-5/43393963/,Mondriaanweg,5.0,1328 ER,Almere,Tussen de Vaarten Z.- Noordoost,500000.0,€ 4.202,Beschikbaar,"Eengezinswoning, hoekwoning",Bestaande bouw,2001,,Samengesteld dak bedekt met bitumineuze dakbedekking en pannen,,119 m²,,,18 m²,184 m²,422 m³,4 kamers (3 slaapkamers),1 badkamer en 1 apart toilet,"Inloopdouche, toilet, vloerverwarming, en wastafelmeubel",3 woonlagen,Elektrische deur en elektra,A,Dubbel glas en volledig geïsoleerd,Stadsverwarming,Stadsverwarming,184 m²,Volle eigendom,Aan rustige weg en in woonwijk,"Achtertuin, voortuin en zijtuin","65 m² (10,00 meter diep en 6,50 meter breed)",Gelegen op het noordoosten bereikbaar via achterom,,Openbaar parkeren,2.16,50%,€ 3.809,,,Vrijstaande stenen garage,1 auto,,,,,,,,,,,,,,,,,,472590.4185620972,True,27409.581437902816,27409.581437902816
https://www.funda.nl/detail/koop/almere/huis-herenhuis-bouwnr-15/89460274/,Herenhuis (Bouwnr. 15),,1362 JT,Almere,Europakwartier Oost (brt),648276.0,€ 4.874,Beschikbaar,"Herenhuis, tussenwoning",Nieuwbouw,2026,,,,133 m²,,,6 m²,120 m²,346 m³,5 kamers (4 slaapkamers),1 badkamer en 1 apart toilet,,3 woonlagen,Zonnepanelen,A+++,,,,120 m²,,,,,,Vrijstaande houten berging,Openbaar parkeren,2.27,44%,€ 4.829,Woningborg Garantiecertificaat,,,,,,,,,,,,,,,,,,,,,624424.4559160536,True,23851.544083946384,23851.544083946384
https://www.funda.nl/detail/koop/almere/huis-cyclopenstraat-10/89671843/,Cyclopenstraat,10.0,1363 TD,Almere,Homeruskwartier Noord,1050000.0,€ 5.250,Beschikbaar,"Villa, vrijstaande woning",Bestaande bouw,2010,Gestoffeerd,Zadeldak bedekt met pannen,,200 m²,21 m²,,,605 m²,496 m³,5 kamers (4 slaapkamers),1 badkamer en 1 apart toilet,"Douche, dubbele wastafel, toilet, en zitbad",3 woonlagen,Elektra en stromend water,A,Dubbel glas en volledig geïsoleerd,Stadsverwarming,Stadsverwarming,605 m²,Volle eigendom,Aan rustige weg en in woonwijk,Tuin rondom,,,Aangebouwde stenen berging,Op eigen terrein,1.53,56%,€ 4.380,,,,,,,,,,,,,,,,,,,,,,945318.8056932921,True,104681.19430670794,104681.19430670794
https://www.funda.nl/detail/koop/almere/huis-henry-david-thoreaustraat-18/89519911/,Henry David Thoreaustraat,18.0,1349 HG,Almere,Oosterwold Noord,1380000.0,€ 5.412,Beschikbaar,"Villa, vrijstaande woning",Bestaande bouw,2023,,,,255 m²,,,,2.505 m²,902 m³,7 kamers (6 slaapkamers),3 badkamers en 2 aparte toiletten,"2 douches, 2 toiletten, 3 wastafelmeubels, inloopdouche, ligbad, en vloerverwarming",3 woonlagen,"Glasvezelkabel, mechanische ventilatie, en zonnepanelen",A+++,HR-glas en volledig geïsoleerd,Gehele vloerverwarming en warmtepomp,Elektrische boiler,2.505 m²,Volle eigendom,"Aan rustige weg, in woonwijk, landelijk gelegen en open ligging",Tuin rondom,,,Vrijstaand kunststof,Op eigen terrein,2.605,43%,€ 6.504,,,,,,,,,,,,,,,,,,,,,,1435755.6822811707,False,-55755.68228117074,55755.68228117074
https://www.funda.nl/detail/koop/almere/huis-goudplevierweg-5/43170360/,Goudplevierweg,5.0,1349 CC,Almere,Oosterwold Zuid,1250000.0,€ 3.592,Beschikbaar,"Villa, vrijstaande woning",Bestaande bouw,1990,,Samengesteld dak bedekt met pannen,,348 m²,58 m²,,,2.005 m²,1.443 m³,7 kamers (5 slaapkamers),2 badkamers en 2 aparte toiletten,"Bidet, 2 douches, dubbele wastafel, toilet, 2 wastafelmeubels, ligbad, en wastafel",3 woonlagen,,C,,Cv-ketel,Cv-ketel,2.005 m²,Volle eigendom,"Aan rustige weg, in woonwijk, landelijk gelegen en open ligging",Tuin rondom,,,,Op eigen terrein,3.53,40%,€ 5.670,,"2022, eigendom",Inpandig,2 auto's,,,,,,,,,,,,,,,,,,1481687.0184498115,True,-231687.0184498115,231687.0184498115
https://www.funda.nl/detail/koop/almere/huis-azorenweg-37/89728552/,Azorenweg,37.0,1339 VJ,Almere,Eilandenbuurt West,560000.0,€ 3.457,Beschikbaar,"Eengezinswoning, tussenwoning",Bestaande bouw,2003,,Plat dak bedekt met bitumineuze dakbedekking,,162 m²,,2 m²,12 m²,152 m²,490 m³,5 kamers (4 slaapkamers),1 badkamer en 1 apart toilet,"Douche, ligbad, toilet, en wastafel",2 woonlagen en een zolder,Elektra,A+,"Dakisolatie, dubbel glas, HR-glas, muurisolatie, vloerisolatie en volledig geïsoleerd",Cv-ketel en gedeeltelijke vloerverwarming,Cv-ketel,152 m²,Volle eigendom,Aan rustige weg en in woonwijk,Achtertuin en voortuin,"69 m² (12,45 meter diep en 5,52 meter breed)",Gelegen op het noordwesten bereikbaar via achterom,Vrijstaande houten berging,Openbaar parkeren,1.78,56%,€ 3.864,,"ATAG (gas gestookt combiketel uit 2018, eigendom)",,,,,,,,,,,,,,,,,,,,565458.7225240287,True,-5458.722524028737,5458.722524028737
https://www.funda.nl/detail/koop/almere/huis-vasalisstraat-34/89719373/,Vasalisstraat,34.0,1321 PA,Almere,Literatuurwijk Midden-west,550000.0,€ 4.074,Beschikbaar,"Eengezinswoning, hoekwoning",Bestaande bouw,,Gestoffeerd,Zadeldak bedekt met pannen,,135 m²,,1 m²,9 m²,200 m²,478 m³,6 kamers (5 slaapkamers),1 badkamer en 1 apart toilet,"Douche, ligbad, toilet, en wastafel",3 woonlagen,Elektra,A,Volledig geïsoleerd,Stadsverwarming,Stadsverwarming,200 m²,Volle eigendom,Aan rustige weg en vrij uitzicht,Achtertuin en voortuin,"46 m² (7,49 meter diep en 6,08 meter breed)",,Aangebouwde stenen berging,Openbaar parkeren,2.055,48%,€ 4.120,,,,,,,,,,,,,,,,2001-2010,,,,,,550136.2809765495,True,-136.28097654948942,136.28097654948942
https://www.funda.nl/detail/koop/almere/huis-3-laagse-hoekwoning-bouwnr-13/43225081/,3-Laagse hoekwoning (Bouwnr. 13),,1362 LK,Almere,Olympiakwartier Oost (brt),570000.0,€ 4.831,Verkocht onder voorbehoud,"Eengezinswoning, hoekwoning",Nieuwbouw,Na 2020,,Plat dak,,118 m²,,,,,427 m³,5 kamers (4 slaapkamers),1 badkamer en 1 apart toilet,"Douche, toilet, en wastafel",3 woonlagen,Elektra,A+++,Geen isolatie,Stadsverwarming,Stadsverwarming,,,In woonwijk,Achtertuin,,,Vrijstaande houten berging,Openbaar parkeren,125.0,,,Woningborg Garantiecertificaat,,,,,,,,,,,,,,,,,,,,,576812.4086326472,True,-6812.408632647246,6812.408632647246
https://www.funda.nl/detail/koop/almere/huis-hja-hovens-grevestraat-9/89722438/,H.J.A. Hovens Grevestraat,9.0,1333 KX,Almere,Bouwmeesterbuurt Noord,409000.0,€ 4.010,Verkocht onder voorbehoud,"Eengezinswoning, tussenwoning",Bestaande bouw,1986,Gedeeltelijk gestoffeerd,Zadeldak bedekt met pannen,,102 m²,,,7 m²,171 m²,352 m³,5 kamers (4 slaapkamers),1 badkamer en 1 apart toilet,"Ligbad, toilet, en wastafel",3 woonlagen,"Glasvezelkabel, mechanische ventilatie, en natuurlijke ventilatie",C,Geen isolatie,Cv-ketel,Cv-ketel,171 m²,Volle eigendom,"Aan rustige weg, beschutte ligging en in woonwijk",Achtertuin,"72 m² (12,00 meter diep en 6,00 meter breed)",Gelegen op het zuidwesten bereikbaar via achterom,Vrijstaande houten berging,Openbaar parkeren,1.825,42%,€ 3.823,,"Remeha Tzerra Ace 39c (gas gestookt uit 2023, eigendom)",,,€ 409 kosten koper,,,,,,,,,,,,,,,,,389157.8332110332,True,19842.166788966802,19842.166788966802
https://www.funda.nl/detail/koop/almere/huis-a-vondelingstraat-38/43230794/,A. Vondelingstraat,38.0,1314 NC,Almere,Staatsliedenwijk Midden,400000.0,€ 3.922,Verkocht onder voorbehoud,"Eengezinswoning, tussenwoning",Bestaande bouw,1987,,Zadeldak bedekt met pannen,,102 m²,,,6 m²,110 m²,353 m³,5 kamers (4 slaapkamers),1 badkamer en 1 apart toilet,"Douche, toilet, en wastafelmeubel",3 woonlagen,Elektra,A,Dubbel glas,Stadsverwarming,Stadsverwarming,110 m²,Volle eigendom,In woonwijk,Achtertuin en voortuin,"56 m² (9,89 meter diep en 5,68 meter breed)",Gelegen op het zuiden bereikbaar via achterom,Vrijstaande houten berging,Betaald parkeren en openbaar parkeren,835.0,37%,,,,,,,,,,,,,,,,,,,,,,,401279.9980188984,True,-1279.998018898419,1279.998018898419
https://www.funda.nl/detail/koop/almere/huis-anzarstraat-7/43361280/,Anzarstraat,7.0,1363 RK,Almere,Homeruskwartier Oost,850000.0,€ 5.312,Verkocht onder voorbehoud,"Eengezinswoning, vrijstaande woning",Bestaande bouw,2019,Gedeeltelijk gestoffeerd,Plat dak bedekt met bitumineuze dakbedekking,,160 m²,,1 m²,7 m²,386 m²,590 m³,5 kamers (4 slaapkamers),1 badkamer en 1 apart toilet,"Dubbele wastafel, inloopdouche, toilet, vloerverwarming, en wastafelmeubel",2 woonlagen,Elektra,A+,Geen isolatie,Stadsverwarming en gedeeltelijke vloerverwarming,Elektrische boiler en stadsverwarming,386 m²,Volle eigendom,,"Achtertuin, tuin rondom, voortuin en zijtuin","139 m² (13,00 meter diep en 10,70 meter breed)",Gelegen op het noordwesten bereikbaar via achterom,Vrijstaande houten berging,Op eigen terrein en openbaar parkeren,1.46,65%,€ 4.427,Energie Prestatie Advies,,,,,,,,,,,,,,,,,,,,,855751.3709759946,True,-5751.370975994621,5751.370975994621
https://www.funda.nl/detail/koop/almere/huis-maandagstraat-44/43384892/,Maandagstraat,44.0,1335 LG,Almere,Seizoenenbuurt Noord,490000.0,€ 4.118,Verkocht onder voorbehoud,"Eengezinswoning, eindwoning",Bestaande bouw,2001,,Samengesteld dak bedekt met bitumineuze dakbedekking en pannen,,119 m²,16 m²,27 m²,5 m²,200 m²,493 m³,5 kamers (2 slaapkamers),1 badkamer en 1 apart toilet,"Douche, toilet, en wastafel",3 woonlagen,"Elektra, verwarming en stromend water",A,Muurisolatie en vloerisolatie,Cv-ketel,Cv-ketel,200 m²,Volle eigendom,"Aan bosrand, aan rustige weg, in bosrijke omgeving en vrij uitzicht",Achtertuin en voortuin,"91 m² (15,43 meter diep en 5,90 meter breed)",Gelegen op het noordwesten bereikbaar via achterom,Vrijstaande houten berging,Op eigen terrein en openbaar parkeren,1.0,45%,€ 4.133,,Combiketel,Inpandig,1 auto,,,Dakterras aanwezig,,,,,,,,,,,,,,,513668.8079346844,True,-23668.807934684388,23668.807934684388
https://www.funda.nl/detail/koop/almere/huis-groevenbeekstraat-18/89731975/,Groevenbeekstraat,18.0,1333 XK,Almere,Landgoederenbuurt Oost,435000.0,€ 3.850,Onder bod,"Eengezinswoning, tussenwoning",Bestaande bouw,1992,,Zadeldak bedekt met pannen,,113 m²,,7 m²,,136 m²,340 m³,5 kamers (4 slaapkamers),1 badkamer en 1 apart toilet,Douche en wastafelmeubel,3 woonlagen en een zolder,"Dakraam, glasvezelkabel, mechanische ventilatie, schuifpui, en TV kabel",A,Volledig geïsoleerd,Cv-ketel,Cv-ketel,136 m²,Volle eigendom,"Aan rustige weg, beschutte ligging en in woonwijk",Achtertuin,"59 m² (11,00 meter diep en 5,40 meter breed)",Gelegen op het zuidwesten bereikbaar via achterom,Vrijstaande houten berging,Openbaar parkeren,1.35,51%,,,"Remeha Avanta 28c (gas gestookt combiketel uit 2008, eigendom)",,,,,,,,,,,,,,,,,,,,440326.9861262801,False,-5326.986126280099,5326.986126280099
https://www.funda.nl/detail/koop/almere/huis-duke-ellingtonstraat-4/89691478/,Duke Ellingtonstraat,4.0,1311 SE,Almere,Muziekwijk N.-Zuidoost,420000.0,€ 4.242,Verkocht onder voorbehoud,"Eengezinswoning, tussenwoning",Bestaande bouw,1989,,Samengesteld dak,,99 m²,6 m²,47 m²,2 m²,147 m²,372 m³,3 kamers (2 slaapkamers),1 apart toilet,,2 woonlagen,,B,"Dakisolatie, dubbel glas en muurisolatie",Stadsverwarming,,147 m²,Volle eigendom,Aan rustige weg en in woonwijk,Achtertuin en voortuin,"49 m² (8,00 meter diep en 7,00 meter breed)",Gelegen op het zuidwesten bereikbaar via achterom,,,1.915,34%,€ 4.472,,,,,,,,,,,,,,,,,,,,,,401510.22843705607,False,18489.771562943934,18489.771562943934
https://www.funda.nl/detail/koop/almere/huis-de-vlet-hoekwoning-bouwnr-325/43277489/,De Vlet - Hoekwoning (Bouwnr. 325),,1349 NC,Almere,Oosterwold Zuid,399000.0,€ 7.000,Verkocht onder voorbehoud,"Eengezinswoning, hoekwoning",Nieuwbouw,2026,,Plat dak,,57 m²,,,4 m²,167 m²,148 m³,3 kamers (2 slaapkamers),1 badkamer en 1 apart toilet,Douche en wastafel,2 woonlagen,Zonnepanelen,A++++,Volledig geïsoleerd,,,167 m²,,"Aan rustige weg, in woonwijk, landelijk gelegen en vrij uitzicht",Achtertuin,,,Vrijstaande houten berging,Openbaar parkeren,3.53,40%,€ 5.670,,,,,,,,,,,,,,,,,,,,,,384453.4008903966,True,14546.599109603383,14546.599109603383
https://www.funda.nl/detail/koop/almere/huis-rataplanstraat-22/89762564/,Rataplanstraat,22.0,1336 ML,Almere,Stripheldenbuurt Zuid,450000.0,€ 4.286,Onder bod,"Eengezinswoning, tussenwoning (waterwoning)",Bestaande bouw,2007,,Plat dak bedekt met bitumineuze dakbedekking,,105 m²,,,,133 m²,389 m³,4 kamers (3 slaapkamers),1 badkamer en 1 apart toilet,"Inloopdouche, toilet, en wastafelmeubel",2 woonlagen,Elektra,A,"Dakisolatie, dubbel glas, muurisolatie, vloerisolatie en volledig geïsoleerd",Cv-ketel,Cv-ketel,133 m²,Volle eigendom,Aan vaarwater en in woonwijk,Achtertuin en voortuin,"35 m² (6,00 meter diep en 5,89 meter breed)",Gelegen op het noordoosten bereikbaar via achterom,Inpandig,Op eigen terrein en openbaar parkeren,1.335,57%,€ 3.957,,"Intergas (gas gestookt combiketel uit 2007, eigendom)",,,,,,,,,,,,,,,,,,,,451677.8280224409,False,-1677.8280224408954,1677.8280224408954
https://www.funda.nl/detail/koop/almere/huis-agatha-christiestraat-7/43310358/,Agatha Christiestraat,7.0,1349 NH,Almere,Oosterwold Zuid,691500.0,€ 7.516,Beschikbaar,"Bungalow, vrijstaande woning",Bestaande bouw,Na 2020,,Plat dak,,92 m²,,,4 m²,397 m²,276 m³,4 kamers (3 slaapkamers),1 badkamer en 1 apart toilet,Douche en toilet,1 woonlaag,"Glasvezelkabel, mechanische ventilatie, en zonnepanelen",A++++,Volledig geïsoleerd,,,397 m²,Volle eigendom,"Aan park, in woonwijk en vrij uitzicht",Tuin rondom,,,Vrijstaande houten berging,Op eigen terrein,3.53,40%,€ 5.670,Woningborg Garantiecertificaat,,,,,,,,,€ 70 per maand,,,,,,,,,,,,696886.1784185383,True,-5386.1784185383,5386.1784185383
